parameterId,parameterSet,parameterName,codePath,currentValue,unitSI,sourceClass,claimClass,roleClass,originalSource,sourceLocation,originalValueUnit,conversion,xv15PublicValue,xv15DifferencePercent,optimizable,lowerBound,upperBound,sensitivityIncluded,finalModel,manualReview,note
PAR-0001,PARAMS_NOMINAL_GENERIC_BASELINE,env.rho,"params_nominal.env.rho",1.225,kg/m^3,ASSUMED_MODEL_PARAMETER,GENERIC_ASSUMED,ANALYSIS_GUARD,params_nominal.m and repository audit history,"code declaration; no direct aircraft provenance",1.225 kg/m^3,none (current code value),"",NaN,0,,,0,1,1,"Generic conceptual-model value without verified aircraft provenance."
PAR-0002,PARAMS_NOMINAL_GENERIC_BASELINE,env.g,"params_nominal.env.g",9.80665,m/s^2,ASSUMED_MODEL_PARAMETER,GENERIC_ASSUMED,ANALYSIS_GUARD,params_nominal.m and repository audit history,"code declaration; no direct aircraft provenance",9.80665 m/s^2,none (current code value),"",NaN,0,,,0,1,1,"Generic conceptual-model value without verified aircraft provenance."
PAR-0003,PARAMS_NOMINAL_GENERIC_BASELINE,mass.m,"params_nominal.mass.m",6000,kg,ASSUMED_MODEL_PARAMETER,XV15_LIKE_UNVERIFIED,MASS,params_nominal.m and repository audit history,"code declaration; no direct aircraft provenance",6000 kg,none (current code value),"=5896.70081",1.75181331609734,0,,,0,1,1,"Generic conceptual-model value without verified aircraft provenance. A public XV-15 comparison exists, but the current value is not historically traced to that source."
PAR-0004,PARAMS_NOMINAL_GENERIC_BASELINE,mass.mNac,"params_nominal.mass.mNac",900,kg,ASSUMED_MODEL_PARAMETER,GENERIC_ASSUMED,MASS,params_nominal.m and repository audit history,"code declaration; no direct aircraft provenance",900 kg,none (current code value),"",NaN,0,,,0,1,1,"Generic conceptual-model value without verified aircraft provenance."
PAR-0005,PARAMS_NOMINAL_GENERIC_BASELINE,mass.RH_mass,"params_nominal.mass.RH_mass",0.75,kg,ASSUMED_MODEL_PARAMETER,GENERIC_ASSUMED,MASS,params_nominal.m and repository audit history,"code declaration; no direct aircraft provenance",0.75 kg,none (current code value),"",NaN,0,,,0,1,1,"Generic conceptual-model value without verified aircraft provenance."
PAR-0006,PARAMS_NOMINAL_GENERIC_BASELINE,mass.RH,"params_nominal.mass.RH",0.75,kg,DERIVED,GENERIC_ASSUMED,MASS,params_nominal.m and repository audit history,"code declaration; no direct aircraft provenance",0.75 kg,none (current code value),"",NaN,0,,,0,1,1,"Derived from declared generic assumptions in params_nominal.m."
PAR-0007,PARAMS_NOMINAL_GENERIC_BASELINE,mass.I0,"params_nominal.mass.I0",[18000 0 -800;0 30000 0;-800 0 45000],kg m^2,ASSUMED_MODEL_PARAMETER,XV15_LIKE_UNVERIFIED,MASS,params_nominal.m and repository audit history,"code declaration; no direct aircraft provenance",[18000 0 -800;0 30000 0;-800 0 45000] kg m^2,none (current code value),"(1,1)=57486.6810093; (2,2)=19388.1966611; (3,3)=67112.9884424",51.3810765607932,0,,,0,1,1,"Generic conceptual-model value without verified aircraft provenance. A public XV-15 comparison exists, but the current value is not historically traced to that source."
PAR-0008,PARAMS_NOMINAL_GENERIC_BASELINE,mass.KI,"params_nominal.mass.KI",[300 0 0;0 500 0;0 0 400],kg m^2,ASSUMED_MODEL_PARAMETER,XV15_LIKE_UNVERIFIED,MASS,params_nominal.m and repository audit history,"code declaration; no direct aircraft provenance",[300 0 0;0 500 0;0 0 400] kg m^2,none (current code value),"(1,1)=1639.96697591; (2,2)=949.454565002; (3,3)=-690.512410911",88.5106176696215,0,,,0,1,1,"Generic conceptual-model value without verified aircraft provenance. A public XV-15 comparison exists, but the current value is not historically traced to that source."
PAR-0009,PARAMS_NOMINAL_GENERIC_BASELINE,rotor.R,"params_nominal.rotor.R",3.8,m,ASSUMED_MODEL_PARAMETER,XV15_LIKE_UNVERIFIED,ROTOR_AERO,params_nominal.m and repository audit history,"code declaration; no direct aircraft provenance",3.8 m,none (current code value),"=3.81",0.262467191601056,0,,,0,1,1,"Generic conceptual-model value without verified aircraft provenance. A public XV-15 comparison exists, but the current value is not historically traced to that source."
PAR-0010,PARAMS_NOMINAL_GENERIC_BASELINE,rotor.Nb,"params_nominal.rotor.Nb",3,1,ASSUMED_MODEL_PARAMETER,XV15_LIKE_UNVERIFIED,ROTOR_AERO,params_nominal.m and repository audit history,"code declaration; no direct aircraft provenance",3 1,none (current code value),"=3",0,0,,,0,1,1,"Generic conceptual-model value without verified aircraft provenance. A public XV-15 comparison exists, but the current value is not historically traced to that source."
PAR-0011,PARAMS_NOMINAL_GENERIC_BASELINE,rotor.Omega,"params_nominal.rotor.Omega",62,rad/s,ASSUMED_MODEL_PARAMETER,XV15_LIKE_UNVERIFIED,ROTOR_AERO,params_nominal.m and repository audit history,"code declaration; no direct aircraft provenance",62 rad/s,none (current code value),"=59.1666616426",4.78874129236295,0,,,0,1,1,"Generic conceptual-model value without verified aircraft provenance. A public XV-15 comparison exists, but the current value is not historically traced to that source."
PAR-0012,PARAMS_NOMINAL_GENERIC_BASELINE,rotor.chord,"params_nominal.rotor.chord",0.38,m,ASSUMED_MODEL_PARAMETER,XV15_LIKE_UNVERIFIED,ROTOR_AERO,params_nominal.m and repository audit history,"code declaration; no direct aircraft provenance",0.38 m,none (current code value),"=0.3556",6.86164229471317,0,,,0,1,1,"Generic conceptual-model value without verified aircraft provenance. A public XV-15 comparison exists, but the current value is not historically traced to that source."
PAR-0013,PARAMS_NOMINAL_GENERIC_BASELINE,rotor.rootCut,"params_nominal.rotor.rootCut",0.18,1,ASSUMED_MODEL_PARAMETER,GENERIC_ASSUMED,ROTOR_AERO,params_nominal.m and repository audit history,"code declaration; no direct aircraft provenance",0.18 1,none (current code value),"",NaN,0,,,0,1,1,"Generic conceptual-model value without verified aircraft provenance."
PAR-0014,PARAMS_NOMINAL_GENERIC_BASELINE,rotor.twistTip,"params_nominal.rotor.twistTip",-0.10471975512,rad,ASSUMED_MODEL_PARAMETER,XV15_LIKE_UNVERIFIED,ROTOR_AERO,params_nominal.m and repository audit history,"code declaration; no direct aircraft provenance",-0.10471975512 rad,none (current code value),"=-0.785398163397",86.6666666666667,0,,,0,1,1,"Generic conceptual-model value without verified aircraft provenance. A public XV-15 comparison exists, but the current value is not historically traced to that source."
PAR-0015,PARAMS_NOMINAL_GENERIC_BASELINE,rotor.liftSlope,"params_nominal.rotor.liftSlope",5.7,1,ASSUMED_MODEL_PARAMETER,GENERIC_ASSUMED,ROTOR_AERO,params_nominal.m and repository audit history,"code declaration; no direct aircraft provenance",5.7 1,none (current code value),"",NaN,0,,,0,1,1,"Generic conceptual-model value without verified aircraft provenance."
PAR-0016,PARAMS_NOMINAL_GENERIC_BASELINE,rotor.CLmax,"params_nominal.rotor.CLmax",1.35,1,ASSUMED_MODEL_PARAMETER,GENERIC_ASSUMED,ROTOR_AERO,params_nominal.m and repository audit history,"code declaration; no direct aircraft provenance",1.35 1,none (current code value),"",NaN,0,,,0,1,1,"Generic conceptual-model value without verified aircraft provenance."
PAR-0017,PARAMS_NOMINAL_GENERIC_BASELINE,rotor.CD0,"params_nominal.rotor.CD0",0.011,1,ASSUMED_MODEL_PARAMETER,GENERIC_ASSUMED,ROTOR_AERO,params_nominal.m and repository audit history,"code declaration; no direct aircraft provenance",0.011 1,none (current code value),"",NaN,0,,,0,1,1,"Generic conceptual-model value without verified aircraft provenance."
PAR-0018,PARAMS_NOMINAL_GENERIC_BASELINE,rotor.kCD,"params_nominal.rotor.kCD",0.012,1,ASSUMED_MODEL_PARAMETER,GENERIC_ASSUMED,ROTOR_AERO,params_nominal.m and repository audit history,"code declaration; no direct aircraft provenance",0.012 1,none (current code value),"",NaN,0,,,0,1,1,"Generic conceptual-model value without verified aircraft provenance."
PAR-0019,PARAMS_NOMINAL_GENERIC_BASELINE,rotor.pivotX,"params_nominal.rotor.pivotX",0,m,ASSUMED_MODEL_PARAMETER,GENERIC_ASSUMED,ROTOR_AERO,params_nominal.m and repository audit history,"code declaration; no direct aircraft provenance",0 m,none (current code value),"",NaN,1,-0.5,+0.5,1,1,1,"Generic conceptual-model value without verified aircraft provenance."
PAR-0020,PARAMS_NOMINAL_GENERIC_BASELINE,rotor.pivotY,"params_nominal.rotor.pivotY",5,m,ASSUMED_MODEL_PARAMETER,XV15_LIKE_UNVERIFIED,ROTOR_AERO,params_nominal.m and repository audit history,"code declaration; no direct aircraft provenance",5 m,none (current code value),"=4.902708",1.98445430566127,0,,,0,1,1,"Generic conceptual-model value without verified aircraft provenance. A public XV-15 comparison exists, but the current value is not historically traced to that source."
PAR-0021,PARAMS_NOMINAL_GENERIC_BASELINE,rotor.pivotZ,"params_nominal.rotor.pivotZ",0,m,ASSUMED_MODEL_PARAMETER,GENERIC_ASSUMED,ROTOR_AERO,params_nominal.m and repository audit history,"code declaration; no direct aircraft provenance",0 m,none (current code value),"",NaN,1,-0.6,+0.6,1,1,1,"Generic conceptual-model value without verified aircraft provenance."
PAR-0022,PARAMS_NOMINAL_GENERIC_BASELINE,rotor.RH_hub,"params_nominal.rotor.RH_hub",0.75,m,ASSUMED_MODEL_PARAMETER,GENERIC_ASSUMED,ROTOR_AERO,params_nominal.m and repository audit history,"code declaration; no direct aircraft provenance",0.75 m,none (current code value),"",NaN,0,,,0,1,1,"Generic conceptual-model value without verified aircraft provenance."
PAR-0023,PARAMS_NOMINAL_GENERIC_BASELINE,rotor.nRadial,"params_nominal.rotor.nRadial",12,m,ASSUMED_MODEL_PARAMETER,NUMERICAL_ONLY,ANALYSIS_GUARD,params_nominal.m and repository audit history,"code declaration; no direct aircraft provenance",12 m,none (current code value),"",NaN,0,,,0,1,0,"Numerical method, discretization, tolerance, or analysis guard."
PAR-0024,PARAMS_NOMINAL_GENERIC_BASELINE,rotor.nAzimuth,"params_nominal.rotor.nAzimuth",16,1,ASSUMED_MODEL_PARAMETER,NUMERICAL_ONLY,ANALYSIS_GUARD,params_nominal.m and repository audit history,"code declaration; no direct aircraft provenance",16 1,none (current code value),"",NaN,0,,,0,1,0,"Numerical method, discretization, tolerance, or analysis guard."
PAR-0025,PARAMS_NOMINAL_GENERIC_BASELINE,rotor.inducedMaxIter,"params_nominal.rotor.inducedMaxIter",20,1,ASSUMED_MODEL_PARAMETER,NUMERICAL_ONLY,ANALYSIS_GUARD,params_nominal.m and repository audit history,"code declaration; no direct aircraft provenance",20 1,none (current code value),"",NaN,0,,,0,1,0,"Numerical method, discretization, tolerance, or analysis guard."
PAR-0026,PARAMS_NOMINAL_GENERIC_BASELINE,rotor.inducedRelax,"params_nominal.rotor.inducedRelax",0.5,m,ASSUMED_MODEL_PARAMETER,NUMERICAL_ONLY,ANALYSIS_GUARD,params_nominal.m and repository audit history,"code declaration; no direct aircraft provenance",0.5 m,none (current code value),"",NaN,0,,,0,1,0,"Numerical method, discretization, tolerance, or analysis guard."
PAR-0027,PARAMS_NOMINAL_GENERIC_BASELINE,rotor.inducedTol,"params_nominal.rotor.inducedTol",0.0001,1,ASSUMED_MODEL_PARAMETER,NUMERICAL_ONLY,ANALYSIS_GUARD,params_nominal.m and repository audit history,"code declaration; no direct aircraft provenance",0.0001 1,none (current code value),"",NaN,0,,,0,1,0,"Numerical method, discretization, tolerance, or analysis guard."
PAR-0028,PARAMS_NOMINAL_GENERIC_BASELINE,rotor.inflowHarmonic,"params_nominal.rotor.inflowHarmonic",1,1,ASSUMED_MODEL_PARAMETER,NUMERICAL_ONLY,ROTOR_AERO,params_nominal.m and repository audit history,"code declaration; no direct aircraft provenance",1 1,none (current code value),"",NaN,0,,,0,1,1,"Deprecated or compatibility metadata; not active production physics."
PAR-0029,PARAMS_NOMINAL_GENERIC_BASELINE,rotor.flapCyclicGain,"params_nominal.rotor.flapCyclicGain",1.2,1,ASSUMED_MODEL_PARAMETER,NUMERICAL_ONLY,ROTOR_AERO,params_nominal.m and repository audit history,"code declaration; no direct aircraft provenance",1.2 1,none (current code value),"",NaN,0,,,0,1,1,"Deprecated or compatibility metadata; not active production physics."
PAR-0030,PARAMS_NOMINAL_GENERIC_BASELINE,rotor.flapMuGain,"params_nominal.rotor.flapMuGain",0.1,1,ASSUMED_MODEL_PARAMETER,NUMERICAL_ONLY,ROTOR_AERO,params_nominal.m and repository audit history,"code declaration; no direct aircraft provenance",0.1 1,none (current code value),"",NaN,0,,,0,1,1,"Deprecated or compatibility metadata; not active production physics."
PAR-0031,PARAMS_NOMINAL_GENERIC_BASELINE,rotor.flapLatMuGain,"params_nominal.rotor.flapLatMuGain",0.05,1,ASSUMED_MODEL_PARAMETER,NUMERICAL_ONLY,ROTOR_AERO,params_nominal.m and repository audit history,"code declaration; no direct aircraft provenance",0.05 1,none (current code value),"",NaN,0,,,0,1,1,"Deprecated or compatibility metadata; not active production physics."
PAR-0032,PARAMS_NOMINAL_GENERIC_BASELINE,rotor.flapQGain,"params_nominal.rotor.flapQGain",10,1,ASSUMED_MODEL_PARAMETER,NUMERICAL_ONLY,ROTOR_AERO,params_nominal.m and repository audit history,"code declaration; no direct aircraft provenance",10 1,none (current code value),"",NaN,0,,,0,1,1,"Deprecated or compatibility metadata; not active production physics."
PAR-0033,PARAMS_NOMINAL_GENERIC_BASELINE,rotor.flapPGain,"params_nominal.rotor.flapPGain",5,1,ASSUMED_MODEL_PARAMETER,NUMERICAL_ONLY,ROTOR_AERO,params_nominal.m and repository audit history,"code declaration; no direct aircraft provenance",5 1,none (current code value),"",NaN,0,,,0,1,1,"Deprecated or compatibility metadata; not active production physics."
PAR-0034,PARAMS_NOMINAL_GENERIC_BASELINE,rotor.flapMax,"params_nominal.rotor.flapMax",0.314159265359,rad,ASSUMED_MODEL_PARAMETER,GENERIC_ASSUMED,ROTOR_AERO,params_nominal.m and repository audit history,"code declaration; no direct aircraft provenance",0.314159265359 rad,none (current code value),"",NaN,0,,,0,1,1,"Generic conceptual-model value without verified aircraft provenance."
PAR-0035,PARAMS_NOMINAL_GENERIC_BASELINE,rotor.bladeMass,"params_nominal.rotor.bladeMass",45,m,ASSUMED_MODEL_PARAMETER,GENERIC_ASSUMED,ROTOR_AERO,params_nominal.m and repository audit history,"code declaration; no direct aircraft provenance",45 m,none (current code value),"",NaN,0,,,0,1,1,"Generic conceptual-model value without verified aircraft provenance."
PAR-0036,PARAMS_NOMINAL_GENERIC_BASELINE,rotor.bladeMassDistribution,"params_nominal.rotor.bladeMassDistribution",ASSUMED_UNIFORM_FULL_SPAN,m,ASSUMED_MODEL_PARAMETER,GENERIC_ASSUMED,ROTOR_AERO,params_nominal.m and repository audit history,"code declaration; no direct aircraft provenance",ASSUMED_UNIFORM_FULL_SPAN m,none (current code value),"",NaN,0,,,0,1,1,"Generic conceptual-model value without verified aircraft provenance."
PAR-0037,PARAMS_NOMINAL_GENERIC_BASELINE,rotor.Ib,"params_nominal.rotor.Ib",216.6,kg m^2,DERIVED,GENERIC_ASSUMED,ROTOR_AERO,params_nominal.m and repository audit history,"code declaration; no direct aircraft provenance",216.6 kg m^2,none (current code value),"",NaN,0,,,0,1,1,"Derived from declared generic assumptions in params_nominal.m."
PAR-0038,PARAMS_NOMINAL_GENERIC_BASELINE,rotor.Sblade,"params_nominal.rotor.Sblade",85.5,m^2,DERIVED,GENERIC_ASSUMED,ROTOR_AERO,params_nominal.m and repository audit history,"code declaration; no direct aircraft provenance",85.5 m^2,none (current code value),"",NaN,0,,,0,1,1,"Derived from declared generic assumptions in params_nominal.m."
PAR-0039,PARAMS_NOMINAL_GENERIC_BASELINE,rotor.flapInitial,"params_nominal.rotor.flapInitial",[0;0;0],1,ASSUMED_MODEL_PARAMETER,NUMERICAL_ONLY,ANALYSIS_GUARD,params_nominal.m and repository audit history,"code declaration; no direct aircraft provenance",[0;0;0] 1,none (current code value),"",NaN,0,,,0,1,0,"Numerical method, discretization, tolerance, or analysis guard."
PAR-0040,PARAMS_NOMINAL_GENERIC_BASELINE,rotor.flapResidualTol,"params_nominal.rotor.flapResidualTol",1e-07,m,ASSUMED_MODEL_PARAMETER,NUMERICAL_ONLY,ANALYSIS_GUARD,params_nominal.m and repository audit history,"code declaration; no direct aircraft provenance",1e-07 m,none (current code value),"",NaN,0,,,0,1,0,"Numerical method, discretization, tolerance, or analysis guard."
PAR-0041,PARAMS_NOMINAL_GENERIC_BASELINE,rotor.flapMaxIter,"params_nominal.rotor.flapMaxIter",40,rad,ASSUMED_MODEL_PARAMETER,NUMERICAL_ONLY,ANALYSIS_GUARD,params_nominal.m and repository audit history,"code declaration; no direct aircraft provenance",40 rad,none (current code value),"",NaN,0,,,0,1,0,"Numerical method, discretization, tolerance, or analysis guard."
PAR-0042,PARAMS_NOMINAL_GENERIC_BASELINE,rotor.flapJacobianStep,"params_nominal.rotor.flapJacobianStep",1e-05,m^2,ASSUMED_MODEL_PARAMETER,NUMERICAL_ONLY,ANALYSIS_GUARD,params_nominal.m and repository audit history,"code declaration; no direct aircraft provenance",1e-05 m^2,none (current code value),"",NaN,0,,,0,1,0,"Numerical method, discretization, tolerance, or analysis guard."
PAR-0043,PARAMS_NOMINAL_GENERIC_BASELINE,rotor.flapNewtonDamping,"params_nominal.rotor.flapNewtonDamping",0.5,1,ASSUMED_MODEL_PARAMETER,NUMERICAL_ONLY,ANALYSIS_GUARD,params_nominal.m and repository audit history,"code declaration; no direct aircraft provenance",0.5 1,none (current code value),"",NaN,0,,,0,1,0,"Numerical method, discretization, tolerance, or analysis guard."
PAR-0044,PARAMS_NOMINAL_GENERIC_BASELINE,rotor.flapNewtonRegularization,"params_nominal.rotor.flapNewtonRegularization",1e-08,m,ASSUMED_MODEL_PARAMETER,NUMERICAL_ONLY,ANALYSIS_GUARD,params_nominal.m and repository audit history,"code declaration; no direct aircraft provenance",1e-08 m,none (current code value),"",NaN,0,,,0,1,0,"Numerical method, discretization, tolerance, or analysis guard."
PAR-0045,PARAMS_NOMINAL_GENERIC_BASELINE,rotor.flapLineSearchMaxIter,"params_nominal.rotor.flapLineSearchMaxIter",18,m^2,ASSUMED_MODEL_PARAMETER,NUMERICAL_ONLY,ANALYSIS_GUARD,params_nominal.m and repository audit history,"code declaration; no direct aircraft provenance",18 m^2,none (current code value),"",NaN,0,,,0,1,0,"Numerical method, discretization, tolerance, or analysis guard."
PAR-0046,PARAMS_NOMINAL_GENERIC_BASELINE,rotor.flapDivergenceAngle,"params_nominal.rotor.flapDivergenceAngle",1.3962634016,rad,ASSUMED_MODEL_PARAMETER,NUMERICAL_ONLY,ANALYSIS_GUARD,params_nominal.m and repository audit history,"code declaration; no direct aircraft provenance",1.3962634016 rad,none (current code value),"",NaN,0,,,0,1,0,"Numerical method, discretization, tolerance, or analysis guard."
PAR-0047,PARAMS_NOMINAL_GENERIC_BASELINE,rotor.wakeFactor,"params_nominal.rotor.wakeFactor",1.6,1,ASSUMED_MODEL_PARAMETER,NUMERICAL_ONLY,ROTOR_AERO,params_nominal.m and repository audit history,"code declaration; no direct aircraft provenance",1.6 1,none (current code value),"",NaN,0,,,0,1,1,"Deprecated or compatibility metadata; not active production physics."
PAR-0048,PARAMS_NOMINAL_GENERIC_BASELINE,rotor.Jpolar,"params_nominal.rotor.Jpolar",0,1,ASSUMED_MODEL_PARAMETER,GENERIC_ASSUMED,ROTOR_AERO,params_nominal.m and repository audit history,"code declaration; no direct aircraft provenance",0 1,none (current code value),"",NaN,0,,,0,1,1,"Generic conceptual-model value without verified aircraft provenance."
PAR-0049,PARAMS_NOMINAL_GENERIC_BASELINE,wing.S,"params_nominal.wing.S",18,m^2,ASSUMED_MODEL_PARAMETER,XV15_LIKE_UNVERIFIED,WING_AERO,params_nominal.m and repository audit history,"code declaration; no direct aircraft provenance",18 m^2,none (current code value),"=15.70061376",14.6451997046006,0,,,0,1,1,"Generic conceptual-model value without verified aircraft provenance. A public XV-15 comparison exists, but the current value is not historically traced to that source."
PAR-0050,PARAMS_NOMINAL_GENERIC_BASELINE,wing.b,"params_nominal.wing.b",10,m,ASSUMED_MODEL_PARAMETER,XV15_LIKE_UNVERIFIED,WING_AERO,params_nominal.m and repository audit history,"code declaration; no direct aircraft provenance",10 m,none (current code value),"=9.805416",1.98445430566127,0,,,0,1,1,"Generic conceptual-model value without verified aircraft provenance. A public XV-15 comparison exists, but the current value is not historically traced to that source."
PAR-0051,PARAMS_NOMINAL_GENERIC_BASELINE,wing.c,"params_nominal.wing.c",1.5,m,ASSUMED_MODEL_PARAMETER,XV15_LIKE_UNVERIFIED,WING_AERO,params_nominal.m and repository audit history,"code declaration; no direct aircraft provenance",1.5 m,none (current code value),"=1.6002",6.26171728533934,0,,,0,1,1,"Generic conceptual-model value without verified aircraft provenance. A public XV-15 comparison exists, but the current value is not historically traced to that source."
PAR-0052,PARAMS_NOMINAL_GENERIC_BASELINE,wing.xAC,"params_nominal.wing.xAC",0,m,ASSUMED_MODEL_PARAMETER,GENERIC_ASSUMED,WING_AERO,params_nominal.m and repository audit history,"code declaration; no direct aircraft provenance",0 m,none (current code value),"",NaN,1,-0.4,+0.4,1,1,1,"Generic conceptual-model value without verified aircraft provenance."
PAR-0053,PARAMS_NOMINAL_GENERIC_BASELINE,wing.yFreeAC,"params_nominal.wing.yFreeAC",1.7,m,ASSUMED_MODEL_PARAMETER,GENERIC_ASSUMED,WING_AERO,params_nominal.m and repository audit history,"code declaration; no direct aircraft provenance",1.7 m,none (current code value),"",NaN,0,,,0,1,1,"Generic conceptual-model value without verified aircraft provenance."
PAR-0054,PARAMS_NOMINAL_GENERIC_BASELINE,wing.ySlipAC,"params_nominal.wing.ySlipAC",4,m^2,ASSUMED_MODEL_PARAMETER,GENERIC_ASSUMED,WING_AERO,params_nominal.m and repository audit history,"code declaration; no direct aircraft provenance",4 m^2,none (current code value),"",NaN,0,,,0,1,1,"Generic conceptual-model value without verified aircraft provenance."
PAR-0055,PARAMS_NOMINAL_GENERIC_BASELINE,wing.zAC,"params_nominal.wing.zAC",0.05,m,ASSUMED_MODEL_PARAMETER,GENERIC_ASSUMED,WING_AERO,params_nominal.m and repository audit history,"code declaration; no direct aircraft provenance",0.05 m,none (current code value),"",NaN,0,,,0,1,1,"Generic conceptual-model value without verified aircraft provenance."
PAR-0056,PARAMS_NOMINAL_GENERIC_BASELINE,wing.CL0,"params_nominal.wing.CL0",0.15,1,ASSUMED_MODEL_PARAMETER,GENERIC_ASSUMED,WING_AERO,params_nominal.m and repository audit history,"code declaration; no direct aircraft provenance",0.15 1,none (current code value),"",NaN,0,,,0,1,1,"Generic conceptual-model value without verified aircraft provenance."
PAR-0057,PARAMS_NOMINAL_GENERIC_BASELINE,wing.CLalpha,"params_nominal.wing.CLalpha",5.2,1,ASSUMED_MODEL_PARAMETER,GENERIC_ASSUMED,WING_AERO,params_nominal.m and repository audit history,"code declaration; no direct aircraft provenance",5.2 1,none (current code value),"",NaN,0,,,0,1,1,"Generic conceptual-model value without verified aircraft provenance."
PAR-0058,PARAMS_NOMINAL_GENERIC_BASELINE,wing.CLmax,"params_nominal.wing.CLmax",1.45,1,ASSUMED_MODEL_PARAMETER,GENERIC_ASSUMED,WING_AERO,params_nominal.m and repository audit history,"code declaration; no direct aircraft provenance",1.45 1,none (current code value),"",NaN,0,,,0,1,1,"Generic conceptual-model value without verified aircraft provenance."
PAR-0059,PARAMS_NOMINAL_GENERIC_BASELINE,wing.CD0,"params_nominal.wing.CD0",0.025,1,ASSUMED_MODEL_PARAMETER,GENERIC_ASSUMED,WING_AERO,params_nominal.m and repository audit history,"code declaration; no direct aircraft provenance",0.025 1,none (current code value),"",NaN,0,,,0,1,1,"Generic conceptual-model value without verified aircraft provenance."
PAR-0060,PARAMS_NOMINAL_GENERIC_BASELINE,wing.kInduced,"params_nominal.wing.kInduced",0.055,1,ASSUMED_MODEL_PARAMETER,GENERIC_ASSUMED,WING_AERO,params_nominal.m and repository audit history,"code declaration; no direct aircraft provenance",0.055 1,none (current code value),"",NaN,0,,,0,1,1,"Generic conceptual-model value without verified aircraft provenance."
PAR-0061,PARAMS_NOMINAL_GENERIC_BASELINE,wing.CYbeta,"params_nominal.wing.CYbeta",-0.35,1,ASSUMED_MODEL_PARAMETER,GENERIC_ASSUMED,WING_AERO,params_nominal.m and repository audit history,"code declaration; no direct aircraft provenance",-0.35 1,none (current code value),"",NaN,0,,,0,1,1,"Generic conceptual-model value without verified aircraft provenance."
PAR-0062,PARAMS_NOMINAL_GENERIC_BASELINE,wing.Cm0,"params_nominal.wing.Cm0",-0.03,1,ASSUMED_MODEL_PARAMETER,CALIBRATED_EFFECTIVE,WING_AERO,params_nominal.m and repository audit history,"code declaration; no direct aircraft provenance",-0.03 1,none (current code value),"",NaN,1,-0.045,-0.015,1,1,1,"Project effective parameter retained from prior bounded trim-trend correction; not a measured component value."
PAR-0063,PARAMS_NOMINAL_GENERIC_BASELINE,wing.Cmalpha,"params_nominal.wing.Cmalpha",0,1,ASSUMED_MODEL_PARAMETER,GENERIC_ASSUMED,WING_AERO,params_nominal.m and repository audit history,"code declaration; no direct aircraft provenance",0 1,none (current code value),"",NaN,0,,,0,1,1,"Generic conceptual-model value without verified aircraft provenance."
PAR-0064,PARAMS_NOMINAL_GENERIC_BASELINE,wing.CLaileron,"params_nominal.wing.CLaileron",0.45,1,ASSUMED_MODEL_PARAMETER,GENERIC_ASSUMED,WING_AERO,params_nominal.m and repository audit history,"code declaration; no direct aircraft provenance",0.45 1,none (current code value),"",NaN,0,,,0,1,1,"Generic conceptual-model value without verified aircraft provenance."
PAR-0065,PARAMS_NOMINAL_GENERIC_BASELINE,wing.Cmaileron,"params_nominal.wing.Cmaileron",-0.08,1,ASSUMED_MODEL_PARAMETER,GENERIC_ASSUMED,WING_AERO,params_nominal.m and repository audit history,"code declaration; no direct aircraft provenance",-0.08 1,none (current code value),"",NaN,0,,,0,1,1,"Generic conceptual-model value without verified aircraft provenance."
PAR-0066,PARAMS_NOMINAL_GENERIC_BASELINE,wing.SslipMaxHalf,"params_nominal.wing.SslipMaxHalf",4,m^2,ASSUMED_MODEL_PARAMETER,GENERIC_ASSUMED,WING_AERO,params_nominal.m and repository audit history,"code declaration; no direct aircraft provenance",4 m^2,none (current code value),"",NaN,0,,,0,1,1,"Generic conceptual-model value without verified aircraft provenance."
PAR-0067,PARAMS_NOMINAL_GENERIC_BASELINE,wing.muMax,"params_nominal.wing.muMax",0.35,1,ASSUMED_MODEL_PARAMETER,GENERIC_ASSUMED,WING_AERO,params_nominal.m and repository audit history,"code declaration; no direct aircraft provenance",0.35 1,none (current code value),"",NaN,0,,,0,1,1,"Generic conceptual-model value without verified aircraft provenance."
PAR-0068,PARAMS_NOMINAL_GENERIC_BASELINE,wing.CDnormal,"params_nominal.wing.CDnormal",1.1,1,ASSUMED_MODEL_PARAMETER,GENERIC_ASSUMED,WING_AERO,params_nominal.m and repository audit history,"code declaration; no direct aircraft provenance",1.1 1,none (current code value),"",NaN,0,,,0,1,1,"Generic conceptual-model value without verified aircraft provenance."
PAR-0069,PARAMS_NOMINAL_GENERIC_BASELINE,wing.normalFlowRatio,"params_nominal.wing.normalFlowRatio",0.35,m,ASSUMED_MODEL_PARAMETER,GENERIC_ASSUMED,WING_AERO,params_nominal.m and repository audit history,"code declaration; no direct aircraft provenance",0.35 m,none (current code value),"",NaN,0,,,0,1,1,"Generic conceptual-model value without verified aircraft provenance."
PAR-0070,PARAMS_NOMINAL_GENERIC_BASELINE,wing.normalFlowBlendHalfWidth,"params_nominal.wing.normalFlowBlendHalfWidth",0.15,1,ASSUMED_MODEL_PARAMETER,GENERIC_ASSUMED,WING_AERO,params_nominal.m and repository audit history,"code declaration; no direct aircraft provenance",0.15 1,none (current code value),"",NaN,0,,,0,1,1,"Generic conceptual-model value without verified aircraft provenance."
PAR-0071,PARAMS_NOMINAL_GENERIC_BASELINE,fuselage.S,"params_nominal.fuselage.S",8,m^2,ASSUMED_MODEL_PARAMETER,GENERIC_ASSUMED,FUSELAGE_AERO,params_nominal.m and repository audit history,"code declaration; no direct aircraft provenance",8 m^2,none (current code value),"",NaN,0,,,0,1,1,"Generic conceptual-model value without verified aircraft provenance."
PAR-0072,PARAMS_NOMINAL_GENERIC_BASELINE,fuselage.b,"params_nominal.fuselage.b",3,m,ASSUMED_MODEL_PARAMETER,GENERIC_ASSUMED,FUSELAGE_AERO,params_nominal.m and repository audit history,"code declaration; no direct aircraft provenance",3 m,none (current code value),"",NaN,0,,,0,1,1,"Generic conceptual-model value without verified aircraft provenance."
PAR-0073,PARAMS_NOMINAL_GENERIC_BASELINE,fuselage.c,"params_nominal.fuselage.c",4,m,ASSUMED_MODEL_PARAMETER,GENERIC_ASSUMED,FUSELAGE_AERO,params_nominal.m and repository audit history,"code declaration; no direct aircraft provenance",4 m,none (current code value),"",NaN,0,,,0,1,1,"Generic conceptual-model value without verified aircraft provenance."
PAR-0074,PARAMS_NOMINAL_GENERIC_BASELINE,fuselage.rAC,"params_nominal.fuselage.rAC",[0.2;0;0.1],m,ASSUMED_MODEL_PARAMETER,GENERIC_ASSUMED,FUSELAGE_AERO,params_nominal.m and repository audit history,"code declaration; no direct aircraft provenance",[0.2;0;0.1] m,none (current code value),"",NaN,0,,,0,1,1,"Generic conceptual-model value without verified aircraft provenance."
PAR-0075,PARAMS_NOMINAL_GENERIC_BASELINE,fuselage.CD0,"params_nominal.fuselage.CD0",0.08,1,ASSUMED_MODEL_PARAMETER,GENERIC_ASSUMED,FUSELAGE_AERO,params_nominal.m and repository audit history,"code declaration; no direct aircraft provenance",0.08 1,none (current code value),"",NaN,0,,,0,1,1,"Generic conceptual-model value without verified aircraft provenance."
PAR-0076,PARAMS_NOMINAL_GENERIC_BASELINE,fuselage.CDalpha2,"params_nominal.fuselage.CDalpha2",0.5,1,ASSUMED_MODEL_PARAMETER,GENERIC_ASSUMED,FUSELAGE_AERO,params_nominal.m and repository audit history,"code declaration; no direct aircraft provenance",0.5 1,none (current code value),"",NaN,0,,,0,1,1,"Generic conceptual-model value without verified aircraft provenance."
PAR-0077,PARAMS_NOMINAL_GENERIC_BASELINE,fuselage.CDbeta2,"params_nominal.fuselage.CDbeta2",0.4,1,ASSUMED_MODEL_PARAMETER,GENERIC_ASSUMED,FUSELAGE_AERO,params_nominal.m and repository audit history,"code declaration; no direct aircraft provenance",0.4 1,none (current code value),"",NaN,0,,,0,1,1,"Generic conceptual-model value without verified aircraft provenance."
PAR-0078,PARAMS_NOMINAL_GENERIC_BASELINE,fuselage.CL0,"params_nominal.fuselage.CL0",0,1,ASSUMED_MODEL_PARAMETER,GENERIC_ASSUMED,FUSELAGE_AERO,params_nominal.m and repository audit history,"code declaration; no direct aircraft provenance",0 1,none (current code value),"",NaN,0,,,0,1,1,"Generic conceptual-model value without verified aircraft provenance."
PAR-0079,PARAMS_NOMINAL_GENERIC_BASELINE,fuselage.CLalpha,"params_nominal.fuselage.CLalpha",0.35,1,ASSUMED_MODEL_PARAMETER,GENERIC_ASSUMED,FUSELAGE_AERO,params_nominal.m and repository audit history,"code declaration; no direct aircraft provenance",0.35 1,none (current code value),"",NaN,0,,,0,1,1,"Generic conceptual-model value without verified aircraft provenance."
PAR-0080,PARAMS_NOMINAL_GENERIC_BASELINE,fuselage.CYbeta,"params_nominal.fuselage.CYbeta",-0.55,1,ASSUMED_MODEL_PARAMETER,GENERIC_ASSUMED,FUSELAGE_AERO,params_nominal.m and repository audit history,"code declaration; no direct aircraft provenance",-0.55 1,none (current code value),"",NaN,0,,,0,1,1,"Generic conceptual-model value without verified aircraft provenance."
PAR-0081,PARAMS_NOMINAL_GENERIC_BASELINE,fuselage.Clbeta,"params_nominal.fuselage.Clbeta",-0.08,1,ASSUMED_MODEL_PARAMETER,GENERIC_ASSUMED,FUSELAGE_AERO,params_nominal.m and repository audit history,"code declaration; no direct aircraft provenance",-0.08 1,none (current code value),"",NaN,0,,,0,1,1,"Generic conceptual-model value without verified aircraft provenance."
PAR-0082,PARAMS_NOMINAL_GENERIC_BASELINE,fuselage.Clp,"params_nominal.fuselage.Clp",-0.3,1,ASSUMED_MODEL_PARAMETER,GENERIC_ASSUMED,FUSELAGE_AERO,params_nominal.m and repository audit history,"code declaration; no direct aircraft provenance",-0.3 1,none (current code value),"",NaN,0,,,0,1,1,"Generic conceptual-model value without verified aircraft provenance."
PAR-0083,PARAMS_NOMINAL_GENERIC_BASELINE,fuselage.Clr,"params_nominal.fuselage.Clr",0.08,1,ASSUMED_MODEL_PARAMETER,GENERIC_ASSUMED,FUSELAGE_AERO,params_nominal.m and repository audit history,"code declaration; no direct aircraft provenance",0.08 1,none (current code value),"",NaN,0,,,0,1,1,"Generic conceptual-model value without verified aircraft provenance."
PAR-0084,PARAMS_NOMINAL_GENERIC_BASELINE,fuselage.Cm0,"params_nominal.fuselage.Cm0",0,1,ASSUMED_MODEL_PARAMETER,GENERIC_ASSUMED,FUSELAGE_AERO,params_nominal.m and repository audit history,"code declaration; no direct aircraft provenance",0 1,none (current code value),"",NaN,0,,,0,1,1,"Generic conceptual-model value without verified aircraft provenance."
PAR-0085,PARAMS_NOMINAL_GENERIC_BASELINE,fuselage.Cmalpha,"params_nominal.fuselage.Cmalpha",0,1,ASSUMED_MODEL_PARAMETER,GENERIC_ASSUMED,FUSELAGE_AERO,params_nominal.m and repository audit history,"code declaration; no direct aircraft provenance",0 1,none (current code value),"",NaN,0,,,0,1,1,"Generic conceptual-model value without verified aircraft provenance."
PAR-0086,PARAMS_NOMINAL_GENERIC_BASELINE,fuselage.Cmq,"params_nominal.fuselage.Cmq",-4,1,ASSUMED_MODEL_PARAMETER,GENERIC_ASSUMED,FUSELAGE_AERO,params_nominal.m and repository audit history,"code declaration; no direct aircraft provenance",-4 1,none (current code value),"",NaN,0,,,0,1,1,"Generic conceptual-model value without verified aircraft provenance."
PAR-0087,PARAMS_NOMINAL_GENERIC_BASELINE,fuselage.Cnbeta,"params_nominal.fuselage.Cnbeta",0.12,1,ASSUMED_MODEL_PARAMETER,GENERIC_ASSUMED,FUSELAGE_AERO,params_nominal.m and repository audit history,"code declaration; no direct aircraft provenance",0.12 1,none (current code value),"",NaN,0,,,0,1,1,"Generic conceptual-model value without verified aircraft provenance."
PAR-0088,PARAMS_NOMINAL_GENERIC_BASELINE,fuselage.Cnp,"params_nominal.fuselage.Cnp",-0.04,1,ASSUMED_MODEL_PARAMETER,GENERIC_ASSUMED,FUSELAGE_AERO,params_nominal.m and repository audit history,"code declaration; no direct aircraft provenance",-0.04 1,none (current code value),"",NaN,0,,,0,1,1,"Generic conceptual-model value without verified aircraft provenance."
PAR-0089,PARAMS_NOMINAL_GENERIC_BASELINE,fuselage.Cnr,"params_nominal.fuselage.Cnr",-0.3,1,ASSUMED_MODEL_PARAMETER,GENERIC_ASSUMED,FUSELAGE_AERO,params_nominal.m and repository audit history,"code declaration; no direct aircraft provenance",-0.3 1,none (current code value),"",NaN,0,,,0,1,1,"Generic conceptual-model value without verified aircraft provenance."
PAR-0090,PARAMS_NOMINAL_GENERIC_BASELINE,htail.S,"params_nominal.htail.S",4.5,m^2,ASSUMED_MODEL_PARAMETER,XV15_LIKE_UNVERIFIED,TAIL_AERO,params_nominal.m and repository audit history,"code declaration; no direct aircraft provenance",4.5 m^2,none (current code value),"=4.66837776",3.60677238767413,1,3.2,6.0,1,1,1,"Generic conceptual-model value without verified aircraft provenance. A public XV-15 comparison exists, but the current value is not historically traced to that source."
PAR-0091,PARAMS_NOMINAL_GENERIC_BASELINE,htail.c,"params_nominal.htail.c",1,m,ASSUMED_MODEL_PARAMETER,XV15_LIKE_UNVERIFIED,TAIL_AERO,params_nominal.m and repository audit history,"code declaration; no direct aircraft provenance",1 m,none (current code value),"=1.194816",16.305104719053,0,,,0,1,1,"Generic conceptual-model value without verified aircraft provenance. A public XV-15 comparison exists, but the current value is not historically traced to that source."
PAR-0092,PARAMS_NOMINAL_GENERIC_BASELINE,htail.rAC,"params_nominal.htail.rAC",[-5;0;0.15],m,ASSUMED_MODEL_PARAMETER,GENERIC_ASSUMED,TAIL_AERO,params_nominal.m and repository audit history,"code declaration; no direct aircraft provenance",[-5;0;0.15] m,none (current code value),"",NaN,1,[-6.5 0 0.0],[-4.0 0 0.3],1,1,1,"Generic conceptual-model value without verified aircraft provenance."
PAR-0093,PARAMS_NOMINAL_GENERIC_BASELINE,htail.incidence,"params_nominal.htail.incidence",-0.0349065850399,rad,ASSUMED_MODEL_PARAMETER,CALIBRATED_EFFECTIVE,TAIL_AERO,params_nominal.m and repository audit history,"code declaration; no direct aircraft provenance",-0.0349065850399 rad,none (current code value),"",NaN,1,-5 deg,+2 deg,1,1,1,"Project effective parameter retained from prior bounded trim-trend correction; not a measured component value."
PAR-0094,PARAMS_NOMINAL_GENERIC_BASELINE,htail.downwashAlpha,"params_nominal.htail.downwashAlpha",0.4,1,ASSUMED_MODEL_PARAMETER,CALIBRATED_EFFECTIVE,TAIL_AERO,params_nominal.m and repository audit history,"code declaration; no direct aircraft provenance",0.4 1,none (current code value),"",NaN,1,0.30,0.50,1,1,1,"Project effective parameter retained from prior bounded trim-trend correction; not a measured component value."
PAR-0095,PARAMS_NOMINAL_GENERIC_BASELINE,htail.CL0,"params_nominal.htail.CL0",0,1,ASSUMED_MODEL_PARAMETER,GENERIC_ASSUMED,TAIL_AERO,params_nominal.m and repository audit history,"code declaration; no direct aircraft provenance",0 1,none (current code value),"",NaN,0,,,0,1,1,"Generic conceptual-model value without verified aircraft provenance."
PAR-0096,PARAMS_NOMINAL_GENERIC_BASELINE,htail.CLalpha,"params_nominal.htail.CLalpha",4.5,1,ASSUMED_MODEL_PARAMETER,GENERIC_ASSUMED,TAIL_AERO,params_nominal.m and repository audit history,"code declaration; no direct aircraft provenance",4.5 1,none (current code value),"",NaN,1,4.0,5.0,1,1,1,"Generic conceptual-model value without verified aircraft provenance."
PAR-0097,PARAMS_NOMINAL_GENERIC_BASELINE,htail.CLmax,"params_nominal.htail.CLmax",1.25,1,ASSUMED_MODEL_PARAMETER,GENERIC_ASSUMED,TAIL_AERO,params_nominal.m and repository audit history,"code declaration; no direct aircraft provenance",1.25 1,none (current code value),"",NaN,0,,,0,1,1,"Generic conceptual-model value without verified aircraft provenance."
PAR-0098,PARAMS_NOMINAL_GENERIC_BASELINE,htail.CLelevator,"params_nominal.htail.CLelevator",2,1,ASSUMED_MODEL_PARAMETER,CALIBRATED_EFFECTIVE,TAIL_AERO,params_nominal.m and repository audit history,"code declaration; no direct aircraft provenance",2 1,none (current code value),"",NaN,1,1.6,2.4,1,1,1,"Project effective parameter retained from prior bounded trim-trend correction; not a measured component value."
PAR-0099,PARAMS_NOMINAL_GENERIC_BASELINE,htail.CD0,"params_nominal.htail.CD0",0.018,1,ASSUMED_MODEL_PARAMETER,GENERIC_ASSUMED,TAIL_AERO,params_nominal.m and repository audit history,"code declaration; no direct aircraft provenance",0.018 1,none (current code value),"",NaN,0,,,0,1,1,"Generic conceptual-model value without verified aircraft provenance."
PAR-0100,PARAMS_NOMINAL_GENERIC_BASELINE,htail.kInduced,"params_nominal.htail.kInduced",0.06,1,ASSUMED_MODEL_PARAMETER,GENERIC_ASSUMED,TAIL_AERO,params_nominal.m and repository audit history,"code declaration; no direct aircraft provenance",0.06 1,none (current code value),"",NaN,0,,,0,1,1,"Generic conceptual-model value without verified aircraft provenance."
PAR-0101,PARAMS_NOMINAL_GENERIC_BASELINE,htail.Cm0,"params_nominal.htail.Cm0",0,1,ASSUMED_MODEL_PARAMETER,GENERIC_ASSUMED,TAIL_AERO,params_nominal.m and repository audit history,"code declaration; no direct aircraft provenance",0 1,none (current code value),"",NaN,0,,,0,1,1,"Generic conceptual-model value without verified aircraft provenance."
PAR-0102,PARAMS_NOMINAL_GENERIC_BASELINE,htail.Cmelevator,"params_nominal.htail.Cmelevator",-0.08,1,ASSUMED_MODEL_PARAMETER,GENERIC_ASSUMED,TAIL_AERO,params_nominal.m and repository audit history,"code declaration; no direct aircraft provenance",-0.08 1,none (current code value),"",NaN,0,,,0,1,1,"Generic conceptual-model value without verified aircraft provenance."
PAR-0103,PARAMS_NOMINAL_GENERIC_BASELINE,vtail.SEach,"params_nominal.vtail.SEach",1.6,m^2,ASSUMED_MODEL_PARAMETER,XV15_LIKE_UNVERIFIED,TAIL_AERO,params_nominal.m and repository audit history,"code declaration; no direct aircraft provenance",1.6 m^2,none (current code value),"=2.34580176",31.7930429040176,0,,,0,1,1,"Generic conceptual-model value without verified aircraft provenance. A public XV-15 comparison exists, but the current value is not historically traced to that source."
PAR-0104,PARAMS_NOMINAL_GENERIC_BASELINE,vtail.c,"params_nominal.vtail.c",0.8,m,ASSUMED_MODEL_PARAMETER,XV15_LIKE_UNVERIFIED,TAIL_AERO,params_nominal.m and repository audit history,"code declaration; no direct aircraft provenance",0.8 m,none (current code value),"=1.133856",29.4443033330511,0,,,0,1,1,"Generic conceptual-model value without verified aircraft provenance. A public XV-15 comparison exists, but the current value is not historically traced to that source."
PAR-0105,PARAMS_NOMINAL_GENERIC_BASELINE,vtail.xAC,"params_nominal.vtail.xAC",-4.2,m,ASSUMED_MODEL_PARAMETER,GENERIC_ASSUMED,TAIL_AERO,params_nominal.m and repository audit history,"code declaration; no direct aircraft provenance",-4.2 m,none (current code value),"",NaN,0,,,0,1,1,"Generic conceptual-model value without verified aircraft provenance."
PAR-0106,PARAMS_NOMINAL_GENERIC_BASELINE,vtail.yAC,"params_nominal.vtail.yAC",1.1,m,ASSUMED_MODEL_PARAMETER,GENERIC_ASSUMED,TAIL_AERO,params_nominal.m and repository audit history,"code declaration; no direct aircraft provenance",1.1 m,none (current code value),"",NaN,0,,,0,1,1,"Generic conceptual-model value without verified aircraft provenance."
PAR-0107,PARAMS_NOMINAL_GENERIC_BASELINE,vtail.zAC,"params_nominal.vtail.zAC",-0.2,m,ASSUMED_MODEL_PARAMETER,GENERIC_ASSUMED,TAIL_AERO,params_nominal.m and repository audit history,"code declaration; no direct aircraft provenance",-0.2 m,none (current code value),"",NaN,0,,,0,1,1,"Generic conceptual-model value without verified aircraft provenance."
PAR-0108,PARAMS_NOMINAL_GENERIC_BASELINE,vtail.CD0,"params_nominal.vtail.CD0",0.02,1,ASSUMED_MODEL_PARAMETER,GENERIC_ASSUMED,TAIL_AERO,params_nominal.m and repository audit history,"code declaration; no direct aircraft provenance",0.02 1,none (current code value),"",NaN,0,,,0,1,1,"Generic conceptual-model value without verified aircraft provenance."
PAR-0109,PARAMS_NOMINAL_GENERIC_BASELINE,vtail.CYbeta,"params_nominal.vtail.CYbeta",-2.2,1,ASSUMED_MODEL_PARAMETER,GENERIC_ASSUMED,TAIL_AERO,params_nominal.m and repository audit history,"code declaration; no direct aircraft provenance",-2.2 1,none (current code value),"",NaN,0,,,0,1,1,"Generic conceptual-model value without verified aircraft provenance."
PAR-0110,PARAMS_NOMINAL_GENERIC_BASELINE,vtail.CYrudder,"params_nominal.vtail.CYrudder",0.7,1,ASSUMED_MODEL_PARAMETER,GENERIC_ASSUMED,TAIL_AERO,params_nominal.m and repository audit history,"code declaration; no direct aircraft provenance",0.7 1,none (current code value),"",NaN,0,,,0,1,1,"Generic conceptual-model value without verified aircraft provenance."
PAR-0111,PARAMS_NOMINAL_GENERIC_BASELINE,control.collectiveLim,"params_nominal.control.collectiveLim",[0 1.2217304764],rad,ASSUMED_MODEL_PARAMETER,GENERIC_ASSUMED,CONTROL_LIMIT,params_nominal.m and repository audit history,"code declaration; no direct aircraft provenance",[0 1.2217304764] rad,none (current code value),"",NaN,0,,,0,1,1,"Generic conceptual-model value without verified aircraft provenance."
PAR-0112,PARAMS_NOMINAL_GENERIC_BASELINE,control.cyclicLim,"params_nominal.control.cyclicLim",[-0.610865238198 0.610865238198],rad,ASSUMED_MODEL_PARAMETER,GENERIC_ASSUMED,CONTROL_LIMIT,params_nominal.m and repository audit history,"code declaration; no direct aircraft provenance",[-0.610865238198 0.610865238198] rad,none (current code value),"",NaN,0,,,0,1,1,"Generic conceptual-model value without verified aircraft provenance."
PAR-0113,PARAMS_NOMINAL_GENERIC_BASELINE,control.aileronLim,"params_nominal.control.aileronLim",[-0.523598775598 0.523598775598],rad,ASSUMED_MODEL_PARAMETER,GENERIC_ASSUMED,CONTROL_LIMIT,params_nominal.m and repository audit history,"code declaration; no direct aircraft provenance",[-0.523598775598 0.523598775598] rad,none (current code value),"",NaN,0,,,0,1,1,"Generic conceptual-model value without verified aircraft provenance."
PAR-0114,PARAMS_NOMINAL_GENERIC_BASELINE,control.elevatorLim,"params_nominal.control.elevatorLim",[-0.349065850399 0.349065850399],rad,ASSUMED_MODEL_PARAMETER,XV15_LIKE_UNVERIFIED,CONTROL_LIMIT,params_nominal.m and repository audit history,"code declaration; no direct aircraft provenance",[-0.349065850399 0.349065850399] rad,none (current code value),"=[-0.349065850399 0.349065850399]",0,0,,,0,1,1,"Generic conceptual-model value without verified aircraft provenance. A public XV-15 comparison exists, but the current value is not historically traced to that source."
PAR-0115,PARAMS_NOMINAL_GENERIC_BASELINE,control.rudderLim,"params_nominal.control.rudderLim",[-0.523598775598 0.523598775598],rad,ASSUMED_MODEL_PARAMETER,XV15_LIKE_UNVERIFIED,CONTROL_LIMIT,params_nominal.m and repository audit history,"code declaration; no direct aircraft provenance",[-0.523598775598 0.523598775598] rad,none (current code value),"=[-0.349065850399 0.349065850399]",50,0,,,0,1,1,"Generic conceptual-model value without verified aircraft provenance. A public XV-15 comparison exists, but the current value is not historically traced to that source."
PAR-0116,PARAMS_NOMINAL_GENERIC_BASELINE,trim.residualTolerance,"params_nominal.trim.residualTolerance",0.005,1,ASSUMED_MODEL_PARAMETER,NUMERICAL_ONLY,NUMERICAL,params_nominal.m and repository audit history,"code declaration; no direct aircraft provenance",0.005 1,none (current code value),"",NaN,0,,,0,1,0,"Numerical method, discretization, tolerance, or analysis guard."
PAR-0117,PARAMS_NOMINAL_GENERIC_BASELINE,trim.maxIterations,"params_nominal.trim.maxIterations",600,1,ASSUMED_MODEL_PARAMETER,NUMERICAL_ONLY,NUMERICAL,params_nominal.m and repository audit history,"code declaration; no direct aircraft provenance",600 1,none (current code value),"",NaN,0,,,0,1,0,"Numerical method, discretization, tolerance, or analysis guard."
PAR-0118,PARAMS_NOMINAL_GENERIC_BASELINE,trim.display,"params_nominal.trim.display",off,1,ASSUMED_MODEL_PARAMETER,NUMERICAL_ONLY,NUMERICAL,params_nominal.m and repository audit history,"code declaration; no direct aircraft provenance",off 1,none (current code value),"",NaN,0,,,0,1,0,"Numerical method, discretization, tolerance, or analysis guard."
PAR-0119,PARAMS_NOMINAL_GENERIC_BASELINE,trim.variableScale,"params_nominal.trim.variableScale",[0.0349065850399;0.314159265359;0.0349065850399],1,ASSUMED_MODEL_PARAMETER,NUMERICAL_ONLY,NUMERICAL,params_nominal.m and repository audit history,"code declaration; no direct aircraft provenance",[0.0349065850399;0.314159265359;0.0349065850399] 1,none (current code value),"",NaN,0,,,0,1,0,"Numerical method, discretization, tolerance, or analysis guard."
PAR-0120,PARAMS_NOMINAL_GENERIC_BASELINE,linear.dx,"params_nominal.linear.dx",[0.05;0.05;0.05;0.001;0.001;0.001;0.0001;0.0001;0.0001],1,ASSUMED_MODEL_PARAMETER,NUMERICAL_ONLY,NUMERICAL,params_nominal.m and repository audit history,"code declaration; no direct aircraft provenance",[0.05;0.05;0.05;0.001;0.001;0.001;0.0001;0.0001;0.0001] 1,none (current code value),"",NaN,0,,,0,1,0,"Numerical method, discretization, tolerance, or analysis guard."
PAR-0121,PARAMS_NOMINAL_GENERIC_BASELINE,linear.du,"params_nominal.linear.du",[0.0001;0.0001;0.0001;0.0001;0.0001;0.0001;0.0001],1,ASSUMED_MODEL_PARAMETER,NUMERICAL_ONLY,NUMERICAL,params_nominal.m and repository audit history,"code declaration; no direct aircraft provenance",[0.0001;0.0001;0.0001;0.0001;0.0001;0.0001;0.0001] 1,none (current code value),"",NaN,0,,,0,1,0,"Numerical method, discretization, tolerance, or analysis guard."
PAR-0122,PARAMS_NOMINAL_GENERIC_BASELINE,linear.stabilityTolerance,"params_nominal.linear.stabilityTolerance",1e-07,1,ASSUMED_MODEL_PARAMETER,NUMERICAL_ONLY,NUMERICAL,params_nominal.m and repository audit history,"code declaration; no direct aircraft provenance",1e-07 1,none (current code value),"",NaN,0,,,0,1,0,"Numerical method, discretization, tolerance, or analysis guard."
PAR-0123,BERGER13_RESEARCH_EXTENSION,meta.physicalBaseSHA,"params_berger13.meta.physicalBaseSHA",3550e5b855bac1c38e9d275cf3f8e608cb519c70,m^2,ASSUMED_MODEL_PARAMETER,NUMERICAL_ONLY,ANALYSIS_GUARD,model/berger13/params_berger13.m,"explicit namespace-local declaration",3550e5b855bac1c38e9d275cf3f8e608cb519c70 m^2,none (current code value),"",NaN,0,,,0,1,1,"Metadata, implementation flag, or claim-boundary field."
PAR-0124,BERGER13_RESEARCH_EXTENSION,meta.portSourceSHA,"params_berger13.meta.portSourceSHA",370c7aef13a5dca98c0436616548729859c399a9,1,ASSUMED_MODEL_PARAMETER,NUMERICAL_ONLY,ANALYSIS_GUARD,model/berger13/params_berger13.m,"explicit namespace-local declaration",370c7aef13a5dca98c0436616548729859c399a9 1,none (current code value),"",NaN,0,,,0,1,1,"Metadata, implementation flag, or claim-boundary field."
PAR-0125,BERGER13_RESEARCH_EXTENSION,meta.scope,"params_berger13.meta.scope",PR1_ISOLATED_RESEARCH_SCAFFOLD,1,ASSUMED_MODEL_PARAMETER,NUMERICAL_ONLY,ANALYSIS_GUARD,model/berger13/params_berger13.m,"explicit namespace-local declaration",PR1_ISOLATED_RESEARCH_SCAFFOLD 1,none (current code value),"",NaN,0,,,0,1,1,"Metadata, implementation flag, or claim-boundary field."
PAR-0126,BERGER13_RESEARCH_EXTENSION,interface.lateralCyclicTheta1cMapping,"params_berger13.interface.lateralCyclicTheta1cMapping",rotDir,1,ASSUMED_MODEL_PARAMETER,GENERIC_ASSUMED,ANALYSIS_GUARD,model/berger13/params_berger13.m,"explicit namespace-local declaration",rotDir 1,none (current code value),"",NaN,0,,,0,1,1,"Namespace-local generic research assumption."
PAR-0127,BERGER13_RESEARCH_EXTENSION,interface.lateralCyclicScale,"params_berger13.interface.lateralCyclicScale",1,1,ASSUMED_MODEL_PARAMETER,GENERIC_ASSUMED,ANALYSIS_GUARD,model/berger13/params_berger13.m,"explicit namespace-local declaration",1 1,none (current code value),"",NaN,0,,,0,1,1,"Namespace-local generic research assumption."
PAR-0128,BERGER13_RESEARCH_EXTENSION,interface.lateralCyclicLimitSource,"params_berger13.interface.lateralCyclicLimitSource",P13.base.control.cyclicLim,rad,ASSUMED_MODEL_PARAMETER,GENERIC_ASSUMED,ANALYSIS_GUARD,model/berger13/params_berger13.m,"explicit namespace-local declaration",P13.base.control.cyclicLim rad,none (current code value),"",NaN,0,,,0,1,1,"Namespace-local generic research assumption."
PAR-0129,BERGER13_RESEARCH_EXTENSION,interface.parameterSource,"params_berger13.interface.parameterSource",ASSUMED_MODEL_PARAMETER,1,ASSUMED_MODEL_PARAMETER,NUMERICAL_ONLY,ANALYSIS_GUARD,model/berger13/params_berger13.m,"explicit namespace-local declaration",ASSUMED_MODEL_PARAMETER 1,none (current code value),"",NaN,0,,,0,1,1,"Metadata, implementation flag, or claim-boundary field."
PAR-0130,BERGER13_RESEARCH_EXTENSION,nacelle.I,"params_berger13.nacelle.I",250,1,RESEARCH_PLACEHOLDER,GENERIC_ASSUMED,ACTUATOR,model/berger13/params_berger13.m,"explicit namespace-local declaration",250 1,none (current code value),"",NaN,0,,,0,1,1,"Explicit Berger13 research placeholder; not Berger or XV-15 data."
PAR-0131,BERGER13_RESEARCH_EXTENSION,nacelle.D,"params_berger13.nacelle.D",900,1,RESEARCH_PLACEHOLDER,GENERIC_ASSUMED,ACTUATOR,model/berger13/params_berger13.m,"explicit namespace-local declaration",900 1,none (current code value),"",NaN,0,,,0,1,1,"Explicit Berger13 research placeholder; not Berger or XV-15 data."
PAR-0132,BERGER13_RESEARCH_EXTENSION,nacelle.K,"params_berger13.nacelle.K",0,1,RESEARCH_PLACEHOLDER,GENERIC_ASSUMED,ACTUATOR,model/berger13/params_berger13.m,"explicit namespace-local declaration",0 1,none (current code value),"",NaN,0,,,0,1,1,"Explicit Berger13 research placeholder; not Berger or XV-15 data."
PAR-0133,BERGER13_RESEARCH_EXTENSION,nacelle.betaMin,"params_berger13.nacelle.betaMin",0,rad,RESEARCH_PLACEHOLDER,GENERIC_ASSUMED,ACTUATOR,model/berger13/params_berger13.m,"explicit namespace-local declaration",0 rad,none (current code value),"",NaN,0,,,0,1,1,"Explicit Berger13 research placeholder; not Berger or XV-15 data."
PAR-0134,BERGER13_RESEARCH_EXTENSION,nacelle.betaMax,"params_berger13.nacelle.betaMax",1.57079632679,rad,RESEARCH_PLACEHOLDER,GENERIC_ASSUMED,ACTUATOR,model/berger13/params_berger13.m,"explicit namespace-local declaration",1.57079632679 rad,none (current code value),"",NaN,0,,,0,1,1,"Explicit Berger13 research placeholder; not Berger or XV-15 data."
PAR-0135,BERGER13_RESEARCH_EXTENSION,nacelle.betaDotLim,"params_berger13.nacelle.betaDotLim",0.349065850399,rad,RESEARCH_PLACEHOLDER,GENERIC_ASSUMED,ACTUATOR,model/berger13/params_berger13.m,"explicit namespace-local declaration",0.349065850399 rad,none (current code value),"",NaN,0,,,0,1,1,"Explicit Berger13 research placeholder; not Berger or XV-15 data."
PAR-0136,BERGER13_RESEARCH_EXTENSION,nacelle.torqueLim,"params_berger13.nacelle.torqueLim",50000,N m,RESEARCH_PLACEHOLDER,GENERIC_ASSUMED,ACTUATOR,model/berger13/params_berger13.m,"explicit namespace-local declaration",50000 N m,none (current code value),"",NaN,0,,,0,1,1,"Explicit Berger13 research placeholder; not Berger or XV-15 data."
PAR-0137,BERGER13_RESEARCH_EXTENSION,nacelle.parameterSource,"params_berger13.nacelle.parameterSource",RESEARCH_PLACEHOLDER,1,ASSUMED_MODEL_PARAMETER,NUMERICAL_ONLY,ACTUATOR,model/berger13/params_berger13.m,"explicit namespace-local declaration",RESEARCH_PLACEHOLDER 1,none (current code value),"",NaN,0,,,0,1,1,"Metadata, implementation flag, or claim-boundary field."
PAR-0138,BERGER13_RESEARCH_EXTENSION,nacelle.parameterSources.I,"params_berger13.nacelle.parameterSources.I",RESEARCH_PLACEHOLDER,1,ASSUMED_MODEL_PARAMETER,NUMERICAL_ONLY,ACTUATOR,model/berger13/params_berger13.m,"explicit namespace-local declaration",RESEARCH_PLACEHOLDER 1,none (current code value),"",NaN,0,,,0,1,1,"Metadata, implementation flag, or claim-boundary field."
PAR-0139,BERGER13_RESEARCH_EXTENSION,nacelle.parameterSources.D,"params_berger13.nacelle.parameterSources.D",RESEARCH_PLACEHOLDER,1,ASSUMED_MODEL_PARAMETER,NUMERICAL_ONLY,ACTUATOR,model/berger13/params_berger13.m,"explicit namespace-local declaration",RESEARCH_PLACEHOLDER 1,none (current code value),"",NaN,0,,,0,1,1,"Metadata, implementation flag, or claim-boundary field."
PAR-0140,BERGER13_RESEARCH_EXTENSION,nacelle.parameterSources.K,"params_berger13.nacelle.parameterSources.K",RESEARCH_PLACEHOLDER,1,ASSUMED_MODEL_PARAMETER,NUMERICAL_ONLY,ACTUATOR,model/berger13/params_berger13.m,"explicit namespace-local declaration",RESEARCH_PLACEHOLDER 1,none (current code value),"",NaN,0,,,0,1,1,"Metadata, implementation flag, or claim-boundary field."
PAR-0141,BERGER13_RESEARCH_EXTENSION,nacelle.parameterSources.betaMin,"params_berger13.nacelle.parameterSources.betaMin",RESEARCH_PLACEHOLDER,rad,ASSUMED_MODEL_PARAMETER,NUMERICAL_ONLY,ACTUATOR,model/berger13/params_berger13.m,"explicit namespace-local declaration",RESEARCH_PLACEHOLDER rad,none (current code value),"",NaN,0,,,0,1,1,"Metadata, implementation flag, or claim-boundary field."
PAR-0142,BERGER13_RESEARCH_EXTENSION,nacelle.parameterSources.betaMax,"params_berger13.nacelle.parameterSources.betaMax",RESEARCH_PLACEHOLDER,rad,ASSUMED_MODEL_PARAMETER,NUMERICAL_ONLY,ACTUATOR,model/berger13/params_berger13.m,"explicit namespace-local declaration",RESEARCH_PLACEHOLDER rad,none (current code value),"",NaN,0,,,0,1,1,"Metadata, implementation flag, or claim-boundary field."
PAR-0143,BERGER13_RESEARCH_EXTENSION,nacelle.parameterSources.betaDotLim,"params_berger13.nacelle.parameterSources.betaDotLim",RESEARCH_PLACEHOLDER,rad,ASSUMED_MODEL_PARAMETER,NUMERICAL_ONLY,ACTUATOR,model/berger13/params_berger13.m,"explicit namespace-local declaration",RESEARCH_PLACEHOLDER rad,none (current code value),"",NaN,0,,,0,1,1,"Metadata, implementation flag, or claim-boundary field."
PAR-0144,BERGER13_RESEARCH_EXTENSION,nacelle.parameterSources.torqueLim,"params_berger13.nacelle.parameterSources.torqueLim",RESEARCH_PLACEHOLDER,N m,ASSUMED_MODEL_PARAMETER,NUMERICAL_ONLY,ACTUATOR,model/berger13/params_berger13.m,"explicit namespace-local declaration",RESEARCH_PLACEHOLDER N m,none (current code value),"",NaN,0,,,0,1,1,"Metadata, implementation flag, or claim-boundary field."
PAR-0145,BERGER13_RESEARCH_EXTENSION,nacelle.stiffnessImplemented,"params_berger13.nacelle.stiffnessImplemented",false,1,RESEARCH_PLACEHOLDER,GENERIC_ASSUMED,ACTUATOR,model/berger13/params_berger13.m,"explicit namespace-local declaration",false 1,none (current code value),"",NaN,0,,,0,1,1,"Explicit Berger13 research placeholder; not Berger or XV-15 data."
PAR-0146,BERGER13_RESEARCH_EXTENSION,commandActuator.left.omegaN,"params_berger13.commandActuator.left.omegaN",4,rad/s,RESEARCH_PLACEHOLDER,GENERIC_ASSUMED,ACTUATOR,model/berger13/params_berger13.m,"explicit namespace-local declaration",4 rad/s,none (current code value),"",NaN,0,,,0,1,1,"Explicit Berger13 research placeholder; not Berger or XV-15 data."
PAR-0147,BERGER13_RESEARCH_EXTENSION,commandActuator.left.zeta,"params_berger13.commandActuator.left.zeta",0.8,1,RESEARCH_PLACEHOLDER,GENERIC_ASSUMED,ACTUATOR,model/berger13/params_berger13.m,"explicit namespace-local declaration",0.8 1,none (current code value),"",NaN,0,,,0,1,1,"Explicit Berger13 research placeholder; not Berger or XV-15 data."
PAR-0148,BERGER13_RESEARCH_EXTENSION,commandActuator.left.accelLim,"params_berger13.commandActuator.left.accelLim",0.523598775598,rad,RESEARCH_PLACEHOLDER,GENERIC_ASSUMED,ACTUATOR,model/berger13/params_berger13.m,"explicit namespace-local declaration",0.523598775598 rad,none (current code value),"",NaN,0,,,0,1,1,"Explicit Berger13 research placeholder; not Berger or XV-15 data."
PAR-0149,BERGER13_RESEARCH_EXTENSION,commandActuator.left.rateScale,"params_berger13.commandActuator.left.rateScale",1,1,RESEARCH_PLACEHOLDER,GENERIC_ASSUMED,ACTUATOR,model/berger13/params_berger13.m,"explicit namespace-local declaration",1 1,none (current code value),"",NaN,0,,,0,1,1,"Explicit Berger13 research placeholder; not Berger or XV-15 data."
PAR-0150,BERGER13_RESEARCH_EXTENSION,commandActuator.left.commandDelay,"params_berger13.commandActuator.left.commandDelay",0,m,RESEARCH_PLACEHOLDER,GENERIC_ASSUMED,ACTUATOR,model/berger13/params_berger13.m,"explicit namespace-local declaration",0 m,none (current code value),"",NaN,0,,,0,1,1,"Explicit Berger13 research placeholder; not Berger or XV-15 data."
PAR-0151,BERGER13_RESEARCH_EXTENSION,commandActuator.left.kinematicLock,"params_berger13.commandActuator.left.kinematicLock",false,1,RESEARCH_PLACEHOLDER,GENERIC_ASSUMED,ACTUATOR,model/berger13/params_berger13.m,"explicit namespace-local declaration",false 1,none (current code value),"",NaN,0,,,0,1,1,"Explicit Berger13 research placeholder; not Berger or XV-15 data."
PAR-0152,BERGER13_RESEARCH_EXTENSION,commandActuator.left.commandFreeze,"params_berger13.commandActuator.left.commandFreeze",false,m,RESEARCH_PLACEHOLDER,GENERIC_ASSUMED,ACTUATOR,model/berger13/params_berger13.m,"explicit namespace-local declaration",false m,none (current code value),"",NaN,0,,,0,1,1,"Explicit Berger13 research placeholder; not Berger or XV-15 data."
PAR-0153,BERGER13_RESEARCH_EXTENSION,commandActuator.left.frozenCommand,"params_berger13.commandActuator.left.frozenCommand",0.785398163397,rad,RESEARCH_PLACEHOLDER,GENERIC_ASSUMED,ACTUATOR,model/berger13/params_berger13.m,"explicit namespace-local declaration",0.785398163397 rad,none (current code value),"",NaN,0,,,0,1,1,"Explicit Berger13 research placeholder; not Berger or XV-15 data."
PAR-0154,BERGER13_RESEARCH_EXTENSION,commandActuator.left.parameterSource,"params_berger13.commandActuator.left.parameterSource",RESEARCH_PLACEHOLDER,1,ASSUMED_MODEL_PARAMETER,NUMERICAL_ONLY,ACTUATOR,model/berger13/params_berger13.m,"explicit namespace-local declaration",RESEARCH_PLACEHOLDER 1,none (current code value),"",NaN,0,,,0,1,1,"Metadata, implementation flag, or claim-boundary field."
PAR-0155,BERGER13_RESEARCH_EXTENSION,commandActuator.left.parameterSources.omegaN,"params_berger13.commandActuator.left.parameterSources.omegaN",RESEARCH_PLACEHOLDER,rad/s,ASSUMED_MODEL_PARAMETER,NUMERICAL_ONLY,ACTUATOR,model/berger13/params_berger13.m,"explicit namespace-local declaration",RESEARCH_PLACEHOLDER rad/s,none (current code value),"",NaN,0,,,0,1,1,"Metadata, implementation flag, or claim-boundary field."
PAR-0156,BERGER13_RESEARCH_EXTENSION,commandActuator.left.parameterSources.zeta,"params_berger13.commandActuator.left.parameterSources.zeta",RESEARCH_PLACEHOLDER,1,ASSUMED_MODEL_PARAMETER,NUMERICAL_ONLY,ACTUATOR,model/berger13/params_berger13.m,"explicit namespace-local declaration",RESEARCH_PLACEHOLDER 1,none (current code value),"",NaN,0,,,0,1,1,"Metadata, implementation flag, or claim-boundary field."
PAR-0157,BERGER13_RESEARCH_EXTENSION,commandActuator.left.parameterSources.accelLim,"params_berger13.commandActuator.left.parameterSources.accelLim",RESEARCH_PLACEHOLDER,rad,ASSUMED_MODEL_PARAMETER,NUMERICAL_ONLY,ACTUATOR,model/berger13/params_berger13.m,"explicit namespace-local declaration",RESEARCH_PLACEHOLDER rad,none (current code value),"",NaN,0,,,0,1,1,"Metadata, implementation flag, or claim-boundary field."
PAR-0158,BERGER13_RESEARCH_EXTENSION,commandActuator.left.parameterSources.rateScale,"params_berger13.commandActuator.left.parameterSources.rateScale",ASSUMED_MODEL_PARAMETER,1,ASSUMED_MODEL_PARAMETER,NUMERICAL_ONLY,ACTUATOR,model/berger13/params_berger13.m,"explicit namespace-local declaration",ASSUMED_MODEL_PARAMETER 1,none (current code value),"",NaN,0,,,0,1,1,"Metadata, implementation flag, or claim-boundary field."
PAR-0159,BERGER13_RESEARCH_EXTENSION,commandActuator.left.parameterSources.commandDelay,"params_berger13.commandActuator.left.parameterSources.commandDelay",RESEARCH_PLACEHOLDER,m,ASSUMED_MODEL_PARAMETER,NUMERICAL_ONLY,ACTUATOR,model/berger13/params_berger13.m,"explicit namespace-local declaration",RESEARCH_PLACEHOLDER m,none (current code value),"",NaN,0,,,0,1,1,"Metadata, implementation flag, or claim-boundary field."
PAR-0160,BERGER13_RESEARCH_EXTENSION,commandActuator.left.parameterSources.faultFlags,"params_berger13.commandActuator.left.parameterSources.faultFlags",ASSUMED_MODEL_PARAMETER,1,ASSUMED_MODEL_PARAMETER,NUMERICAL_ONLY,ACTUATOR,model/berger13/params_berger13.m,"explicit namespace-local declaration",ASSUMED_MODEL_PARAMETER 1,none (current code value),"",NaN,0,,,0,1,1,"Metadata, implementation flag, or claim-boundary field."
PAR-0161,BERGER13_RESEARCH_EXTENSION,commandActuator.right.omegaN,"params_berger13.commandActuator.right.omegaN",4,rad/s,RESEARCH_PLACEHOLDER,GENERIC_ASSUMED,ACTUATOR,model/berger13/params_berger13.m,"explicit namespace-local declaration",4 rad/s,none (current code value),"",NaN,0,,,0,1,1,"Explicit Berger13 research placeholder; not Berger or XV-15 data."
PAR-0162,BERGER13_RESEARCH_EXTENSION,commandActuator.right.zeta,"params_berger13.commandActuator.right.zeta",0.8,1,RESEARCH_PLACEHOLDER,GENERIC_ASSUMED,ACTUATOR,model/berger13/params_berger13.m,"explicit namespace-local declaration",0.8 1,none (current code value),"",NaN,0,,,0,1,1,"Explicit Berger13 research placeholder; not Berger or XV-15 data."
PAR-0163,BERGER13_RESEARCH_EXTENSION,commandActuator.right.accelLim,"params_berger13.commandActuator.right.accelLim",0.523598775598,rad,RESEARCH_PLACEHOLDER,GENERIC_ASSUMED,ACTUATOR,model/berger13/params_berger13.m,"explicit namespace-local declaration",0.523598775598 rad,none (current code value),"",NaN,0,,,0,1,1,"Explicit Berger13 research placeholder; not Berger or XV-15 data."
PAR-0164,BERGER13_RESEARCH_EXTENSION,commandActuator.right.rateScale,"params_berger13.commandActuator.right.rateScale",1,1,RESEARCH_PLACEHOLDER,GENERIC_ASSUMED,ACTUATOR,model/berger13/params_berger13.m,"explicit namespace-local declaration",1 1,none (current code value),"",NaN,0,,,0,1,1,"Explicit Berger13 research placeholder; not Berger or XV-15 data."
PAR-0165,BERGER13_RESEARCH_EXTENSION,commandActuator.right.commandDelay,"params_berger13.commandActuator.right.commandDelay",0,m,RESEARCH_PLACEHOLDER,GENERIC_ASSUMED,ACTUATOR,model/berger13/params_berger13.m,"explicit namespace-local declaration",0 m,none (current code value),"",NaN,0,,,0,1,1,"Explicit Berger13 research placeholder; not Berger or XV-15 data."
PAR-0166,BERGER13_RESEARCH_EXTENSION,commandActuator.right.kinematicLock,"params_berger13.commandActuator.right.kinematicLock",false,1,RESEARCH_PLACEHOLDER,GENERIC_ASSUMED,ACTUATOR,model/berger13/params_berger13.m,"explicit namespace-local declaration",false 1,none (current code value),"",NaN,0,,,0,1,1,"Explicit Berger13 research placeholder; not Berger or XV-15 data."
PAR-0167,BERGER13_RESEARCH_EXTENSION,commandActuator.right.commandFreeze,"params_berger13.commandActuator.right.commandFreeze",false,m,RESEARCH_PLACEHOLDER,GENERIC_ASSUMED,ACTUATOR,model/berger13/params_berger13.m,"explicit namespace-local declaration",false m,none (current code value),"",NaN,0,,,0,1,1,"Explicit Berger13 research placeholder; not Berger or XV-15 data."
PAR-0168,BERGER13_RESEARCH_EXTENSION,commandActuator.right.frozenCommand,"params_berger13.commandActuator.right.frozenCommand",0.785398163397,rad,RESEARCH_PLACEHOLDER,GENERIC_ASSUMED,ACTUATOR,model/berger13/params_berger13.m,"explicit namespace-local declaration",0.785398163397 rad,none (current code value),"",NaN,0,,,0,1,1,"Explicit Berger13 research placeholder; not Berger or XV-15 data."
PAR-0169,BERGER13_RESEARCH_EXTENSION,commandActuator.right.parameterSource,"params_berger13.commandActuator.right.parameterSource",RESEARCH_PLACEHOLDER,1,ASSUMED_MODEL_PARAMETER,NUMERICAL_ONLY,ACTUATOR,model/berger13/params_berger13.m,"explicit namespace-local declaration",RESEARCH_PLACEHOLDER 1,none (current code value),"",NaN,0,,,0,1,1,"Metadata, implementation flag, or claim-boundary field."
PAR-0170,BERGER13_RESEARCH_EXTENSION,commandActuator.right.parameterSources.omegaN,"params_berger13.commandActuator.right.parameterSources.omegaN",RESEARCH_PLACEHOLDER,rad/s,ASSUMED_MODEL_PARAMETER,NUMERICAL_ONLY,ACTUATOR,model/berger13/params_berger13.m,"explicit namespace-local declaration",RESEARCH_PLACEHOLDER rad/s,none (current code value),"",NaN,0,,,0,1,1,"Metadata, implementation flag, or claim-boundary field."
PAR-0171,BERGER13_RESEARCH_EXTENSION,commandActuator.right.parameterSources.zeta,"params_berger13.commandActuator.right.parameterSources.zeta",RESEARCH_PLACEHOLDER,1,ASSUMED_MODEL_PARAMETER,NUMERICAL_ONLY,ACTUATOR,model/berger13/params_berger13.m,"explicit namespace-local declaration",RESEARCH_PLACEHOLDER 1,none (current code value),"",NaN,0,,,0,1,1,"Metadata, implementation flag, or claim-boundary field."
PAR-0172,BERGER13_RESEARCH_EXTENSION,commandActuator.right.parameterSources.accelLim,"params_berger13.commandActuator.right.parameterSources.accelLim",RESEARCH_PLACEHOLDER,rad,ASSUMED_MODEL_PARAMETER,NUMERICAL_ONLY,ACTUATOR,model/berger13/params_berger13.m,"explicit namespace-local declaration",RESEARCH_PLACEHOLDER rad,none (current code value),"",NaN,0,,,0,1,1,"Metadata, implementation flag, or claim-boundary field."
PAR-0173,BERGER13_RESEARCH_EXTENSION,commandActuator.right.parameterSources.rateScale,"params_berger13.commandActuator.right.parameterSources.rateScale",ASSUMED_MODEL_PARAMETER,1,ASSUMED_MODEL_PARAMETER,NUMERICAL_ONLY,ACTUATOR,model/berger13/params_berger13.m,"explicit namespace-local declaration",ASSUMED_MODEL_PARAMETER 1,none (current code value),"",NaN,0,,,0,1,1,"Metadata, implementation flag, or claim-boundary field."
PAR-0174,BERGER13_RESEARCH_EXTENSION,commandActuator.right.parameterSources.commandDelay,"params_berger13.commandActuator.right.parameterSources.commandDelay",RESEARCH_PLACEHOLDER,m,ASSUMED_MODEL_PARAMETER,NUMERICAL_ONLY,ACTUATOR,model/berger13/params_berger13.m,"explicit namespace-local declaration",RESEARCH_PLACEHOLDER m,none (current code value),"",NaN,0,,,0,1,1,"Metadata, implementation flag, or claim-boundary field."
PAR-0175,BERGER13_RESEARCH_EXTENSION,commandActuator.right.parameterSources.faultFlags,"params_berger13.commandActuator.right.parameterSources.faultFlags",ASSUMED_MODEL_PARAMETER,1,ASSUMED_MODEL_PARAMETER,NUMERICAL_ONLY,ACTUATOR,model/berger13/params_berger13.m,"explicit namespace-local declaration",ASSUMED_MODEL_PARAMETER 1,none (current code value),"",NaN,0,,,0,1,1,"Metadata, implementation flag, or claim-boundary field."
PAR-0176,BERGER13_RESEARCH_EXTENSION,movingComponents.left.mass,"params_berger13.movingComponents.left.mass",450,kg,DERIVED,GENERIC_ASSUMED,ANALYSIS_GUARD,model/berger13/params_berger13.m,"explicit namespace-local declaration",450 kg,none (current code value),"",NaN,0,,,0,1,1,"Derived split or inherited generic moving-component assumption."
PAR-0177,BERGER13_RESEARCH_EXTENSION,movingComponents.right.mass,"params_berger13.movingComponents.right.mass",450,kg,DERIVED,GENERIC_ASSUMED,ANALYSIS_GUARD,model/berger13/params_berger13.m,"explicit namespace-local declaration",450 kg,none (current code value),"",NaN,0,,,0,1,1,"Derived split or inherited generic moving-component assumption."
PAR-0178,BERGER13_RESEARCH_EXTENSION,movingComponents.radius,"params_berger13.movingComponents.radius",0.75,1,DERIVED,GENERIC_ASSUMED,ANALYSIS_GUARD,model/berger13/params_berger13.m,"explicit namespace-local declaration",0.75 1,none (current code value),"",NaN,0,,,0,1,1,"Derived split or inherited generic moving-component assumption."
PAR-0179,BERGER13_RESEARCH_EXTENSION,movingComponents.parameterSources.leftMass,"params_berger13.movingComponents.parameterSources.leftMass",DERIVED,1,ASSUMED_MODEL_PARAMETER,NUMERICAL_ONLY,ANALYSIS_GUARD,model/berger13/params_berger13.m,"explicit namespace-local declaration",DERIVED 1,none (current code value),"",NaN,0,,,0,1,1,"Metadata, implementation flag, or claim-boundary field."
PAR-0180,BERGER13_RESEARCH_EXTENSION,movingComponents.parameterSources.rightMass,"params_berger13.movingComponents.parameterSources.rightMass",DERIVED,1,ASSUMED_MODEL_PARAMETER,NUMERICAL_ONLY,ANALYSIS_GUARD,model/berger13/params_berger13.m,"explicit namespace-local declaration",DERIVED 1,none (current code value),"",NaN,0,,,0,1,1,"Metadata, implementation flag, or claim-boundary field."
PAR-0181,BERGER13_RESEARCH_EXTENSION,movingComponents.parameterSources.radius,"params_berger13.movingComponents.parameterSources.radius",ASSUMED_MODEL_PARAMETER,1,ASSUMED_MODEL_PARAMETER,NUMERICAL_ONLY,ANALYSIS_GUARD,model/berger13/params_berger13.m,"explicit namespace-local declaration",ASSUMED_MODEL_PARAMETER 1,none (current code value),"",NaN,0,,,0,1,1,"Metadata, implementation flag, or claim-boundary field."
PAR-0182,BERGER13_RESEARCH_EXTENSION,movingComponents.parameterSources.localInertia,"params_berger13.movingComponents.parameterSources.localInertia",UNKNOWN,1,ASSUMED_MODEL_PARAMETER,NUMERICAL_ONLY,ANALYSIS_GUARD,model/berger13/params_berger13.m,"explicit namespace-local declaration",UNKNOWN 1,none (current code value),"",NaN,0,,,0,1,1,"Metadata, implementation flag, or claim-boundary field."
PAR-0183,BERGER13_RESEARCH_EXTENSION,movingComponents.localInertiaCorrectionImplemented,"params_berger13.movingComponents.localInertiaCorrectionImplemented",false,1,DERIVED,GENERIC_ASSUMED,ANALYSIS_GUARD,model/berger13/params_berger13.m,"explicit namespace-local declaration",false 1,none (current code value),"",NaN,0,,,0,1,1,"Derived split or inherited generic moving-component assumption."
PAR-0184,BERGER13_RESEARCH_EXTENSION,mechanics.actuatorReactionTorqueImplemented,"params_berger13.mechanics.actuatorReactionTorqueImplemented",true,m,ASSUMED_MODEL_PARAMETER,NUMERICAL_ONLY,ANALYSIS_GUARD,model/berger13/params_berger13.m,"explicit namespace-local declaration",true m,none (current code value),"",NaN,0,,,0,1,1,"Metadata, implementation flag, or claim-boundary field."
PAR-0185,BERGER13_RESEARCH_EXTENSION,mechanics.nacelleRateGyroImplemented,"params_berger13.mechanics.nacelleRateGyroImplemented",true,m,ASSUMED_MODEL_PARAMETER,NUMERICAL_ONLY,ANALYSIS_GUARD,model/berger13/params_berger13.m,"explicit namespace-local declaration",true m,none (current code value),"",NaN,0,,,0,1,1,"Metadata, implementation flag, or claim-boundary field."
PAR-0186,BERGER13_RESEARCH_EXTENSION,mechanics.iDotOmegaImplemented,"params_berger13.mechanics.iDotOmegaImplemented",false,rad/s,ASSUMED_MODEL_PARAMETER,NUMERICAL_ONLY,ANALYSIS_GUARD,model/berger13/params_berger13.m,"explicit namespace-local declaration",false rad/s,none (current code value),"",NaN,0,,,0,1,1,"Metadata, implementation flag, or claim-boundary field."
PAR-0187,BERGER13_RESEARCH_EXTENSION,mechanics.movingMassAccelerationImplemented,"params_berger13.mechanics.movingMassAccelerationImplemented",false,1,ASSUMED_MODEL_PARAMETER,NUMERICAL_ONLY,ANALYSIS_GUARD,model/berger13/params_berger13.m,"explicit namespace-local declaration",false 1,none (current code value),"",NaN,0,,,0,1,1,"Metadata, implementation flag, or claim-boundary field."
PAR-0188,BERGER13_RESEARCH_EXTENSION,mechanics.transmissionHigherOrderImplemented,"params_berger13.mechanics.transmissionHigherOrderImplemented",false,1,ASSUMED_MODEL_PARAMETER,NUMERICAL_ONLY,ANALYSIS_GUARD,model/berger13/params_berger13.m,"explicit namespace-local declaration",false 1,none (current code value),"",NaN,0,,,0,1,1,"Metadata, implementation flag, or claim-boundary field."
PAR-0189,BERGER13_RESEARCH_EXTENSION,mechanics.externalHingeTorqueImplemented,"params_berger13.mechanics.externalHingeTorqueImplemented",false,1,ASSUMED_MODEL_PARAMETER,NUMERICAL_ONLY,ANALYSIS_GUARD,model/berger13/params_berger13.m,"explicit namespace-local declaration",false 1,none (current code value),"",NaN,0,,,0,1,1,"Metadata, implementation flag, or claim-boundary field."
PAR-0190,BERGER13_RESEARCH_EXTENSION,mechanics.mechanicalJamImplemented,"params_berger13.mechanics.mechanicalJamImplemented",false,1,ASSUMED_MODEL_PARAMETER,NUMERICAL_ONLY,ANALYSIS_GUARD,model/berger13/params_berger13.m,"explicit namespace-local declaration",false 1,none (current code value),"",NaN,0,,,0,1,1,"Metadata, implementation flag, or claim-boundary field."
PAR-0191,BERGER13_RESEARCH_EXTENSION,mechanics.couplingBoundary,"params_berger13.mechanics.couplingBoundary",PRESCRIBED_NACELLE_MOTION_TO_RIGID_BODY_ONE_WAY,m,ASSUMED_MODEL_PARAMETER,NUMERICAL_ONLY,ANALYSIS_GUARD,model/berger13/params_berger13.m,"explicit namespace-local declaration",PRESCRIBED_NACELLE_MOTION_TO_RIGID_BODY_ONE_WAY m,none (current code value),"",NaN,0,,,0,1,1,"Metadata, implementation flag, or claim-boundary field."
PAR-0192,BERGER13_RESEARCH_EXTENSION,linear.dx,"params_berger13.linear.dx",[0.05;0.05;0.05;0.001;0.001;0.001;0.0001;0.0001;0.0001;0.0001;0.0001;0.0001;0.0001],1,ASSUMED_MODEL_PARAMETER,NUMERICAL_ONLY,NUMERICAL,model/berger13/params_berger13.m,"explicit namespace-local declaration",[0.05;0.05;0.05;0.001;0.001;0.001;0.0001;0.0001;0.0001;0.0001;0.0001;0.0001;0.0001] 1,none (current code value),"",NaN,0,,,0,1,0,"Numerical differentiation metadata."
PAR-0193,BERGER13_RESEARCH_EXTENSION,linear.du,"params_berger13.linear.du",[0.0001;0.0001;0.0001;0.0001;0.0001;0.0001;0.0001;0.0001;10;10],1,ASSUMED_MODEL_PARAMETER,NUMERICAL_ONLY,NUMERICAL,model/berger13/params_berger13.m,"explicit namespace-local declaration",[0.0001;0.0001;0.0001;0.0001;0.0001;0.0001;0.0001;0.0001;10;10] 1,none (current code value),"",NaN,0,,,0,1,0,"Numerical differentiation metadata."
PAR-0194,BERGER13_RESEARCH_EXTENSION,linear.parameterSource,"params_berger13.linear.parameterSource",ASSUMED_MODEL_PARAMETER,1,ASSUMED_MODEL_PARAMETER,NUMERICAL_ONLY,NUMERICAL,model/berger13/params_berger13.m,"explicit namespace-local declaration",ASSUMED_MODEL_PARAMETER 1,none (current code value),"",NaN,0,,,0,1,1,"Metadata, implementation flag, or claim-boundary field."
PAR-0195,BERGER13_RESEARCH_EXTENSION,linearCommand.dx,"params_berger13.linearCommand.dx",[0.05;0.05;0.05;0.001;0.001;0.001;0.0001;0.0001;0.0001;0.0001;0.0001;0.0001;0.0001],1,ASSUMED_MODEL_PARAMETER,NUMERICAL_ONLY,NUMERICAL,model/berger13/params_berger13.m,"explicit namespace-local declaration",[0.05;0.05;0.05;0.001;0.001;0.001;0.0001;0.0001;0.0001;0.0001;0.0001;0.0001;0.0001] 1,none (current code value),"",NaN,0,,,0,1,0,"Numerical differentiation metadata."
PAR-0196,BERGER13_RESEARCH_EXTENSION,linearCommand.du,"params_berger13.linearCommand.du",[0.0001;0.0001;0.0001;0.0001;0.0001;0.0001;0.0001;0.0001;0.0001;0.0001],1,ASSUMED_MODEL_PARAMETER,NUMERICAL_ONLY,NUMERICAL,model/berger13/params_berger13.m,"explicit namespace-local declaration",[0.0001;0.0001;0.0001;0.0001;0.0001;0.0001;0.0001;0.0001;0.0001;0.0001] 1,none (current code value),"",NaN,0,,,0,1,0,"Numerical differentiation metadata."
PAR-0197,BERGER13_RESEARCH_EXTENSION,linearCommand.parameterSource,"params_berger13.linearCommand.parameterSource",ASSUMED_MODEL_PARAMETER,1,ASSUMED_MODEL_PARAMETER,NUMERICAL_ONLY,ANALYSIS_GUARD,model/berger13/params_berger13.m,"explicit namespace-local declaration",ASSUMED_MODEL_PARAMETER 1,none (current code value),"",NaN,0,,,0,1,1,"Metadata, implementation flag, or claim-boundary field."
PAR-0198,XV15_PUBLIC_REFERENCE_PARTIAL,mass.m,"overlay.mass.m",5896.70081,kg,REFERENCE,XV15_DIRECT,MASS,NASA/Army XV-15 Tilt Rotor Research Aircraft Familiarization Document; NASA TM X-62407 / A-5870; Tilt Rotor Project Office Staff; coordinated by Martin Maisel; 1975; local file NASA_TM_X_62407.pdf,"PDF 11; printed 5; Section 3.1.1, aircraft weights",13000 lb,13000 lb * 0.45359237 kg/lb,"5896.70081",1.75181331609734,0,,,0,1,0,"design gross weight; One documented weight state; not basic or research-mission empty."
PAR-0199,XV15_PUBLIC_REFERENCE_PARTIAL,mass.I0,"overlay.mass.I0(1,1)",57486.6810093,kg m^2,REFERENCE,XV15_DIRECT,INERTIA,NASA/Army XV-15 Tilt Rotor Research Aircraft Familiarization Document; NASA TM X-62407 / A-5870; Tilt Rotor Project Office Staff; coordinated by Martin Maisel; 1975; local file NASA_TM_X_62407.pdf,"PDF 15; printed 12; Section 3.1.3, roll inertia table",42400 slug ft^2,value * 1.3558179483314004 kg m^2/(slug ft^2),"57486.6810093",68.688399323135,0,,,0,1,0,"13000 lb, helicopter configuration; Diagonal only; cross inertia is not reported in this table."
PAR-0200,XV15_PUBLIC_REFERENCE_PARTIAL,mass.KI,"overlay.mass.KI(1,1)",1639.96697591,kg m^2/rad,DERIVED,XV15_DERIVED,INERTIA,NASA/Army XV-15 Tilt Rotor Research Aircraft Familiarization Document; NASA TM X-62407 / A-5870; Tilt Rotor Project Office Staff; coordinated by Martin Maisel; 1975; local file NASA_TM_X_62407.pdf,"PDF 15; printed 12; Section 3.1.3 endpoint difference, roll",helicopter 42400; airplane 40500 slug ft^2,(I_helicopter-I_airplane)*1.3558179483314004/(pi/2),"1639.96697591",81.7069487126156,0,,,0,1,1,"linear interpolation imposed by current low-order inertia law; Derived endpoint slope; not evidence that the real variation is linear."
PAR-0201,XV15_PUBLIC_REFERENCE_PARTIAL,mass.I0,"overlay.mass.I0(2,2)",19388.1966611,kg m^2,REFERENCE,XV15_DIRECT,INERTIA,NASA/Army XV-15 Tilt Rotor Research Aircraft Familiarization Document; NASA TM X-62407 / A-5870; Tilt Rotor Project Office Staff; coordinated by Martin Maisel; 1975; local file NASA_TM_X_62407.pdf,"PDF 15; printed 12; Section 3.1.3, pitch inertia table",14300 slug ft^2,value * 1.3558179483314004 kg m^2/(slug ft^2),"19388.1966611",54.7333180301955,0,,,0,1,0,"13000 lb, helicopter configuration; Diagonal only; cross inertia is not reported in this table."
PAR-0202,XV15_PUBLIC_REFERENCE_PARTIAL,mass.KI,"overlay.mass.KI(2,2)",949.454565002,kg m^2/rad,DERIVED,XV15_DERIVED,INERTIA,NASA/Army XV-15 Tilt Rotor Research Aircraft Familiarization Document; NASA TM X-62407 / A-5870; Tilt Rotor Project Office Staff; coordinated by Martin Maisel; 1975; local file NASA_TM_X_62407.pdf,"PDF 15; printed 12; Section 3.1.3 endpoint difference, pitch",helicopter 14300; airplane 13200 slug ft^2,(I_helicopter-I_airplane)*1.3558179483314004/(pi/2),"949.454565002",47.3381856878328,0,,,0,1,1,"linear interpolation imposed by current low-order inertia law; Derived endpoint slope; not evidence that the real variation is linear."
PAR-0203,XV15_PUBLIC_REFERENCE_PARTIAL,mass.I0,"overlay.mass.I0(3,3)",67112.9884424,kg m^2,REFERENCE,XV15_DIRECT,INERTIA,NASA/Army XV-15 Tilt Rotor Research Aircraft Familiarization Document; NASA TM X-62407 / A-5870; Tilt Rotor Project Office Staff; coordinated by Martin Maisel; 1975; local file NASA_TM_X_62407.pdf,"PDF 15; printed 12; Section 3.1.3, yaw inertia table",49500 slug ft^2,value * 1.3558179483314004 kg m^2/(slug ft^2),"67112.9884424",32.9488955202486,0,,,0,1,0,"13000 lb, helicopter configuration; Diagonal only; cross inertia is not reported in this table."
PAR-0204,XV15_PUBLIC_REFERENCE_PARTIAL,mass.KI,"overlay.mass.KI(3,3)",-690.512410911,kg m^2/rad,DERIVED,XV15_DERIVED,INERTIA,NASA/Army XV-15 Tilt Rotor Research Aircraft Familiarization Document; NASA TM X-62407 / A-5870; Tilt Rotor Project Office Staff; coordinated by Martin Maisel; 1975; local file NASA_TM_X_62407.pdf,"PDF 15; printed 12; Section 3.1.3 endpoint difference, yaw",helicopter 49500; airplane 50300 slug ft^2,(I_helicopter-I_airplane)*1.3558179483314004/(pi/2),"-690.512410911",157.927995743384,0,,,0,1,1,"linear interpolation imposed by current low-order inertia law; Derived endpoint slope; not evidence that the real variation is linear."
PAR-0205,XV15_PUBLIC_REFERENCE_PARTIAL,rotor.R,"overlay.rotor.R",3.81,m,REFERENCE,XV15_DIRECT,GEOMETRY,NASA/Army XV-15 Tilt Rotor Research Aircraft Familiarization Document; NASA TM X-62407 / A-5870; Tilt Rotor Project Office Staff; coordinated by Martin Maisel; 1975; local file NASA_TM_X_62407.pdf,"PDF 20; printed 17; Section 3.7, 25 ft rotor diameter",25 ft diameter,25 ft * 0.3048 / 2,"3.81",0.262467191601056,0,,,0,1,0,"XV-15 nominal rotor; "
PAR-0206,XV15_PUBLIC_REFERENCE_PARTIAL,rotor.Nb,"overlay.rotor.Nb",3,1,REFERENCE,XV15_DIRECT,GEOMETRY,NASA/Army XV-15 Tilt Rotor Research Aircraft Familiarization Document; NASA TM X-62407 / A-5870; Tilt Rotor Project Office Staff; coordinated by Martin Maisel; 1975; local file NASA_TM_X_62407.pdf,"PDF 20; printed 17; Section 3.7, number of blades per rotor",3 count,identity,"3",0,0,,,0,1,0,"XV-15 nominal rotor; "
PAR-0207,XV15_PUBLIC_REFERENCE_PARTIAL,rotor.Omega,"overlay.rotor.Omega",59.1666616426,rad/s,REFERENCE,XV15_DIRECT,ROTOR_AERO,NASA/Army XV-15 Tilt Rotor Research Aircraft Familiarization Document; NASA TM X-62407 / A-5870; Tilt Rotor Project Office Staff; coordinated by Martin Maisel; 1975; local file NASA_TM_X_62407.pdf,"PDF 22; printed 19; Section 3.8, hover/helicopter nominal rpm",565 rpm,565 rpm * 2*pi/60,"59.1666616426",4.78874129236295,0,,,0,1,1,"hover/helicopter reference only; The current scalar interface cannot also represent the documented 458 rpm airplane value; the overlay therefore uses the hover value."
PAR-0208,XV15_PUBLIC_REFERENCE_PARTIAL,rotor.chord,"overlay.rotor.chord",0.3556,m,REFERENCE,XV15_DIRECT,GEOMETRY,NASA/Army XV-15 Tilt Rotor Research Aircraft Familiarization Document; NASA TM X-62407 / A-5870; Tilt Rotor Project Office Staff; coordinated by Martin Maisel; 1975; local file NASA_TM_X_62407.pdf,"PDF 20; printed 17; Section 3.7, blade chord",14 in,14 in * 0.0254,"0.3556",6.86164229471317,0,,,0,1,0,"XV-15 nominal rotor; "
PAR-0209,XV15_PUBLIC_REFERENCE_PARTIAL,rotor.twistTip,"overlay.rotor.twistTip",-0.785398163397,rad,REFERENCE,XV15_DIRECT,ROTOR_AERO,The XV-15 Tilt Rotor Research Aircraft; NASA TM-81244 / AVRADCOM-TR-80-A-15 / A-8343; D. C. Dugan; R. G. Erhart; L. G. Schroers; 1980; local file NASA_TM_81244.pdf,"PDF 4; printed 2; Design Characteristics, 45 deg root-to-tip blade twist",45 deg magnitude,-45 deg * pi/180,"-0.785398163397",86.6666666666667,0,,,0,1,1,"root-to-tip aerodynamic twist; negative toward tip; Sign follows the project linear twist convention."
PAR-0210,XV15_PUBLIC_REFERENCE_PARTIAL,rotor.pivotY,"overlay.rotor.pivotY",4.902708,m,DERIVED,XV15_DERIVED,GEOMETRY,NASA/Army XV-15 Tilt Rotor Research Aircraft Familiarization Document; NASA TM X-62407 / A-5870; Tilt Rotor Project Office Staff; coordinated by Martin Maisel; 1975; local file NASA_TM_X_62407.pdf,"PDF 15; printed 12; Section 3.3 wing span footnote a",32.17 ft,32.17 ft * 0.3048 / 2,"4.902708",1.98445430566127,0,,,0,1,0,"half distance between rotor centerlines at tilt axes; Direct span divided by two for the symmetric body-y coordinate."
PAR-0211,XV15_PUBLIC_REFERENCE_PARTIAL,wing.S,"overlay.wing.S",15.70061376,m^2,REFERENCE,XV15_DIRECT,GEOMETRY,NASA/Army XV-15 Tilt Rotor Research Aircraft Familiarization Document; NASA TM X-62407 / A-5870; Tilt Rotor Project Office Staff; coordinated by Martin Maisel; 1975; local file NASA_TM_X_62407.pdf,"PDF 15; printed 12; Section 3.3 dimensions table",169.0 ft^2,169.0 ft^2 * 0.09290304,"15.70061376",14.6451997046006,0,,,0,1,0,"documented wing reference area; "
PAR-0212,XV15_PUBLIC_REFERENCE_PARTIAL,wing.b,"overlay.wing.b",9.805416,m,REFERENCE,XV15_DIRECT,GEOMETRY,NASA/Army XV-15 Tilt Rotor Research Aircraft Familiarization Document; NASA TM X-62407 / A-5870; Tilt Rotor Project Office Staff; coordinated by Martin Maisel; 1975; local file NASA_TM_X_62407.pdf,"PDF 15; printed 12; Section 3.3 dimensions table and footnote a",32.17 ft,32.17 ft * 0.3048,"9.805416",1.98445430566127,0,,,0,1,1,"between rotor centerlines at tilt axes; Used as the present low-order wing span reference."
PAR-0213,XV15_PUBLIC_REFERENCE_PARTIAL,wing.c,"overlay.wing.c",1.6002,m,REFERENCE,XV15_DIRECT,GEOMETRY,NASA/Army XV-15 Tilt Rotor Research Aircraft Familiarization Document; NASA TM X-62407 / A-5870; Tilt Rotor Project Office Staff; coordinated by Martin Maisel; 1975; local file NASA_TM_X_62407.pdf,"PDF 15; printed 12; Section 3.3 mean aerodynamic chord",5.25 ft,5.25 ft * 0.3048,"1.6002",6.26171728533934,0,,,0,1,0,"wing mean aerodynamic chord; "
PAR-0214,XV15_PUBLIC_REFERENCE_PARTIAL,htail.S,"overlay.htail.S",4.66837776,m^2,REFERENCE,XV15_DIRECT,GEOMETRY,NASA/Army XV-15 Tilt Rotor Research Aircraft Familiarization Document; NASA TM X-62407 / A-5870; Tilt Rotor Project Office Staff; coordinated by Martin Maisel; 1975; local file NASA_TM_X_62407.pdf,"PDF 15; printed 12; Section 3.3 horizontal-tail area",50.25 ft^2,50.25 ft^2 * 0.09290304,"4.66837776",3.60677238767413,0,,,0,1,0,"horizontal tail total area; "
PAR-0215,XV15_PUBLIC_REFERENCE_PARTIAL,htail.c,"overlay.htail.c",1.194816,m,REFERENCE,XV15_DIRECT,GEOMETRY,NASA/Army XV-15 Tilt Rotor Research Aircraft Familiarization Document; NASA TM X-62407 / A-5870; Tilt Rotor Project Office Staff; coordinated by Martin Maisel; 1975; local file NASA_TM_X_62407.pdf,"PDF 15; printed 12; Section 3.3 horizontal-tail mean chord",3.92 ft,3.92 ft * 0.3048,"1.194816",16.305104719053,0,,,0,1,0,"horizontal tail mean aerodynamic chord; "
PAR-0216,XV15_PUBLIC_REFERENCE_PARTIAL,vtail.SEach,"overlay.vtail.SEach",2.34580176,m^2,DERIVED,XV15_DERIVED,GEOMETRY,NASA/Army XV-15 Tilt Rotor Research Aircraft Familiarization Document; NASA TM X-62407 / A-5870; Tilt Rotor Project Office Staff; coordinated by Martin Maisel; 1975; local file NASA_TM_X_62407.pdf,"PDF 15; printed 12; Section 3.3 vertical-tail total area",50.5 ft^2 total,50.5 ft^2 * 0.09290304 / 2,"2.34580176",31.7930429040176,0,,,0,1,1,"symmetric twin-tail split; Equal per-fin split is imposed by the present symmetric twin-tail model."
PAR-0217,XV15_PUBLIC_REFERENCE_PARTIAL,vtail.c,"overlay.vtail.c",1.133856,m,REFERENCE,XV15_DIRECT,GEOMETRY,NASA/Army XV-15 Tilt Rotor Research Aircraft Familiarization Document; NASA TM X-62407 / A-5870; Tilt Rotor Project Office Staff; coordinated by Martin Maisel; 1975; local file NASA_TM_X_62407.pdf,"PDF 15; printed 12; Section 3.3 vertical-tail mean aerodynamic chord",3.72 ft,3.72 ft * 0.3048,"1.133856",29.4443033330511,0,,,0,1,0,"vertical tail mean aerodynamic chord; This field is metadata in the current model and does not affect loads."
PAR-0218,XV15_PUBLIC_REFERENCE_PARTIAL,control.elevatorLim,"overlay.control.elevatorLim",[-0.349065850399 0.349065850399],rad,REFERENCE,XV15_DIRECT,CONTROL_LIMIT,NASA/Army XV-15 Tilt Rotor Research Aircraft Familiarization Document; NASA TM X-62407 / A-5870; Tilt Rotor Project Office Staff; coordinated by Martin Maisel; 1975; local file NASA_TM_X_62407.pdf,"PDF 17; printed 14; Section 3.4 movable-surface table",+/-20 deg,[-20 20] deg * pi/180,"[-0.349065850399 0.349065850399]",0,0,,,0,1,0,"elevator surface deflection; "
PAR-0219,XV15_PUBLIC_REFERENCE_PARTIAL,control.rudderLim,"overlay.control.rudderLim",[-0.349065850399 0.349065850399],rad,REFERENCE,XV15_DIRECT,CONTROL_LIMIT,NASA/Army XV-15 Tilt Rotor Research Aircraft Familiarization Document; NASA TM X-62407 / A-5870; Tilt Rotor Project Office Staff; coordinated by Martin Maisel; 1975; local file NASA_TM_X_62407.pdf,"PDF 17; printed 14; Section 3.4 movable-surface table",+/-20 deg,[-20 20] deg * pi/180,"[-0.349065850399 0.349065850399]",50,0,,,0,1,0,"rudder surface deflection; "
