pointId,modeId,localModeIndex,realPartPerSecond,imagPartRadPerSecond,dampingRatio,frequencyHz,modeName,matchingConfidence
B15_V010,1,1,0,0,-0,0,spiral-like,1
B15_V010,2,2,-1.78705459837072,0,1,0,roll-like,1
B15_V010,3,3,-0.0349035589564678,0.392653319012613,0.0885424121517665,0.0624927166422962,dutch-roll-like,1
B15_V010,4,4,-0.0349035589564678,-0.392653319012613,0.0885424121517665,0.0624927166422962,dutch-roll-like,1
B15_V010,5,5,0.105512755965404,0,-1,0,spiral-like,1
B15_V010,6,6,-0.286909674078778,0.417074889466288,0.56675775742259,0.0663795302980655,short-period-like,1
B15_V010,7,7,-0.286909674078778,-0.417074889466288,0.56675775742259,0.0663795302980655,short-period-like,1
B15_V010,8,8,0.228446180367758,0,-1,0,longitudinal aperiodic,1
B15_V010,9,9,-0.0490464033801025,0,1,0,longitudinal aperiodic,1
B15_V010,10,10,-3.2,2.39999999999963,0.800000000000044,0.38197186342049,symmetric nacelle actuator,1
B15_V010,11,11,-3.2,-2.39999999999963,0.800000000000044,0.38197186342049,symmetric nacelle actuator,1
B15_V010,12,12,-3.2,2.39999999999963,0.800000000000044,0.38197186342049,differential nacelle actuator,1
B15_V010,13,13,-3.2,-2.39999999999963,0.800000000000044,0.38197186342049,differential nacelle actuator,1
B15_V020,1,1,0,0,-0,0,spiral-like,1
B15_V020,2,2,-2.34657414497128,0,1,0,roll-like,0.854386287727811
B15_V020,3,3,-0.0645326441584508,0.505957537186511,0.126520614323791,0.0805256430378346,dutch-roll-like,0.921229002196447
B15_V020,4,4,-0.0645326441584508,-0.505957537186511,0.126520614323791,0.0805256430378346,dutch-roll-like,0.921229002196447
B15_V020,6,5,-0.401553807125402,0.698392670051163,0.498450621283159,0.11115264565779,short-period-like,0.772097190207973
B15_V020,7,6,-0.401553807125402,-0.698392670051163,0.498450621283159,0.11115264565779,short-period-like,0.772097190207973
B15_V020,5,7,0.0801928555583732,0,-1,0,spiral-like,0.865283161299401
B15_V020,9,8,-0.000311118344310467,0,1,0,longitudinal aperiodic,0.968635367899045
B15_V020,8,9,0.0963053426987721,0,-1,0,longitudinal aperiodic,0.909528449763315
B15_V020,10,10,-3.2,2.39999999999963,0.800000000000044,0.38197186342049,symmetric nacelle actuator,0.992137907941434
B15_V020,11,11,-3.2,-2.39999999999963,0.800000000000044,0.38197186342049,symmetric nacelle actuator,0.992137907941434
B15_V020,12,12,-3.2,2.39999999999963,0.800000000000044,0.38197186342049,differential nacelle actuator,0.950207260834175
B15_V020,13,13,-3.2,-2.39999999999963,0.800000000000044,0.38197186342049,differential nacelle actuator,0.950207260834175
B15_V030,1,1,0,0,-0,0,spiral-like,1
B15_V030,2,2,-2.79489906157509,0,1,0,roll-like,0.92690536909648
B15_V030,3,3,-0.0599790931636124,0.676750725289596,0.0882819979029243,0.107708223170865,dutch-roll-like,0.922937812527096
B15_V030,4,4,-0.0599790931636124,-0.676750725289596,0.0882819979029243,0.107708223170865,dutch-roll-like,0.922937812527096
B15_V030,5,5,0.0147103948646529,0,-1,0,spiral-like,0.797628200479595
B15_V030,6,6,-0.531493316486964,1.04141900123305,0.45457694529423,0.165746981876064,short-period-like,0.848463424266802
B15_V030,7,7,-0.531493316486964,-1.04141900123305,0.45457694529423,0.165746981876064,short-period-like,0.848463424266802
B15_V030,9,8,-0.0402328631444697,0,1,0,longitudinal aperiodic,0.936685060264428
B15_V030,8,9,0.0697465239266821,0,-1,0,longitudinal aperiodic,0.961862161298589
B15_V030,10,10,-3.2,2.39999999999963,0.800000000000044,0.38197186342049,symmetric nacelle actuator,0.983553350987174
B15_V030,11,11,-3.2,-2.39999999999963,0.800000000000044,0.38197186342049,symmetric nacelle actuator,0.983553350987174
B15_V030,12,12,-3.2,2.39999999999963,0.800000000000044,0.38197186342049,differential nacelle actuator,0.98607634966437
B15_V030,13,13,-3.2,-2.39999999999963,0.800000000000044,0.38197186342049,differential nacelle actuator,0.98607634966437
B45_V025,1,1,0,0,-0,0,spiral-like,1
B45_V025,2,2,-1.8846316671546,0,1,0,roll-like,0.739775992236163
B45_V025,3,3,-0.0805374531093127,0.584320883987493,0.136540018138691,0.0929975570384354,dutch-roll-like,0.943236281178217
B45_V025,4,4,-0.0805374531093127,-0.584320883987493,0.136540018138691,0.0929975570384354,dutch-roll-like,0.943236281178217
B45_V025,5,5,-0.0259420781257023,0,1,0,spiral-like,0.928068836236223
B45_V025,6,6,-0.380398421040885,0.698341124943148,0.478353013552001,0.111144441999057,short-period-like,0.856444083772834
B45_V025,7,7,-0.380398421040885,-0.698341124943148,0.478353013552001,0.111144441999057,short-period-like,0.856444083772834
B45_V025,8,8,0.207617820520645,0,-1,0,longitudinal aperiodic,0.918841751561532
B45_V025,9,9,-0.137260723689666,0,1,0,longitudinal aperiodic,0.934637701976829
B45_V025,10,10,-3.2,2.39999999999963,0.800000000000044,0.38197186342049,symmetric nacelle actuator,0.984286564431145
B45_V025,11,11,-3.2,-2.39999999999963,0.800000000000044,0.38197186342049,symmetric nacelle actuator,0.984286564431145
B45_V025,12,12,-3.2,2.39999999999963,0.800000000000044,0.38197186342049,differential nacelle actuator,0.968541296576385
B45_V025,13,13,-3.2,-2.39999999999963,0.800000000000044,0.38197186342049,differential nacelle actuator,0.968541296576385
B45_V035,1,1,0,0,-0,0,spiral-like,1
B45_V035,2,2,-2.02076256047343,0,1,0,roll-like,0.92414749190596
B45_V035,3,3,-0.0835719264873782,0.771942446478788,0.107632936369401,0.12285845613955,dutch-roll-like,0.931703156192184
B45_V035,4,4,-0.0835719264873782,-0.771942446478788,0.107632936369401,0.12285845613955,dutch-roll-like,0.931703156192184
B45_V035,6,5,-0.466884312172122,1.09948933963842,0.39085794047273,0.174989163280298,short-period-like,0.844962773780411
B45_V035,7,6,-0.466884312172122,-1.09948933963842,0.39085794047273,0.174989163280298,short-period-like,0.844962773780411
B45_V035,5,7,-0.0727992230424361,0,1,0,spiral-like,0.943510777936446
B45_V035,8,8,0.0399324342593561,0,-1,0,longitudinal aperiodic,0.908089078468439
B45_V035,9,9,-0.0736063817633228,0,1,0,longitudinal aperiodic,0.943230403622692
B45_V035,10,10,-3.2,2.39999999999963,0.800000000000044,0.38197186342049,symmetric nacelle actuator,0.987299626566249
B45_V035,11,11,-3.2,-2.39999999999963,0.800000000000044,0.38197186342049,symmetric nacelle actuator,0.987299626566249
B45_V035,12,12,-3.2,2.39999999999963,0.800000000000044,0.38197186342049,differential nacelle actuator,0.998046797675173
B45_V035,13,13,-3.2,-2.39999999999963,0.800000000000044,0.38197186342049,differential nacelle actuator,0.998046797675173
B45_V045,1,1,0,0,-0,0,spiral-like,1
B45_V045,2,2,-2.2336015728564,0,1,0,roll-like,0.899852809468065
B45_V045,3,3,-0.0951384892176099,0.964168848805807,0.0981972013619773,0.153452238262667,dutch-roll-like,0.930606169437239
B45_V045,4,4,-0.0951384892176099,-0.964168848805807,0.0981972013619773,0.153452238262667,dutch-roll-like,0.930606169437239
B45_V045,5,5,-0.0845647571160806,0,1,0,spiral-like,0.980432321734238
B45_V045,6,6,-0.590191996323079,1.5238800721962,0.361155314915163,0.24253304616926,short-period-like,0.872968604186693
B45_V045,7,7,-0.590191996323079,-1.5238800721962,0.361155314915163,0.24253304616926,short-period-like,0.872968604186693
B45_V045,8,8,-0.0424118788244221,0.0459001313249841,0.678647437354995,0.00730523278893836,long-period-like,0.91755399986336
B45_V045,9,9,-0.0424118788244221,-0.0459001313249841,0.678647437354995,0.00730523278893836,long-period-like,0.925902812952501
B45_V045,10,10,-3.2,2.39999999999963,0.800000000000044,0.38197186342049,symmetric nacelle actuator,0.987028490369105
B45_V045,11,11,-3.2,-2.39999999999963,0.800000000000044,0.38197186342049,symmetric nacelle actuator,0.987028490369105
B45_V045,12,12,-3.2,2.39999999999963,0.800000000000044,0.38197186342049,differential nacelle actuator,0.977929440749013
B45_V045,13,13,-3.2,-2.39999999999963,0.800000000000044,0.38197186342049,differential nacelle actuator,0.977929440749013
B75_V080,1,1,0,0,-0,0,spiral-like,1
B75_V080,3,2,-0.545327250073881,1.60140329689517,0.322353151494113,0.254871250584525,dutch-roll-like,0.754861512020919
B75_V080,4,3,-0.545327250073881,-1.60140329689517,0.322353151494113,0.254871250584525,dutch-roll-like,0.754861512020919
B75_V080,2,4,-1.67586321484035,0,1,0,roll-like,0.801957390465202
B75_V080,5,5,-0.0833895826988076,0,1,0,spiral-like,0.809838113405447
B75_V080,6,6,-1.00563442109611,3.05576637333406,0.312601281226699,0.486340323250109,short-period-like,0.706086335392961
B75_V080,7,7,-1.00563442109611,-3.05576637333406,0.312601281226699,0.486340323250109,short-period-like,0.706086335392961
B75_V080,9,8,-0.272694649420986,0,1,0,longitudinal aperiodic,0.870329989379912
B75_V080,8,9,-0.077933444245873,0,1,0,longitudinal aperiodic,0.918163109154543
B75_V080,10,10,-3.2,2.39999999999963,0.800000000000044,0.38197186342049,symmetric nacelle actuator,0.710633650992361
B75_V080,11,11,-3.2,-2.39999999999963,0.800000000000044,0.38197186342049,symmetric nacelle actuator,0.710633650992361
B75_V080,12,12,-3.2,2.39999999999963,0.800000000000044,0.38197186342049,differential nacelle actuator,0.811366929286501
B75_V080,13,13,-3.2,-2.39999999999963,0.800000000000044,0.38197186342049,differential nacelle actuator,0.811366929286501
