collective_deg,radial_index,r_over_R,geometric_pitch_deg,alpha_mean_deg,alpha_min_deg,alpha_max_deg,radial_thrust_contribution_N,total_thrust_N,CT_over_sigma,total_torque_Nm,induced_initial_mps,induced_final_mps,BEMT_thrust_N,momentum_thrust_N,closure_residual_N,outer_iterations,exit_reason,diagnostic_converged,flap_converged,flap_exit_reason,has_NaN,has_Inf,has_unexpected_complex,denominator_near_zero,thrust_sign_jump,branch_switch,region_class,production_returned,production_numerical_converged,production_physical_converged,production_success,production_physical_status,production_physical_branch_supported,production_closure_residual_satisfied,production_closure_residual_N,production_error_identifier,production_thrust_N,production_torque_Nm,production_induced_velocity_mps,pitch_025R_deg,pitch_050R_deg,pitch_075R_deg,pitch_090R_deg,alpha_mean_025R_deg,alpha_mean_050R_deg,alpha_mean_075R_deg,alpha_mean_090R_deg
4,1,0.214166666666667,3.75,3.74992952502393,3.74991443163323,3.74994461841463,167.955776407376,-930.152041758867,-0.00315775793280555,1561.32699901543,16.269694194372,6.20639579558258e-05,-930.152041758867,4.28116618422791e-07,-930.152042186984,18,CONVERGED,1,1,converged,0,0,0,0,0,0,NEGATIVE_THRUST_REGION,1,1,0,0,UNSUPPORTED_NEGATIVE_THRUST_BRANCH,0,0,-930.152042186984,,-930.152041758867,1561.32699901543,6.20639579558258e-05,3.48780487804878,1.65853658536585,-0.170731707317073,-1.26829268292683,3.48774334237646,1.6585063208343,-0.170751855630853,-1.2683094565451
4,2,0.2825,3.25,3.24994657206829,3.24993147867759,3.24996166545899,254.829138700683,-930.152041758867,-0.00315775793280555,1561.32699901543,16.269694194372,6.20639579558258e-05,-930.152041758867,4.28116618422791e-07,-930.152042186984,18,CONVERGED,1,1,converged,0,0,0,0,0,0,NEGATIVE_THRUST_REGION,1,1,0,0,UNSUPPORTED_NEGATIVE_THRUST_BRANCH,0,0,-930.152042186984,,-930.152041758867,1561.32699901543,6.20639579558258e-05,3.48780487804878,1.65853658536585,-0.170731707317073,-1.26829268292683,3.48774334237646,1.6585063208343,-0.170751855630853,-1.2683094565451
4,3,0.350833333333333,2.75,2.74995697845879,2.74994188506809,2.74997207184949,334.324994026293,-930.152041758867,-0.00315775793280555,1561.32699901543,16.269694194372,6.20639579558258e-05,-930.152041758867,4.28116618422791e-07,-930.152042186984,18,CONVERGED,1,1,converged,0,0,0,0,0,0,NEGATIVE_THRUST_REGION,1,1,0,0,UNSUPPORTED_NEGATIVE_THRUST_BRANCH,0,0,-930.152042186984,,-930.152041758867,1561.32699901543,6.20639579558258e-05,3.48780487804878,1.65853658536585,-0.170731707317073,-1.26829268292683,3.48774334237646,1.6585063208343,-0.170751855630853,-1.2683094565451
4,4,0.419166666666667,2.25,2.24996399191084,2.24994889852014,2.24997908530153,392.215361834808,-930.152041758867,-0.00315775793280555,1561.32699901543,16.269694194372,6.20639579558258e-05,-930.152041758867,4.28116618422791e-07,-930.152042186984,18,CONVERGED,1,1,converged,0,0,0,0,0,0,NEGATIVE_THRUST_REGION,1,1,0,0,UNSUPPORTED_NEGATIVE_THRUST_BRANCH,0,0,-930.152042186984,,-930.152041758867,1561.32699901543,6.20639579558258e-05,3.48780487804878,1.65853658536585,-0.170731707317073,-1.26829268292683,3.48774334237646,1.6585063208343,-0.170751855630853,-1.2683094565451
4,5,0.4875,1.75,1.74996903919855,1.74995394580785,1.74998413258925,414.105846519656,-930.152041758867,-0.00315775793280555,1561.32699901543,16.269694194372,6.20639579558258e-05,-930.152041758867,4.28116618422791e-07,-930.152042186984,18,CONVERGED,1,1,converged,0,0,0,0,0,0,NEGATIVE_THRUST_REGION,1,1,0,0,UNSUPPORTED_NEGATIVE_THRUST_BRANCH,0,0,-930.152042186984,,-930.152041758867,1561.32699901543,6.20639579558258e-05,3.48780487804878,1.65853658536585,-0.170731707317073,-1.26829268292683,3.48774334237646,1.6585063208343,-0.170751855630853,-1.2683094565451
4,6,0.555833333333333,1.25,1.24997284547399,1.24995775208329,1.24998793886469,385.561635490851,-930.152041758867,-0.00315775793280555,1561.32699901543,16.269694194372,6.20639579558258e-05,-930.152041758867,4.28116618422791e-07,-930.152042186984,18,CONVERGED,1,1,converged,0,0,0,0,0,0,NEGATIVE_THRUST_REGION,1,1,0,0,UNSUPPORTED_NEGATIVE_THRUST_BRANCH,0,0,-930.152042186984,,-930.152041758867,1561.32699901543,6.20639579558258e-05,3.48780487804878,1.65853658536585,-0.170731707317073,-1.26829268292683,3.48774334237646,1.6585063208343,-0.170751855630853,-1.2683094565451
4,7,0.624166666666667,0.75,0.749975818332644,0.749960724941947,0.749990911723342,292.237846577008,-930.152041758867,-0.00315775793280555,1561.32699901543,16.269694194372,6.20639579558258e-05,-930.152041758867,4.28116618422791e-07,-930.152042186984,18,CONVERGED,1,1,converged,0,0,0,0,0,0,NEGATIVE_THRUST_REGION,1,1,0,0,UNSUPPORTED_NEGATIVE_THRUST_BRANCH,0,0,-930.152042186984,,-930.152041758867,1561.32699901543,6.20639579558258e-05,3.48780487804878,1.65853658536585,-0.170731707317073,-1.26829268292683,3.48774334237646,1.6585063208343,-0.170751855630853,-1.2683094565451
4,8,0.6925,0.25,0.249978204489952,0.249963111099254,0.24999329788065,120.011385115592,-930.152041758867,-0.00315775793280555,1561.32699901543,16.269694194372,6.20639579558258e-05,-930.152041758867,4.28116618422791e-07,-930.152042186984,18,CONVERGED,1,1,converged,0,0,0,0,0,0,NEGATIVE_THRUST_REGION,1,1,0,0,UNSUPPORTED_NEGATIVE_THRUST_BRANCH,0,0,-930.152042186984,,-930.152041758867,1561.32699901543,6.20639579558258e-05,3.48780487804878,1.65853658536585,-0.170731707317073,-1.26829268292683,3.48774334237646,1.6585063208343,-0.170751855630853,-1.2683094565451
4,9,0.760833333333333,-0.250000000000001,-0.250019837972454,-0.250034931363152,-0.250004744581756,-144.888662734534,-930.152041758867,-0.00315775793280555,1561.32699901543,16.269694194372,6.20639579558258e-05,-930.152041758867,4.28116618422791e-07,-930.152042186984,18,CONVERGED,1,1,converged,0,0,0,0,0,0,NEGATIVE_THRUST_REGION,1,1,0,0,UNSUPPORTED_NEGATIVE_THRUST_BRANCH,0,0,-930.152042186984,,-930.152041758867,1561.32699901543,6.20639579558258e-05,3.48780487804878,1.65853658536585,-0.170731707317073,-1.26829268292683,3.48774334237646,1.6585063208343,-0.170751855630853,-1.2683094565451
4,10,0.829166666666667,-0.75,-0.750018203084271,-0.750033296474969,-0.750003109693573,-515.755094218102,-930.152041758867,-0.00315775793280555,1561.32699901543,16.269694194372,6.20639579558258e-05,-930.152041758867,4.28116618422791e-07,-930.152042186984,18,CONVERGED,1,1,converged,0,0,0,0,0,0,NEGATIVE_THRUST_REGION,1,1,0,0,UNSUPPORTED_NEGATIVE_THRUST_BRANCH,0,0,-930.152042186984,,-930.152041758867,1561.32699901543,6.20639579558258e-05,3.48780487804878,1.65853658536585,-0.170731707317073,-1.26829268292683,3.48774334237646,1.6585063208343,-0.170751855630853,-1.2683094565451
4,11,0.8975,-1.25,-1.25001681714842,-1.25003191053912,-1.25000172375772,-1005.28400815433,-930.152041758867,-0.00315775793280555,1561.32699901543,16.269694194372,6.20639579558258e-05,-930.152041758867,4.28116618422791e-07,-930.152042186984,18,CONVERGED,1,1,converged,0,0,0,0,0,0,NEGATIVE_THRUST_REGION,1,1,0,0,UNSUPPORTED_NEGATIVE_THRUST_BRANCH,0,0,-930.152042186984,,-930.152041758867,1561.32699901543,6.20639579558258e-05,3.48780487804878,1.65853658536585,-0.170731707317073,-1.26829268292683,3.48774334237646,1.6585063208343,-0.170751855630853,-1.2683094565451
4,12,0.965833333333333,-1.75,-1.75001562732429,-1.75003072071499,-1.75000053393359,-1625.46626132417,-930.152041758867,-0.00315775793280555,1561.32699901543,16.269694194372,6.20639579558258e-05,-930.152041758867,4.28116618422791e-07,-930.152042186984,18,CONVERGED,1,1,converged,0,0,0,0,0,0,NEGATIVE_THRUST_REGION,1,1,0,0,UNSUPPORTED_NEGATIVE_THRUST_BRANCH,0,0,-930.152042186984,,-930.152041758867,1561.32699901543,6.20639579558258e-05,3.48780487804878,1.65853658536585,-0.170731707317073,-1.26829268292683,3.48774334237646,1.6585063208343,-0.170751855630853,-1.2683094565451
8,1,0.214166666666667,7.75,0.97297413882921,0.260670546094504,1.68633161504454,44.2205288499607,8065.59968862417,0.0273817722868468,2304.36485809198,16.269694194372,5.99666419252667,8065.59968862417,3996.70974270835,4068.88994591581,20,COUPLED_MAX_ITER,0,1,converged,0,0,0,0,1,1,NORMAL_POSITIVE_THRUST_REGION,0,0,0,0,NOT_RUN,0,0,NaN,rotor_model_bemt:CoupledSolveNotConverged,NaN,NaN,NaN,7.48780487804878,5.65853658536585,3.82926829268293,2.73170731707317,1.56505574624535,2.73713972105091,1.88342983469103,1.11158931692634
8,2,0.2825,7.25,2.10205999483208,1.3853876300233,2.8195408677615,166.216643744195,8065.59968862417,0.0273817722868468,2304.36485809198,16.269694194372,5.99666419252667,8065.59968862417,3996.70974270835,4068.88994591581,20,COUPLED_MAX_ITER,0,1,converged,0,0,0,0,1,1,NORMAL_POSITIVE_THRUST_REGION,0,0,0,0,NOT_RUN,0,0,NaN,rotor_model_bemt:CoupledSolveNotConverged,NaN,NaN,NaN,7.48780487804878,5.65853658536585,3.82926829268293,2.73170731707317,1.56505574624535,2.73713972105091,1.88342983469103,1.11158931692634
8,3,0.350833333333333,6.75,2.6008251685802,1.8820404328417,3.3202646369379,315.958720581434,8065.59968862417,0.0273817722868468,2304.36485809198,16.269694194372,5.99666419252667,8065.59968862417,3996.70974270835,4068.88994591581,20,COUPLED_MAX_ITER,0,1,converged,0,0,0,0,1,1,NORMAL_POSITIVE_THRUST_REGION,0,0,0,0,NOT_RUN,0,0,NaN,rotor_model_bemt:CoupledSolveNotConverged,NaN,NaN,NaN,7.48780487804878,5.65853658536585,3.82926829268293,2.73170731707317,1.56505574624535,2.73713972105091,1.88342983469103,1.11158931692634
8,4,0.419166666666667,6.25,2.7754140765408,2.05544781488927,3.49593005710014,480.473414430081,8065.59968862417,0.0273817722868468,2304.36485809198,16.269694194372,5.99666419252667,8065.59968862417,3996.70974270835,4068.88994591581,20,COUPLED_MAX_ITER,0,1,converged,0,0,0,0,1,1,NORMAL_POSITIVE_THRUST_REGION,0,0,0,0,NOT_RUN,0,0,NaN,rotor_model_bemt:CoupledSolveNotConverged,NaN,NaN,NaN,7.48780487804878,5.65853658536585,3.82926829268293,2.73170731707317,1.56505574624535,2.73713972105091,1.88342983469103,1.11158931692634
8,5,0.4875,5.75,2.76149569076739,2.04080110286755,3.48266384933049,646.659396466933,8065.59968862417,0.0273817722868468,2304.36485809198,16.269694194372,5.99666419252667,8065.59968862417,3996.70974270835,4068.88994591581,20,COUPLED_MAX_ITER,0,1,converged,0,0,0,0,1,1,NORMAL_POSITIVE_THRUST_REGION,0,0,0,0,NOT_RUN,0,0,NaN,rotor_model_bemt:CoupledSolveNotConverged,NaN,NaN,NaN,7.48780487804878,5.65853658536585,3.82926829268293,2.73170731707317,1.56505574624535,2.73713972105091,1.88342983469103,1.11158931692634
8,6,0.555833333333333,5.25,2.62834972298397,1.9071738511675,3.34994146685123,801.04634134393,8065.59968862417,0.0273817722868468,2304.36485809198,16.269694194372,5.99666419252667,8065.59968862417,3996.70974270835,4068.88994591581,20,COUPLED_MAX_ITER,0,1,converged,0,0,0,0,1,1,NORMAL_POSITIVE_THRUST_REGION,0,0,0,0,NOT_RUN,0,0,NaN,rotor_model_bemt:CoupledSolveNotConverged,NaN,NaN,NaN,7.48780487804878,5.65853658536585,3.82926829268293,2.73170731707317,1.56505574624535,2.73713972105091,1.88342983469103,1.11158931692634
8,7,0.624166666666667,4.75,2.41502908753141,1.69351813070739,3.13691070792325,929.785983858535,8065.59968862417,0.0273817722868468,2304.36485809198,16.269694194372,5.99666419252667,8065.59968862417,3996.70974270835,4068.88994591581,20,COUPLED_MAX_ITER,0,1,converged,0,0,0,0,1,1,NORMAL_POSITIVE_THRUST_REGION,0,0,0,0,NOT_RUN,0,0,NaN,rotor_model_bemt:CoupledSolveNotConverged,NaN,NaN,NaN,7.48780487804878,5.65853658536585,3.82926829268293,2.73170731707317,1.56505574624535,2.73713972105091,1.88342983469103,1.11158931692634
8,8,0.6925,4.25,2.14521685805109,1.42346292070724,2.86730509140716,1018.71333707876,8065.59968862417,0.0273817722868468,2304.36485809198,16.269694194372,5.99666419252667,8065.59968862417,3996.70974270835,4068.88994591581,20,COUPLED_MAX_ITER,0,1,converged,0,0,0,0,1,1,NORMAL_POSITIVE_THRUST_REGION,0,0,0,0,NOT_RUN,0,0,NaN,rotor_model_bemt:CoupledSolveNotConverged,NaN,NaN,NaN,7.48780487804878,5.65853658536585,3.82926829268293,2.73170731707317,1.56505574624535,2.73713972105091,1.88342983469103,1.11158931692634
8,9,0.760833333333333,3.75,1.83410764188406,1.11217167787351,2.55634801836724,1053.43740589265,8065.59968862417,0.0273817722868468,2304.36485809198,16.269694194372,5.99666419252667,8065.59968862417,3996.70974270835,4068.88994591581,20,COUPLED_MAX_ITER,0,1,converged,0,0,0,0,1,1,NORMAL_POSITIVE_THRUST_REGION,0,0,0,0,NOT_RUN,0,0,NaN,rotor_model_bemt:CoupledSolveNotConverged,NaN,NaN,NaN,7.48780487804878,5.65853658536585,3.82926829268293,2.73170731707317,1.56505574624535,2.73713972105091,1.88342983469103,1.11158931692634
8,10,0.829166666666667,3.25,1.49189676756633,0.76982075290264,2.21425220613425,1019.44817868868,8065.59968862417,0.0273817722868468,2304.36485809198,16.269694194372,5.99666419252667,8065.59968862417,3996.70974270835,4068.88994591581,20,COUPLED_MAX_ITER,0,1,converged,0,0,0,0,1,1,NORMAL_POSITIVE_THRUST_REGION,0,0,0,0,NOT_RUN,0,0,NaN,rotor_model_bemt:CoupledSolveNotConverged,NaN,NaN,NaN,7.48780487804878,5.65853658536585,3.82926829268293,2.73170731707317,1.56505574624535,2.73713972105091,1.88342983469103,1.11158931692634
8,11,0.8975,2.75,1.1256795652697,0.403493371618492,1.84812397939882,902.234018747617,8065.59968862417,0.0273817722868468,2304.36485809198,16.269694194372,5.99666419252667,8065.59968862417,3996.70974270835,4068.88994591581,20,COUPLED_MAX_ITER,0,1,converged,0,0,0,0,1,1,NORMAL_POSITIVE_THRUST_REGION,0,0,0,0,NOT_RUN,0,0,NaN,rotor_model_bemt:CoupledSolveNotConverged,NaN,NaN,NaN,7.48780487804878,5.65853658536585,3.82926829268293,2.73170731707317,1.56505574624535,2.73713972105091,1.88342983469103,1.11158931692634
8,12,0.965833333333333,2.25,0.740546110551155,0.0182715896391677,1.46306063530893,687.40571894139,8065.59968862417,0.0273817722868468,2304.36485809198,16.269694194372,5.99666419252667,8065.59968862417,3996.70974270835,4068.88994591581,20,COUPLED_MAX_ITER,0,1,converged,0,0,0,0,1,1,NORMAL_POSITIVE_THRUST_REGION,0,0,0,0,NOT_RUN,0,0,NaN,rotor_model_bemt:CoupledSolveNotConverged,NaN,NaN,NaN,7.48780487804878,5.65853658536585,3.82926829268293,2.73170731707317,1.56505574624535,2.73713972105091,1.88342983469103,1.11158931692634
10,1,0.214166666666667,9.75,-1.39548486296166,-1.40032983635499,-1.39063980887615,-66.1289231961423,10949.0505233153,0.0371707523012145,3384.30241124546,16.269694194372,9.94100533114753,10949.0505233153,10983.5761075031,-34.5255841877824,20,COUPLED_MAX_ITER,0,1,converged,0,0,0,0,0,0,NORMAL_POSITIVE_THRUST_REGION,0,0,0,0,NOT_RUN,0,0,NaN,rotor_model_bemt:CoupledSolveNotConverged,NaN,NaN,NaN,9.48780487804878,7.65853658536585,5.82926829268293,4.73170731707317,-0.267761926458654,2.82255473850318,2.60546057967667,2.04698472125322
10,2,0.2825,9.25,0.755056550834765,0.750133337480465,0.759979827354237,59.5957348243838,10949.0505233153,0.0371707523012145,3384.30241124546,16.269694194372,9.94100533114753,10949.0505233153,10983.5761075031,-34.5255841877824,20,COUPLED_MAX_ITER,0,1,converged,0,0,0,0,0,0,NORMAL_POSITIVE_THRUST_REGION,0,0,0,0,NOT_RUN,0,0,NaN,rotor_model_bemt:CoupledSolveNotConverged,NaN,NaN,NaN,9.48780487804878,7.65853658536585,5.82926829268293,4.73170731707317,-0.267761926458654,2.82255473850318,2.60546057967667,2.04698472125322
10,3,0.350833333333333,8.75,1.89202595848499,1.88706467217668,1.89698729644511,231.619140959725,10949.0505233153,0.0371707523012145,3384.30241124546,16.269694194372,9.94100533114753,10949.0505233153,10983.5761075031,-34.5255841877824,20,COUPLED_MAX_ITER,0,1,converged,0,0,0,0,0,0,NORMAL_POSITIVE_THRUST_REGION,0,0,0,0,NOT_RUN,0,0,NaN,rotor_model_bemt:CoupledSolveNotConverged,NaN,NaN,NaN,9.48780487804878,7.65853658536585,5.82926829268293,4.73170731707317,-0.267761926458654,2.82255473850318,2.60546057967667,2.04698472125322
10,4,0.419166666666667,8.25,2.50181924016281,2.49683667450543,2.50680184942319,435.289928776124,10949.0505233153,0.0371707523012145,3384.30241124546,16.269694194372,9.94100533114753,10949.0505233153,10983.5761075031,-34.5255841877824,20,COUPLED_MAX_ITER,0,1,converged,0,0,0,0,0,0,NORMAL_POSITIVE_THRUST_REGION,0,0,0,0,NOT_RUN,0,0,NaN,rotor_model_bemt:CoupledSolveNotConverged,NaN,NaN,NaN,9.48780487804878,7.65853658536585,5.82926829268293,4.73170731707317,-0.267761926458654,2.82255473850318,2.60546057967667,2.04698472125322
10,5,0.4875,7.75,2.80322622231592,2.79823058955061,2.80822189276922,657.673580865789,10949.0505233153,0.0371707523012145,3384.30241124546,16.269694194372,9.94100533114753,10949.0505233153,10983.5761075031,-34.5255841877824,20,COUPLED_MAX_ITER,0,1,converged,0,0,0,0,0,0,NORMAL_POSITIVE_THRUST_REGION,0,0,0,0,NOT_RUN,0,0,NaN,rotor_model_bemt:CoupledSolveNotConverged,NaN,NaN,NaN,9.48780487804878,7.65853658536585,5.82926829268293,4.73170731707317,-0.267761926458654,2.82255473850318,2.60546057967667,2.04698472125322
10,6,0.555833333333333,7.25,2.90888877747292,2.90388455579395,2.9138930323203,885.982323268773,10949.0505233153,0.0371707523012145,3384.30241124546,16.269694194372,9.94100533114753,10949.0505233153,10983.5761075031,-34.5255841877824,20,COUPLED_MAX_ITER,0,1,converged,0,0,0,0,0,0,NORMAL_POSITIVE_THRUST_REGION,0,0,0,0,NOT_RUN,0,0,NaN,rotor_model_bemt:CoupledSolveNotConverged,NaN,NaN,NaN,9.48780487804878,7.65853658536585,5.82926829268293,4.73170731707317,-0.267761926458654,2.82255473850318,2.60546057967667,2.04698472125322
10,7,0.624166666666667,6.75,2.88262022246685,2.87761005756155,2.88763041697947,1107.13278811759,10949.0505233153,0.0371707523012145,3384.30241124546,16.269694194372,9.94100533114753,10949.0505233153,10983.5761075031,-34.5255841877824,20,COUPLED_MAX_ITER,0,1,converged,0,0,0,0,0,0,NORMAL_POSITIVE_THRUST_REGION,0,0,0,0,NOT_RUN,0,0,NaN,rotor_model_bemt:CoupledSolveNotConverged,NaN,NaN,NaN,9.48780487804878,7.65853658536585,5.82926829268293,4.73170731707317,-0.267761926458654,2.82255473850318,2.60546057967667,2.04698472125322
10,8,0.6925,6.25,2.76324612802349,2.75823168189733,2.76826060088106,1307.63762597207,10949.0505233153,0.0371707523012145,3384.30241124546,16.269694194372,9.94100533114753,10949.0505233153,10983.5761075031,-34.5255841877824,20,COUPLED_MAX_ITER,0,1,converged,0,0,0,0,0,0,NORMAL_POSITIVE_THRUST_REGION,0,0,0,0,NOT_RUN,0,0,NaN,rotor_model_bemt:CoupledSolveNotConverged,NaN,NaN,NaN,9.48780487804878,7.65853658536585,5.82926829268293,4.73170731707317,-0.267761926458654,2.82255473850318,2.60546057967667,2.04698472125322
10,9,0.760833333333333,5.75,2.57573286766929,2.57071523630935,2.58075052339069,1473.6132794042,10949.0505233153,0.0371707523012145,3384.30241124546,16.269694194372,9.94100533114753,10949.0505233153,10983.5761075031,-34.5255841877824,20,COUPLED_MAX_ITER,0,1,converged,0,0,0,0,0,0,NORMAL_POSITIVE_THRUST_REGION,0,0,0,0,NOT_RUN,0,0,NaN,rotor_model_bemt:CoupledSolveNotConverged,NaN,NaN,NaN,9.48780487804878,7.65853658536585,5.82926829268293,4.73170731707317,-0.267761926458654,2.82255473850318,2.60546057967667,2.04698472125322
10,10,0.829166666666667,5.25,2.33685998269041,2.33183991783293,2.34188006992336,1590.83734167054,10949.0505233153,0.0371707523012145,3384.30241124546,16.269694194372,9.94100533114753,10949.0505233153,10983.5761075031,-34.5255841877824,20,COUPLED_MAX_ITER,0,1,converged,0,0,0,0,0,0,NORMAL_POSITIVE_THRUST_REGION,0,0,0,0,NOT_RUN,0,0,NaN,rotor_model_bemt:CoupledSolveNotConverged,NaN,NaN,NaN,9.48780487804878,7.65853658536585,5.82926829268293,4.73170731707317,-0.267761926458654,2.82255473850318,2.60546057967667,2.04698472125322
10,11,0.8975,4.75,2.05831934133109,2.05329737564529,2.06334132770438,1644.83221745317,10949.0505233153,0.0371707523012145,3384.30241124546,16.269694194372,9.94100533114753,10949.0505233153,10983.5761075031,-34.5255841877824,20,COUPLED_MAX_ITER,0,1,converged,0,0,0,0,0,0,NORMAL_POSITIVE_THRUST_REGION,0,0,0,0,NOT_RUN,0,0,NaN,rotor_model_bemt:CoupledSolveNotConverged,NaN,NaN,NaN,9.48780487804878,7.65853658536585,5.82926829268293,4.73170731707317,-0.267761926458654,2.82255473850318,2.60546057967667,2.04698472125322
10,12,0.965833333333333,4.25,1.74850639253599,1.74348291393385,1.75352989037356,1620.96548519913,10949.0505233153,0.0371707523012145,3384.30241124546,16.269694194372,9.94100533114753,10949.0505233153,10983.5761075031,-34.5255841877824,20,COUPLED_MAX_ITER,0,1,converged,0,0,0,0,0,0,NORMAL_POSITIVE_THRUST_REGION,0,0,0,0,NOT_RUN,0,0,NaN,rotor_model_bemt:CoupledSolveNotConverged,NaN,NaN,NaN,9.48780487804878,7.65853658536585,5.82926829268293,4.73170731707317,-0.267761926458654,2.82255473850318,2.60546057967667,2.04698472125322
12,1,0.214166666666667,11.75,-1.83782873499661,-1.83809470236398,-1.83756276733264,-87.6106786620103,16532.1799049533,0.0561248268000558,5000.59659267047,16.269694194372,12.1956488559134,16532.1799049533,16530.7658029575,1.41410199573147,17,CONVERGED,1,1,converged,0,0,0,0,0,0,NORMAL_POSITIVE_THRUST_REGION,1,1,1,1,PHYSICAL_CONVERGED,1,1,1.41410199573511,,16532.1799049533,5000.59659267047,12.1956488559134,11.4878048780488,9.65853658536585,7.82926829268293,6.73170731707317,-0.419689893964373,3.73288063216023,3.87640592870364,3.43929996626635
12,2,0.2825,11.25,0.866529054878818,0.866256694511925,0.866801415481505,68.636964597368,16532.1799049533,0.0561248268000558,5000.59659267047,16.269694194372,12.1956488559134,16532.1799049533,16530.7658029575,1.41410199573147,17,CONVERGED,1,1,converged,0,0,0,0,0,0,NORMAL_POSITIVE_THRUST_REGION,1,1,1,1,PHYSICAL_CONVERGED,1,1,1.41410199573511,,16532.1799049533,5000.59659267047,12.1956488559134,11.4878048780488,9.65853658536585,7.82926829268293,6.73170731707317,-0.419689893964373,3.73288063216023,3.87640592870364,3.43929996626635
12,3,0.350833333333333,10.75,2.35676807903228,2.35649257179081,2.35704358646803,288.510799524742,16532.1799049533,0.0561248268000558,5000.59659267047,16.269694194372,12.1956488559134,16532.1799049533,16530.7658029575,1.41410199573147,17,CONVERGED,1,1,converged,0,0,0,0,0,0,NORMAL_POSITIVE_THRUST_REGION,1,1,1,1,PHYSICAL_CONVERGED,1,1,1.41410199573511,,16532.1799049533,5000.59659267047,12.1956488559134,11.4878048780488,9.65853658536585,7.82926829268293,6.73170731707317,-0.419689893964373,3.73288063216023,3.87640592870364,3.43929996626635
12,4,0.419166666666667,10.25,3.21000696899858,3.2097296925814,3.21028424558047,555.918488154197,16532.1799049533,0.0561248268000558,5000.59659267047,16.269694194372,12.1956488559134,16532.1799049533,16530.7658029575,1.41410199573147,17,CONVERGED,1,1,converged,0,0,0,0,0,0,NORMAL_POSITIVE_THRUST_REGION,1,1,1,1,PHYSICAL_CONVERGED,1,1,1.41410199573511,,16532.1799049533,5000.59659267047,12.1956488559134,11.4878048780488,9.65853658536585,7.82926829268293,6.73170731707317,-0.419689893964373,3.73288063216023,3.87640592870364,3.43929996626635
12,5,0.4875,9.75,3.68887335285416,3.68859498634026,3.68915171951078,858.367465355874,16532.1799049533,0.0561248268000558,5000.59659267047,16.269694194372,12.1956488559134,16532.1799049533,16530.7658029575,1.41410199573147,17,CONVERGED,1,1,converged,0,0,0,0,0,0,NORMAL_POSITIVE_THRUST_REGION,1,1,1,1,PHYSICAL_CONVERGED,1,1,1.41410199573511,,16532.1799049533,5000.59659267047,12.1956488559134,11.4878048780488,9.65853658536585,7.82926829268293,6.73170731707317,-0.419689893964373,3.73288063216023,3.87640592870364,3.43929996626635
12,6,0.555833333333333,9.25,3.92944647972734,3.92916739517395,3.92972556440656,1184.03038448006,16532.1799049533,0.0561248268000558,5000.59659267047,16.269694194372,12.1956488559134,16532.1799049533,16530.7658029575,1.41410199573147,17,CONVERGED,1,1,converged,0,0,0,0,0,0,NORMAL_POSITIVE_THRUST_REGION,1,1,1,1,PHYSICAL_CONVERGED,1,1,1.41410199573511,,16532.1799049533,5000.59659267047,12.1956488559134,11.4878048780488,9.65853658536585,7.82926829268293,6.73170731707317,-0.419689893964373,3.73288063216023,3.87640592870364,3.43929996626635
12,7,0.624166666666667,8.75,4.00912005117579,4.00884046905896,4.00939963340507,1520.87256347953,16532.1799049533,0.0561248268000558,5000.59659267047,16.269694194372,12.1956488559134,16532.1799049533,16530.7658029575,1.41410199573147,17,CONVERGED,1,1,converged,0,0,0,0,0,0,NORMAL_POSITIVE_THRUST_REGION,1,1,1,1,PHYSICAL_CONVERGED,1,1,1.41410199573511,,16532.1799049533,5000.59659267047,12.1956488559134,11.4878048780488,9.65853658536585,7.82926829268293,6.73170731707317,-0.419689893964373,3.73288063216023,3.87640592870364,3.43929996626635
12,8,0.6925,8.25,3.97510399352773,3.97482405263509,3.97538393452199,1856.38834561999,16532.1799049533,0.0561248268000558,5000.59659267047,16.269694194372,12.1956488559134,16532.1799049533,16530.7658029575,1.41410199573147,17,CONVERGED,1,1,converged,0,0,0,0,0,0,NORMAL_POSITIVE_THRUST_REGION,1,1,1,1,PHYSICAL_CONVERGED,1,1,1.41410199573511,,16532.1799049533,5000.59659267047,12.1956488559134,11.4878048780488,9.65853658536585,7.82926829268293,6.73170731707317,-0.419689893964373,3.73288063216023,3.87640592870364,3.43929996626635
12,9,0.760833333333333,7.75,3.85781064112808,3.85753043311539,3.85809084923344,2177.53598235254,16532.1799049533,0.0561248268000558,5000.59659267047,16.269694194372,12.1956488559134,16532.1799049533,16530.7658029575,1.41410199573147,17,CONVERGED,1,1,converged,0,0,0,0,0,0,NORMAL_POSITIVE_THRUST_REGION,1,1,1,1,PHYSICAL_CONVERGED,1,1,1.41410199573511,,16532.1799049533,5000.59659267047,12.1956488559134,11.4878048780488,9.65853658536585,7.82926829268293,6.73170731707317,-0.419689893964373,3.73288063216023,3.87640592870364,3.43929996626635
12,10,0.829166666666667,7.25,3.67770622826426,3.67742581606577,3.6779866405479,2470.7491306988,16532.1799049533,0.0561248268000558,5000.59659267047,16.269694194372,12.1956488559134,16532.1799049533,16530.7658029575,1.41410199573147,17,CONVERGED,1,1,converged,0,0,0,0,0,0,NORMAL_POSITIVE_THRUST_REGION,1,1,1,1,PHYSICAL_CONVERGED,1,1,1.41410199573511,,16532.1799049533,5000.59659267047,12.1956488559134,11.4878048780488,9.65853658536585,7.82926829268293,6.73170731707317,-0.419689893964373,3.73288063216023,3.87640592870364,3.43929996626635
12,11,0.8975,6.75,3.44906532416341,3.44878475240965,3.44934589599593,2721.98509625499,16532.1799049533,0.0561248268000558,5000.59659267047,16.269694194372,12.1956488559134,16532.1799049533,16530.7658029575,1.41410199573147,17,CONVERGED,1,1,converged,0,0,0,0,0,0,NORMAL_POSITIVE_THRUST_REGION,1,1,1,1,PHYSICAL_CONVERGED,1,1,1.41410199573511,,16532.1799049533,5000.59659267047,12.1956488559134,11.4878048780488,9.65853658536585,7.82926829268293,6.73170731707317,-0.419689893964373,3.73288063216023,3.87640592870364,3.43929996626635
12,12,0.965833333333333,6.25,3.18214554164393,3.18186484285709,3.18242624050403,2916.79536309719,16532.1799049533,0.0561248268000558,5000.59659267047,16.269694194372,12.1956488559134,16532.1799049533,16530.7658029575,1.41410199573147,17,CONVERGED,1,1,converged,0,0,0,0,0,0,NORMAL_POSITIVE_THRUST_REGION,1,1,1,1,PHYSICAL_CONVERGED,1,1,1.41410199573511,,16532.1799049533,5000.59659267047,12.1956488559134,11.4878048780488,9.65853658536585,7.82926829268293,6.73170731707317,-0.419689893964373,3.73288063216023,3.87640592870364,3.43929996626635
