pointId,betaMDeg,speedMps,parameter,codePath,layer,referenceValue,perturbation,output,outputScale,derivative,normalizedSensitivity,fixedStateResidualDerivative,baselineStatus,finiteReal
B15_V020,15,20,cgX,mass.baselineCG,GEOMETRY,1,0.05,thetaDeg,10,-57.4945196406259,-5.74945196406259,1.94049269272919,CREDIBLE,1
B15_V020,15,20,cgX,mass.baselineCG,GEOMETRY,1,0.05,collectiveDeg,20,8.7529580985573,0.437647904927865,1.94049269272919,CREDIBLE,1
B15_V020,15,20,cgX,mass.baselineCG,GEOMETRY,1,0.05,cyclicLongDeg,20,-107.444050905296,-5.37220254526481,1.94049269272919,CREDIBLE,1
B15_V020,15,20,cgX,mass.baselineCG,GEOMETRY,1,0.05,elevatorDeg,20,0,0,1.94049269272919,CREDIBLE,1
B15_V020,15,20,cgX,mass.baselineCG,GEOMETRY,1,0.05,minimumMarginProxy,0.2,0.125042258550819,0.625211292754095,1.94049269272919,CREDIBLE,1
B15_V020,15,20,cgX,mass.baselineCG,GEOMETRY,1,0.05,rotorLeftMyNm,5000,-5525.70066849436,-1.10514013369887,1.94049269272919,CREDIBLE,1
B15_V020,15,20,cgX,mass.baselineCG,GEOMETRY,1,0.05,rotorRightMyNm,5000,-5525.70066849436,-1.10514013369887,1.94049269272919,CREDIBLE,1
B15_V020,15,20,cgX,mass.baselineCG,GEOMETRY,1,0.05,wingMyNm,10000,-2327.31163618342,-0.232731163618342,1.94049269272919,CREDIBLE,1
B15_V020,15,20,cgX,mass.baselineCG,GEOMETRY,1,0.05,fuselageMyNm,2000,-297.471249437428,-0.148735624718714,1.94049269272919,CREDIBLE,1
B15_V020,15,20,cgX,mass.baselineCG,GEOMETRY,1,0.05,horizontalTailMyNm,10000,13359.2192782876,1.33592192782876,1.94049269272919,CREDIBLE,1
B15_V020,15,20,cgX,mass.baselineCG,GEOMETRY,1,0.05,verticalTailMyNm,2000,63.375991841686,0.031687995920843,1.94049269272919,CREDIBLE,1
B15_V020,15,20,cgX,mass.baselineCG,GEOMETRY,1,0.05,totalMyNm,1000,-253.588952480259,-0.253588952480259,1.94049269272919,CREDIBLE,1
B15_V020,15,20,cgZ,mass.baselineCG,GEOMETRY,0.5,0.03,thetaDeg,10,-10.0517411720816,-0.50258705860408,0.339255470183057,CREDIBLE,1
B15_V020,15,20,cgZ,mass.baselineCG,GEOMETRY,0.5,0.03,collectiveDeg,20,1.53027575231019,0.0382568938077547,0.339255470183057,CREDIBLE,1
B15_V020,15,20,cgZ,mass.baselineCG,GEOMETRY,0.5,0.03,cyclicLongDeg,20,-18.7843953985636,-0.469609884964091,0.339255470183057,CREDIBLE,1
B15_V020,15,20,cgZ,mass.baselineCG,GEOMETRY,0.5,0.03,elevatorDeg,20,0,0,0.339255470183057,CREDIBLE,1
B15_V020,15,20,cgZ,mass.baselineCG,GEOMETRY,0.5,0.03,minimumMarginProxy,0.2,0.02186108217586,0.0546527054396499,0.339255470183057,CREDIBLE,1
B15_V020,15,20,cgZ,mass.baselineCG,GEOMETRY,0.5,0.03,rotorLeftMyNm,5000,-1029.96352519325,-0.102996352519325,0.339255470183057,CREDIBLE,1
B15_V020,15,20,cgZ,mass.baselineCG,GEOMETRY,0.5,0.03,rotorRightMyNm,5000,-1029.96352519325,-0.102996352519325,0.339255470183057,CREDIBLE,1
B15_V020,15,20,cgZ,mass.baselineCG,GEOMETRY,0.5,0.03,wingMyNm,10000,-474.872499047046,-0.0237436249523523,0.339255470183057,CREDIBLE,1
B15_V020,15,20,cgZ,mass.baselineCG,GEOMETRY,0.5,0.03,fuselageMyNm,2000,137.168222004833,0.0342920555012083,0.339255470183057,CREDIBLE,1
B15_V020,15,20,cgZ,mass.baselineCG,GEOMETRY,0.5,0.03,horizontalTailMyNm,10000,2370.54242598419,0.118527121299209,0.339255470183057,CREDIBLE,1
B15_V020,15,20,cgZ,mass.baselineCG,GEOMETRY,0.5,0.03,verticalTailMyNm,2000,27.0018118146181,0.00675045295365454,0.339255470183057,CREDIBLE,1
B15_V020,15,20,cgZ,mass.baselineCG,GEOMETRY,0.5,0.03,totalMyNm,1000,-0.0870896299106564,-4.35448149553282e-05,0.339255470183057,CREDIBLE,1
B15_V020,15,20,tailArea,htail.S,GEOMETRY,4.5,0.09,thetaDeg,10,-0.377611552501141,-0.169925198625514,0.0176334493709203,CREDIBLE,1
B15_V020,15,20,tailArea,htail.S,GEOMETRY,4.5,0.09,collectiveDeg,20,0.0434495308791879,0.00977614444781727,0.0176334493709203,CREDIBLE,1
B15_V020,15,20,tailArea,htail.S,GEOMETRY,4.5,0.09,cyclicLongDeg,20,-0.687965577423041,-0.154792254920184,0.0176334493709203,CREDIBLE,1
B15_V020,15,20,tailArea,htail.S,GEOMETRY,4.5,0.09,elevatorDeg,20,0,0,0.0176334493709203,CREDIBLE,1
B15_V020,15,20,tailArea,htail.S,GEOMETRY,4.5,0.09,minimumMarginProxy,0.2,0.000620707583988411,0.0139659206397393,0.0176334493709203,CREDIBLE,1
B15_V020,15,20,tailArea,htail.S,GEOMETRY,4.5,0.09,rotorLeftMyNm,5000,140.882092981886,0.126793883683697,0.0176334493709203,CREDIBLE,1
B15_V020,15,20,tailArea,htail.S,GEOMETRY,4.5,0.09,rotorRightMyNm,5000,140.882092981865,0.126793883683679,0.0176334493709203,CREDIBLE,1
B15_V020,15,20,tailArea,htail.S,GEOMETRY,4.5,0.09,wingMyNm,10000,1.4502534421701,0.000652614048976545,0.0176334493709203,CREDIBLE,1
B15_V020,15,20,tailArea,htail.S,GEOMETRY,4.5,0.09,fuselageMyNm,2000,-0.967859132272508,-0.00217768304761314,0.0176334493709203,CREDIBLE,1
B15_V020,15,20,tailArea,htail.S,GEOMETRY,4.5,0.09,horizontalTailMyNm,10000,-282.680201125628,-0.127206090506533,0.0176334493709203,CREDIBLE,1
B15_V020,15,20,tailArea,htail.S,GEOMETRY,4.5,0.09,verticalTailMyNm,2000,0.434135007184455,0.000976803766165024,0.0176334493709203,CREDIBLE,1
B15_V020,15,20,tailArea,htail.S,GEOMETRY,4.5,0.09,totalMyNm,1000,0.000514155205295137,2.31369842382811e-06,0.0176334493709203,CREDIBLE,1
B15_V020,15,20,tailArmX,htail.rAC,GEOMETRY,5,0.1,thetaDeg,10,0.33195299715941,0.165976498579705,0.0112037176646351,CREDIBLE,1
B15_V020,15,20,tailArmX,htail.rAC,GEOMETRY,5,0.1,collectiveDeg,20,-0.0505364805721964,-0.0126341201430491,0.0112037176646351,CREDIBLE,1
B15_V020,15,20,tailArmX,htail.rAC,GEOMETRY,5,0.1,cyclicLongDeg,20,0.620343903173683,0.155085975793421,0.0112037176646351,CREDIBLE,1
B15_V020,15,20,tailArmX,htail.rAC,GEOMETRY,5,0.1,elevatorDeg,20,0,0,0.0112037176646351,CREDIBLE,1
B15_V020,15,20,tailArmX,htail.rAC,GEOMETRY,5,0.1,minimumMarginProxy,0.2,-0.000721949722459897,-0.0180487430614974,0.0112037176646351,CREDIBLE,1
B15_V020,15,20,tailArmX,htail.rAC,GEOMETRY,5,0.1,rotorLeftMyNm,5000,-127.224863459919,-0.127224863459919,0.0112037176646351,CREDIBLE,1
B15_V020,15,20,tailArmX,htail.rAC,GEOMETRY,5,0.1,rotorRightMyNm,5000,-127.224863459926,-0.127224863459926,0.0112037176646351,CREDIBLE,1
B15_V020,15,20,tailArmX,htail.rAC,GEOMETRY,5,0.1,wingMyNm,10000,-1.31112037255406,-0.000655560186277029,0.0112037176646351,CREDIBLE,1
B15_V020,15,20,tailArmX,htail.rAC,GEOMETRY,5,0.1,fuselageMyNm,2000,0.850831319514933,0.00212707829878733,0.0112037176646351,CREDIBLE,1
B15_V020,15,20,tailArmX,htail.rAC,GEOMETRY,5,0.1,horizontalTailMyNm,10000,255.291259382645,0.127645629691323,0.0112037176646351,CREDIBLE,1
B15_V020,15,20,tailArmX,htail.rAC,GEOMETRY,5,0.1,verticalTailMyNm,2000,-0.381641971068793,-0.000954104927671984,0.0112037176646351,CREDIBLE,1
B15_V020,15,20,tailArmX,htail.rAC,GEOMETRY,5,0.1,totalMyNm,1000,-0.000398561307966006,-1.99280653983003e-06,0.0112037176646351,CREDIBLE,1
B15_V020,15,20,tailIncidence,htail.incidence,GEOMETRY,0.0872664625997165,0.00436332312998582,thetaDeg,10,-23.328867438914,-0.203582773785174,1.09911176938047,CREDIBLE,1
B15_V020,15,20,tailIncidence,htail.incidence,GEOMETRY,0.0872664625997165,0.00436332312998582,collectiveDeg,20,2.67071504010826,0.0116531927081054,1.09911176938047,CREDIBLE,1
B15_V020,15,20,tailIncidence,htail.incidence,GEOMETRY,0.0872664625997165,0.00436332312998582,cyclicLongDeg,20,-42.8339808859805,-0.186898499549169,1.09911176938047,CREDIBLE,1
B15_V020,15,20,tailIncidence,htail.incidence,GEOMETRY,0.0872664625997165,0.00436332312998582,elevatorDeg,20,0,0,1.09911176938047,CREDIBLE,1
B15_V020,15,20,tailIncidence,htail.incidence,GEOMETRY,0.0872664625997165,0.00436332312998582,minimumMarginProxy,0.2,0.0381530720015497,0.0166474181544377,1.09911176938047,CREDIBLE,1
B15_V020,15,20,tailIncidence,htail.incidence,GEOMETRY,0.0872664625997165,0.00436332312998582,rotorLeftMyNm,5000,8771.72519438306,0.153095485722124,1.09911176938047,CREDIBLE,1
B15_V020,15,20,tailIncidence,htail.incidence,GEOMETRY,0.0872664625997165,0.00436332312998582,rotorRightMyNm,5000,8771.7251943828,0.15309548572212,1.09911176938047,CREDIBLE,1
B15_V020,15,20,tailIncidence,htail.incidence,GEOMETRY,0.0872664625997165,0.00436332312998582,wingMyNm,10000,89.5820490327095,0.000781750853151891,1.09911176938047,CREDIBLE,1
B15_V020,15,20,tailIncidence,htail.incidence,GEOMETRY,0.0872664625997165,0.00436332312998582,fuselageMyNm,2000,-59.7945422362015,-0.00260902909186132,1.09911176938047,CREDIBLE,1
B15_V020,15,20,tailIncidence,htail.incidence,GEOMETRY,0.0872664625997165,0.00436332312998582,horizontalTailMyNm,10000,-17601.0328494176,-0.153597987487008,1.09911176938047,CREDIBLE,1
B15_V020,15,20,tailIncidence,htail.incidence,GEOMETRY,0.0872664625997165,0.00436332312998582,verticalTailMyNm,2000,26.8208777836436,0.00117028156399895,1.09911176938047,CREDIBLE,1
B15_V020,15,20,tailIncidence,htail.incidence,GEOMETRY,0.0872664625997165,0.00436332312998582,totalMyNm,1000,-0.974076071609121,-8.50041730723561e-05,1.09911176938047,CREDIBLE,1
B15_V020,15,20,wingACX,wing.xAC,GEOMETRY,1,0.03,thetaDeg,10,2.60733242288159,0.260733242288159,0.0879998571297324,CREDIBLE,1
B15_V020,15,20,wingACX,wing.xAC,GEOMETRY,1,0.03,collectiveDeg,20,-0.396939944696377,-0.0198469972348188,0.0879998571297324,CREDIBLE,1
B15_V020,15,20,wingACX,wing.xAC,GEOMETRY,1,0.03,cyclicLongDeg,20,4.87250540263965,0.243625270131983,0.0879998571297324,CREDIBLE,1
B15_V020,15,20,wingACX,wing.xAC,GEOMETRY,1,0.03,elevatorDeg,20,0,0,0.0879998571297324,CREDIBLE,1
B15_V020,15,20,wingACX,wing.xAC,GEOMETRY,1,0.03,minimumMarginProxy,0.2,-0.00567057063851952,-0.0283528531925976,0.0879998571297324,CREDIBLE,1
B15_V020,15,20,wingACX,wing.xAC,GEOMETRY,1,0.03,rotorLeftMyNm,5000,-999.286691237035,-0.199857338247407,0.0879998571297324,CREDIBLE,1
B15_V020,15,20,wingACX,wing.xAC,GEOMETRY,1,0.03,rotorRightMyNm,5000,-999.286691237004,-0.199857338247401,0.0879998571297324,CREDIBLE,1
B15_V020,15,20,wingACX,wing.xAC,GEOMETRY,1,0.03,wingMyNm,10000,2618.12465251954,0.261812465251954,0.0879998571297324,CREDIBLE,1
B15_V020,15,20,wingACX,wing.xAC,GEOMETRY,1,0.03,fuselageMyNm,2000,6.68288256727741,0.00334144128363871,0.0879998571297324,CREDIBLE,1
B15_V020,15,20,wingACX,wing.xAC,GEOMETRY,1,0.03,horizontalTailMyNm,10000,-623.278895123929,-0.0623278895123929,0.0879998571297324,CREDIBLE,1
B15_V020,15,20,wingACX,wing.xAC,GEOMETRY,1,0.03,verticalTailMyNm,2000,-2.99761484363448,-0.00149880742181724,0.0879998571297324,CREDIBLE,1
B15_V020,15,20,wingACX,wing.xAC,GEOMETRY,1,0.03,totalMyNm,1000,-0.0423573547846464,-4.23573547846464e-05,0.0879998571297324,CREDIBLE,1
B15_V020,15,20,rotorHubX,rotor.pivotX,GEOMETRY,1,0.03,thetaDeg,10,54.4047356521281,5.44047356521281,1.83620965341921,CREDIBLE,1
B15_V020,15,20,rotorHubX,rotor.pivotX,GEOMETRY,1,0.03,collectiveDeg,20,-8.28256979104625,-0.414128489552312,1.83620965341921,CREDIBLE,1
B15_V020,15,20,rotorHubX,rotor.pivotX,GEOMETRY,1,0.03,cyclicLongDeg,20,101.669954344066,5.0834977172033,1.83620965341921,CREDIBLE,1
B15_V020,15,20,rotorHubX,rotor.pivotX,GEOMETRY,1,0.03,elevatorDeg,20,0,0,1.83620965341921,CREDIBLE,1
B15_V020,15,20,rotorHubX,rotor.pivotX,GEOMETRY,1,0.03,minimumMarginProxy,0.2,-0.118322425586375,-0.591612127931876,1.83620965341921,CREDIBLE,1
B15_V020,15,20,rotorHubX,rotor.pivotX,GEOMETRY,1,0.03,rotorLeftMyNm,5000,6613.6037919856,1.32272075839712,1.83620965341921,CREDIBLE,1
B15_V020,15,20,rotorHubX,rotor.pivotX,GEOMETRY,1,0.03,rotorRightMyNm,5000,6613.60379198562,1.32272075839712,1.83620965341921,CREDIBLE,1
B15_V020,15,20,rotorHubX,rotor.pivotX,GEOMETRY,1,0.03,wingMyNm,10000,-215.597246949759,-0.0215597246949759,1.83620965341921,CREDIBLE,1
B15_V020,15,20,rotorHubX,rotor.pivotX,GEOMETRY,1,0.03,fuselageMyNm,2000,139.539015510836,0.0697695077554179,1.83620965341921,CREDIBLE,1
B15_V020,15,20,rotorHubX,rotor.pivotX,GEOMETRY,1,0.03,horizontalTailMyNm,10000,-12988.6001262895,-1.29886001262895,1.83620965341921,CREDIBLE,1
B15_V020,15,20,rotorHubX,rotor.pivotX,GEOMETRY,1,0.03,verticalTailMyNm,2000,-62.5399496462024,-0.0312699748231012,1.83620965341921,CREDIBLE,1
B15_V020,15,20,rotorHubX,rotor.pivotX,GEOMETRY,1,0.03,totalMyNm,1000,100.009276596609,0.100009276596609,1.83620965341921,CREDIBLE,1
B15_V020,15,20,rotorHubZ,rotor.pivotZ,GEOMETRY,1,0.03,thetaDeg,10,9.68661619055983,0.968661619055983,0.326932167666494,CREDIBLE,1
B15_V020,15,20,rotorHubZ,rotor.pivotZ,GEOMETRY,1,0.03,collectiveDeg,20,-1.47468917320716,-0.073734458660358,0.326932167666494,CREDIBLE,1
B15_V020,15,20,rotorHubZ,rotor.pivotZ,GEOMETRY,1,0.03,cyclicLongDeg,20,18.1020606761129,0.905103033805646,0.326932167666494,CREDIBLE,1
B15_V020,15,20,rotorHubZ,rotor.pivotZ,GEOMETRY,1,0.03,elevatorDeg,20,0,0,0.326932167666494,CREDIBLE,1
B15_V020,15,20,rotorHubZ,rotor.pivotZ,GEOMETRY,1,0.03,minimumMarginProxy,0.2,-0.0210669881886732,-0.105334940943366,0.326932167666494,CREDIBLE,1
B15_V020,15,20,rotorHubZ,rotor.pivotZ,GEOMETRY,1,0.03,rotorLeftMyNm,5000,1169.90501229672,0.233981002459344,0.326932167666494,CREDIBLE,1
B15_V020,15,20,rotorHubZ,rotor.pivotZ,GEOMETRY,1,0.03,rotorRightMyNm,5000,1169.90501229672,0.233981002459344,0.326932167666494,CREDIBLE,1
B15_V020,15,20,rotorHubZ,rotor.pivotZ,GEOMETRY,1,0.03,wingMyNm,10000,-38.2633992786509,-0.00382633992786509,0.326932167666494,CREDIBLE,1
B15_V020,15,20,rotorHubZ,rotor.pivotZ,GEOMETRY,1,0.03,fuselageMyNm,2000,24.8283645037985,0.0124141822518993,0.326932167666494,CREDIBLE,1
B15_V020,15,20,rotorHubZ,rotor.pivotZ,GEOMETRY,1,0.03,horizontalTailMyNm,10000,-2315.48295274518,-0.231548295274518,0.326932167666494,CREDIBLE,1
B15_V020,15,20,rotorHubZ,rotor.pivotZ,GEOMETRY,1,0.03,verticalTailMyNm,2000,-11.1365274144799,-0.00556826370723994,0.326932167666494,CREDIBLE,1
B15_V020,15,20,rotorHubZ,rotor.pivotZ,GEOMETRY,1,0.03,totalMyNm,1000,-0.244490341075861,-0.000244490341075861,0.326932167666494,CREDIBLE,1
B15_V020,15,20,tailCLelevator,htail.CLelevator,EFFECTIVE_AERO,2,0.04,thetaDeg,10,0,0,0,CREDIBLE,1
B15_V020,15,20,tailCLelevator,htail.CLelevator,EFFECTIVE_AERO,2,0.04,collectiveDeg,20,0,0,0,CREDIBLE,1
B15_V020,15,20,tailCLelevator,htail.CLelevator,EFFECTIVE_AERO,2,0.04,cyclicLongDeg,20,0,0,0,CREDIBLE,1
B15_V020,15,20,tailCLelevator,htail.CLelevator,EFFECTIVE_AERO,2,0.04,elevatorDeg,20,0,0,0,CREDIBLE,1
B15_V020,15,20,tailCLelevator,htail.CLelevator,EFFECTIVE_AERO,2,0.04,minimumMarginProxy,0.2,0,0,0,CREDIBLE,1
B15_V020,15,20,tailCLelevator,htail.CLelevator,EFFECTIVE_AERO,2,0.04,rotorLeftMyNm,5000,0,0,0,CREDIBLE,1
B15_V020,15,20,tailCLelevator,htail.CLelevator,EFFECTIVE_AERO,2,0.04,rotorRightMyNm,5000,0,0,0,CREDIBLE,1
B15_V020,15,20,tailCLelevator,htail.CLelevator,EFFECTIVE_AERO,2,0.04,wingMyNm,10000,0,0,0,CREDIBLE,1
B15_V020,15,20,tailCLelevator,htail.CLelevator,EFFECTIVE_AERO,2,0.04,fuselageMyNm,2000,0,0,0,CREDIBLE,1
B15_V020,15,20,tailCLelevator,htail.CLelevator,EFFECTIVE_AERO,2,0.04,horizontalTailMyNm,10000,0,0,0,CREDIBLE,1
B15_V020,15,20,tailCLelevator,htail.CLelevator,EFFECTIVE_AERO,2,0.04,verticalTailMyNm,2000,0,0,0,CREDIBLE,1
B15_V020,15,20,tailCLelevator,htail.CLelevator,EFFECTIVE_AERO,2,0.04,totalMyNm,1000,0,0,0,CREDIBLE,1
B15_V020,15,20,tailDownwashAlpha,htail.downwashAlpha,EFFECTIVE_AERO,0.4,0.008,thetaDeg,10,4.03802327272362,0.161520930908945,0.190246319093314,CREDIBLE,1
B15_V020,15,20,tailDownwashAlpha,htail.downwashAlpha,EFFECTIVE_AERO,0.4,0.008,collectiveDeg,20,-0.46227789957054,-0.0092455579914108,0.190246319093314,CREDIBLE,1
B15_V020,15,20,tailDownwashAlpha,htail.downwashAlpha,EFFECTIVE_AERO,0.4,0.008,cyclicLongDeg,20,7.41417730016047,0.148283546003209,0.190246319093314,CREDIBLE,1
B15_V020,15,20,tailDownwashAlpha,htail.downwashAlpha,EFFECTIVE_AERO,0.4,0.008,elevatorDeg,20,0,0,0.190246319093314,CREDIBLE,1
B15_V020,15,20,tailDownwashAlpha,htail.downwashAlpha,EFFECTIVE_AERO,0.4,0.008,minimumMarginProxy,0.2,-0.0066039699938656,-0.0132079399877312,0.190246319093314,CREDIBLE,1
B15_V020,15,20,tailDownwashAlpha,htail.downwashAlpha,EFFECTIVE_AERO,0.4,0.008,rotorLeftMyNm,5000,-1518.31696071366,-0.121465356857093,0.190246319093314,CREDIBLE,1
B15_V020,15,20,tailDownwashAlpha,htail.downwashAlpha,EFFECTIVE_AERO,0.4,0.008,rotorRightMyNm,5000,-1518.31696071363,-0.121465356857091,0.190246319093314,CREDIBLE,1
B15_V020,15,20,tailDownwashAlpha,htail.downwashAlpha,EFFECTIVE_AERO,0.4,0.008,wingMyNm,10000,-15.5056855975744,-0.000620227423902975,0.190246319093314,CREDIBLE,1
B15_V020,15,20,tailDownwashAlpha,htail.downwashAlpha,EFFECTIVE_AERO,0.4,0.008,fuselageMyNm,2000,10.3498888339313,0.00206997776678626,0.190246319093314,CREDIBLE,1
B15_V020,15,20,tailDownwashAlpha,htail.downwashAlpha,EFFECTIVE_AERO,0.4,0.008,horizontalTailMyNm,10000,3046.47038314887,0.121858815325955,0.190246319093314,CREDIBLE,1
B15_V020,15,20,tailDownwashAlpha,htail.downwashAlpha,EFFECTIVE_AERO,0.4,0.008,verticalTailMyNm,2000,-4.6424619713572,-0.000928492394271441,0.190246319093314,CREDIBLE,1
B15_V020,15,20,tailDownwashAlpha,htail.downwashAlpha,EFFECTIVE_AERO,0.4,0.008,totalMyNm,1000,0.0382029865595435,1.52811946238174e-05,0.190246319093314,CREDIBLE,1
B15_V020,15,20,wingCm0,wing.Cm0,EFFECTIVE_AERO,0.03,0.002,thetaDeg,10,6.88192223526896,0.0206457667058069,0.232271178069531,CREDIBLE,1
B15_V020,15,20,wingCm0,wing.Cm0,EFFECTIVE_AERO,0.03,0.002,collectiveDeg,20,-1.04770293480749,-0.00157155440221124,0.232271178069531,CREDIBLE,1
B15_V020,15,20,wingCm0,wing.Cm0,EFFECTIVE_AERO,0.03,0.002,cyclicLongDeg,20,12.8607319026988,0.0192910978540481,0.232271178069531,CREDIBLE,1
B15_V020,15,20,wingCm0,wing.Cm0,EFFECTIVE_AERO,0.03,0.002,elevatorDeg,20,0,0,0.232271178069531,CREDIBLE,1
B15_V020,15,20,wingCm0,wing.Cm0,EFFECTIVE_AERO,0.03,0.002,minimumMarginProxy,0.2,-0.0149671847829644,-0.00224507771744466,0.232271178069531,CREDIBLE,1
B15_V020,15,20,wingCm0,wing.Cm0,EFFECTIVE_AERO,0.03,0.002,rotorLeftMyNm,5000,-2637.57895856702,-0.0158254737514021,0.232271178069531,CREDIBLE,1
B15_V020,15,20,wingCm0,wing.Cm0,EFFECTIVE_AERO,0.03,0.002,rotorRightMyNm,5000,-2637.57895856668,-0.0158254737514001,0.232271178069531,CREDIBLE,1
B15_V020,15,20,wingCm0,wing.Cm0,EFFECTIVE_AERO,0.03,0.002,wingMyNm,10000,6910.54955597403,0.0207316486679221,0.232271178069531,CREDIBLE,1
B15_V020,15,20,wingCm0,wing.Cm0,EFFECTIVE_AERO,0.03,0.002,fuselageMyNm,2000,17.6391045606228,0.000264586568409342,0.232271178069531,CREDIBLE,1
B15_V020,15,20,wingCm0,wing.Cm0,EFFECTIVE_AERO,0.03,0.002,horizontalTailMyNm,10000,-1645.11789907397,-0.0049353536972219,0.232271178069531,CREDIBLE,1
B15_V020,15,20,wingCm0,wing.Cm0,EFFECTIVE_AERO,0.03,0.002,verticalTailMyNm,2000,-7.91205535349304,-0.000118680830302396,0.232271178069531,CREDIBLE,1
B15_V020,15,20,wingCm0,wing.Cm0,EFFECTIVE_AERO,0.03,0.002,totalMyNm,1000,0.000788973558929484,2.36692067678845e-08,0.232271178069531,CREDIBLE,1
B45_V035,45,35,cgX,mass.baselineCG,GEOMETRY,1,0.05,thetaDeg,10,-29.1598292884562,-2.91598292884562,1.84585119880887,CREDIBLE,1
B45_V035,45,35,cgX,mass.baselineCG,GEOMETRY,1,0.05,collectiveDeg,20,4.46874975348997,0.223437487674499,1.84585119880887,CREDIBLE,1
B45_V035,45,35,cgX,mass.baselineCG,GEOMETRY,1,0.05,cyclicLongDeg,20,-50.1858036031428,-2.50929018015714,1.84585119880887,CREDIBLE,1
B45_V035,45,35,cgX,mass.baselineCG,GEOMETRY,1,0.05,elevatorDeg,20,-28.6776020589387,-1.43388010294694,1.84585119880887,CREDIBLE,1
B45_V035,45,35,cgX,mass.baselineCG,GEOMETRY,1,0.05,minimumMarginProxy,0.2,-0.716940051473468,-3.58470025736734,1.84585119880887,CREDIBLE,1
B45_V035,45,35,cgX,mass.baselineCG,GEOMETRY,1,0.05,rotorLeftMyNm,5000,-8305.3106848185,-1.6610621369637,1.84585119880887,CREDIBLE,1
B45_V035,45,35,cgX,mass.baselineCG,GEOMETRY,1,0.05,rotorRightMyNm,5000,-8305.31068481852,-1.6610621369637,1.84585119880887,CREDIBLE,1
B45_V035,45,35,cgX,mass.baselineCG,GEOMETRY,1,0.05,wingMyNm,10000,-16721.0121006096,-1.67210121006096,1.84585119880887,CREDIBLE,1
B45_V035,45,35,cgX,mass.baselineCG,GEOMETRY,1,0.05,fuselageMyNm,2000,-1276.72008913917,-0.638360044569586,1.84585119880887,CREDIBLE,1
B45_V035,45,35,cgX,mass.baselineCG,GEOMETRY,1,0.05,horizontalTailMyNm,10000,34381.4204408354,3.43814204408354,1.84585119880887,CREDIBLE,1
B45_V035,45,35,cgX,mass.baselineCG,GEOMETRY,1,0.05,verticalTailMyNm,2000,81.4515946197398,0.0407257973098699,1.84585119880887,CREDIBLE,1
B45_V035,45,35,cgX,mass.baselineCG,GEOMETRY,1,0.05,totalMyNm,1000,-145.481523930684,-0.145481523930684,1.84585119880887,CREDIBLE,1
B45_V035,45,35,cgZ,mass.baselineCG,GEOMETRY,0.5,0.03,thetaDeg,10,-11.6341957898108,-0.581709789490542,0.736458160758196,CREDIBLE,1
B45_V035,45,35,cgZ,mass.baselineCG,GEOMETRY,0.5,0.03,collectiveDeg,20,1.78294286477024,0.044573571619256,0.736458160758196,CREDIBLE,1
B45_V035,45,35,cgZ,mass.baselineCG,GEOMETRY,0.5,0.03,cyclicLongDeg,20,-20.0231441416257,-0.500578603540642,0.736458160758196,CREDIBLE,1
B45_V035,45,35,cgZ,mass.baselineCG,GEOMETRY,0.5,0.03,elevatorDeg,20,-11.4417966523575,-0.286044916308937,0.736458160758196,CREDIBLE,1
B45_V035,45,35,cgZ,mass.baselineCG,GEOMETRY,0.5,0.03,minimumMarginProxy,0.2,-0.286044916308938,-0.715112290772346,0.736458160758196,CREDIBLE,1
B45_V035,45,35,cgZ,mass.baselineCG,GEOMETRY,0.5,0.03,rotorLeftMyNm,5000,-4749.04410349083,-0.474904410349083,0.736458160758196,CREDIBLE,1
B45_V035,45,35,cgZ,mass.baselineCG,GEOMETRY,0.5,0.03,rotorRightMyNm,5000,-4749.04410349083,-0.474904410349083,0.736458160758196,CREDIBLE,1
B45_V035,45,35,cgZ,mass.baselineCG,GEOMETRY,0.5,0.03,wingMyNm,10000,-4898.29197084483,-0.244914598542242,0.736458160758196,CREDIBLE,1
B45_V035,45,35,cgZ,mass.baselineCG,GEOMETRY,0.5,0.03,fuselageMyNm,2000,473.824584615817,0.118456146153954,0.736458160758196,CREDIBLE,1
B45_V035,45,35,cgZ,mass.baselineCG,GEOMETRY,0.5,0.03,horizontalTailMyNm,10000,13831.5410249847,0.691577051249233,0.736458160758196,CREDIBLE,1
B45_V035,45,35,cgZ,mass.baselineCG,GEOMETRY,0.5,0.03,verticalTailMyNm,2000,84.1994358518685,0.0210498589629671,0.736458160758196,CREDIBLE,1
B45_V035,45,35,cgZ,mass.baselineCG,GEOMETRY,0.5,0.03,totalMyNm,1000,-6.81513237416264,-0.00340756618708132,0.736458160758196,CREDIBLE,1
B45_V035,45,35,tailArea,htail.S,GEOMETRY,4.5,0.09,thetaDeg,10,-0.596675022167542,-0.268503759975394,0.0496933115311844,CREDIBLE,1
B45_V035,45,35,tailArea,htail.S,GEOMETRY,4.5,0.09,collectiveDeg,20,0.0612728197634027,0.0137863844467656,0.0496933115311844,CREDIBLE,1
B45_V035,45,35,tailArea,htail.S,GEOMETRY,4.5,0.09,cyclicLongDeg,20,-0.894168890995534,-0.201188000473995,0.0496933115311844,CREDIBLE,1
B45_V035,45,35,tailArea,htail.S,GEOMETRY,4.5,0.09,elevatorDeg,20,-0.510953651997426,-0.114964571699421,0.0496933115311844,CREDIBLE,1
B45_V035,45,35,tailArea,htail.S,GEOMETRY,4.5,0.09,minimumMarginProxy,0.2,-0.0127738412999358,-0.287411429248555,0.0496933115311844,CREDIBLE,1
B45_V035,45,35,tailArea,htail.S,GEOMETRY,4.5,0.09,rotorLeftMyNm,5000,166.905432831173,0.150214889548056,0.0496933115311844,CREDIBLE,1
B45_V035,45,35,tailArea,htail.S,GEOMETRY,4.5,0.09,rotorRightMyNm,5000,166.905432831178,0.15021488954806,0.0496933115311844,CREDIBLE,1
B45_V035,45,35,tailArea,htail.S,GEOMETRY,4.5,0.09,wingMyNm,10000,3.59502747802228,0.00161776236511002,0.0496933115311844,CREDIBLE,1
B45_V035,45,35,tailArea,htail.S,GEOMETRY,4.5,0.09,fuselageMyNm,2000,-4.01871392867442,-0.00904210633951745,0.0496933115311844,CREDIBLE,1
B45_V035,45,35,tailArea,htail.S,GEOMETRY,4.5,0.09,horizontalTailMyNm,10000,-335.40643103485,-0.150932893965683,0.0496933115311844,CREDIBLE,1
B45_V035,45,35,tailArea,htail.S,GEOMETRY,4.5,0.09,verticalTailMyNm,2000,2.03090653143592,0.00456953969573082,0.0496933115311844,CREDIBLE,1
B45_V035,45,35,tailArea,htail.S,GEOMETRY,4.5,0.09,totalMyNm,1000,0.0116547082861018,5.24461872874582e-05,0.0496933115311844,CREDIBLE,1
B45_V035,45,35,tailArmX,htail.rAC,GEOMETRY,5,0.1,thetaDeg,10,0.493378861465938,0.246689430732969,0.0312314572864933,CREDIBLE,1
B45_V035,45,35,tailArmX,htail.rAC,GEOMETRY,5,0.1,collectiveDeg,20,-0.0756104106009126,-0.0189026026502281,0.0312314572864933,CREDIBLE,1
B45_V035,45,35,tailArmX,htail.rAC,GEOMETRY,5,0.1,cyclicLongDeg,20,0.849134417027404,0.212283604256851,0.0312314572864933,CREDIBLE,1
B45_V035,45,35,tailArmX,htail.rAC,GEOMETRY,5,0.1,elevatorDeg,20,0.485219666872805,0.121304916718201,0.0312314572864933,CREDIBLE,1
B45_V035,45,35,tailArmX,htail.rAC,GEOMETRY,5,0.1,minimumMarginProxy,0.2,0.0121304916718201,0.303262291795503,0.0312314572864933,CREDIBLE,1
B45_V035,45,35,tailArmX,htail.rAC,GEOMETRY,5,0.1,rotorLeftMyNm,5000,-162.288352590817,-0.162288352590817,0.0312314572864933,CREDIBLE,1
B45_V035,45,35,tailArmX,htail.rAC,GEOMETRY,5,0.1,rotorRightMyNm,5000,-162.288352590813,-0.162288352590813,0.0312314572864933,CREDIBLE,1
B45_V035,45,35,tailArmX,htail.rAC,GEOMETRY,5,0.1,wingMyNm,10000,-2.96647867566776,-0.00148323933783388,0.0312314572864933,CREDIBLE,1
B45_V035,45,35,tailArmX,htail.rAC,GEOMETRY,5,0.1,fuselageMyNm,2000,3.32299533834181,0.00830748834585453,0.0312314572864933,CREDIBLE,1
B45_V035,45,35,tailArmX,htail.rAC,GEOMETRY,5,0.1,horizontalTailMyNm,10000,325.890443034291,0.162945221517145,0.0312314572864933,CREDIBLE,1
B45_V035,45,35,tailArmX,htail.rAC,GEOMETRY,5,0.1,verticalTailMyNm,2000,-1.67931677691584,-0.0041982919422896,0.0312314572864933,CREDIBLE,1
B45_V035,45,35,tailArmX,htail.rAC,GEOMETRY,5,0.1,totalMyNm,1000,-0.00906226158193135,-4.53113079096568e-05,0.0312314572864933,CREDIBLE,1
B45_V035,45,35,tailIncidence,htail.incidence,GEOMETRY,0.0872664625997165,0.00436332312998582,thetaDeg,10,-39.5528311192816,-0.345163565758369,3.32959447174815,CREDIBLE,1
B45_V035,45,35,tailIncidence,htail.incidence,GEOMETRY,0.0872664625997165,0.00436332312998582,collectiveDeg,20,3.96773221676574,0.0173124977550039,3.32959447174815,CREDIBLE,1
B45_V035,45,35,tailIncidence,htail.incidence,GEOMETRY,0.0872664625997165,0.00436332312998582,cyclicLongDeg,20,-60.3216611181345,-0.263202899195923,3.32959447174815,CREDIBLE,1
B45_V035,45,35,tailIncidence,htail.incidence,GEOMETRY,0.0872664625997165,0.00436332312998582,elevatorDeg,20,-34.4695206389346,-0.150401656683387,3.32959447174815,CREDIBLE,1
B45_V035,45,35,tailIncidence,htail.incidence,GEOMETRY,0.0872664625997165,0.00436332312998582,minimumMarginProxy,0.2,-0.861738015973356,-0.376004141708464,3.32959447174815,CREDIBLE,1
B45_V035,45,35,tailIncidence,htail.incidence,GEOMETRY,0.0872664625997165,0.00436332312998582,rotorLeftMyNm,5000,11274.4652938172,0.196776540778939,3.32959447174815,CREDIBLE,1
B45_V035,45,35,tailIncidence,htail.incidence,GEOMETRY,0.0872664625997165,0.00436332312998582,rotorRightMyNm,5000,11274.4652938174,0.196776540778943,3.32959447174815,CREDIBLE,1
B45_V035,45,35,tailIncidence,htail.incidence,GEOMETRY,0.0872664625997165,0.00436332312998582,wingMyNm,10000,238.352540408197,0.00208001830530793,3.32959447174815,CREDIBLE,1
B45_V035,45,35,tailIncidence,htail.incidence,GEOMETRY,0.0872664625997165,0.00436332312998582,fuselageMyNm,2000,-266.396945412525,-0.0116237595367604,3.32959447174815,CREDIBLE,1
B45_V035,45,35,tailIncidence,htail.incidence,GEOMETRY,0.0872664625997165,0.00436332312998582,horizontalTailMyNm,10000,-22660.7436741834,-0.197752294032489,3.32959447174815,CREDIBLE,1
B45_V035,45,35,tailIncidence,htail.incidence,GEOMETRY,0.0872664625997165,0.00436332312998582,verticalTailMyNm,2000,134.626036561913,0.00587416899228913,3.32959447174815,CREDIBLE,1
B45_V035,45,35,tailIncidence,htail.incidence,GEOMETRY,0.0872664625997165,0.00436332312998582,totalMyNm,1000,-5.23145499119348,-0.000456530571331086,3.32959447174815,CREDIBLE,1
B45_V035,45,35,wingACX,wing.xAC,GEOMETRY,1,0.03,thetaDeg,10,9.03620750660146,0.903620750660146,0.572002472776795,CREDIBLE,1
B45_V035,45,35,wingACX,wing.xAC,GEOMETRY,1,0.03,collectiveDeg,20,-1.3848006333698,-0.0692400316684901,0.572002472776795,CREDIBLE,1
B45_V035,45,35,wingACX,wing.xAC,GEOMETRY,1,0.03,cyclicLongDeg,20,15.5518515131732,0.777592575658659,0.572002472776795,CREDIBLE,1
B45_V035,45,35,wingACX,wing.xAC,GEOMETRY,1,0.03,elevatorDeg,20,8.88677229324184,0.444338614662092,0.572002472776795,CREDIBLE,1
B45_V035,45,35,wingACX,wing.xAC,GEOMETRY,1,0.03,minimumMarginProxy,0.2,0.222169307331046,1.11084653665523,0.572002472776795,CREDIBLE,1
B45_V035,45,35,wingACX,wing.xAC,GEOMETRY,1,0.03,rotorLeftMyNm,5000,-2972.01493099575,-0.594402986199151,0.572002472776795,CREDIBLE,1
B45_V035,45,35,wingACX,wing.xAC,GEOMETRY,1,0.03,rotorRightMyNm,5000,-2972.01493099575,-0.594402986199151,0.572002472776795,CREDIBLE,1
B45_V035,45,35,wingACX,wing.xAC,GEOMETRY,1,0.03,wingMyNm,10000,16879.8277126475,1.68798277126475,0.572002472776795,CREDIBLE,1
B45_V035,45,35,wingACX,wing.xAC,GEOMETRY,1,0.03,fuselageMyNm,2000,60.8613822616701,0.0304306911308351,0.572002472776795,CREDIBLE,1
B45_V035,45,35,wingACX,wing.xAC,GEOMETRY,1,0.03,horizontalTailMyNm,10000,-10965.5949576098,-1.09655949576098,0.572002472776795,CREDIBLE,1
B45_V035,45,35,wingACX,wing.xAC,GEOMETRY,1,0.03,verticalTailMyNm,2000,-30.7564861617893,-0.0153782430808947,0.572002472776795,CREDIBLE,1
B45_V035,45,35,wingACX,wing.xAC,GEOMETRY,1,0.03,totalMyNm,1000,0.307789146091627,0.000307789146091627,0.572002472776795,CREDIBLE,1
B45_V035,45,35,rotorHubX,rotor.pivotX,GEOMETRY,1,0.03,thetaDeg,10,19.0450287851014,1.90450287851014,1.20557253153213,CREDIBLE,1
B45_V035,45,35,rotorHubX,rotor.pivotX,GEOMETRY,1,0.03,collectiveDeg,20,-2.91865452457654,-0.145932726228827,1.20557253153213,CREDIBLE,1
B45_V035,45,35,rotorHubX,rotor.pivotX,GEOMETRY,1,0.03,cyclicLongDeg,20,32.7776292779491,1.63888146389745,1.20557253153213,CREDIBLE,1
B45_V035,45,35,rotorHubX,rotor.pivotX,GEOMETRY,1,0.03,elevatorDeg,20,18.7300738731138,0.93650369365569,1.20557253153213,CREDIBLE,1
B45_V035,45,35,rotorHubX,rotor.pivotX,GEOMETRY,1,0.03,minimumMarginProxy,0.2,0.468251846827844,2.34125923413922,1.20557253153213,CREDIBLE,1
B45_V035,45,35,rotorHubX,rotor.pivotX,GEOMETRY,1,0.03,rotorLeftMyNm,5000,11588.5407818138,2.31770815636276,1.20557253153213,CREDIBLE,1
B45_V035,45,35,rotorHubX,rotor.pivotX,GEOMETRY,1,0.03,rotorRightMyNm,5000,11588.5407818139,2.31770815636277,1.20557253153213,CREDIBLE,1
B45_V035,45,35,rotorHubX,rotor.pivotX,GEOMETRY,1,0.03,wingMyNm,10000,-114.758068466635,-0.0114758068466635,1.20557253153213,CREDIBLE,1
B45_V035,45,35,rotorHubX,rotor.pivotX,GEOMETRY,1,0.03,fuselageMyNm,2000,128.280343230668,0.0641401716153342,1.20557253153213,CREDIBLE,1
B45_V035,45,35,rotorHubX,rotor.pivotX,GEOMETRY,1,0.03,horizontalTailMyNm,10000,-23104.1958854122,-2.31041958854122,1.20557253153213,CREDIBLE,1
B45_V035,45,35,rotorHubX,rotor.pivotX,GEOMETRY,1,0.03,verticalTailMyNm,2000,-64.8226195942331,-0.0324113097971165,1.20557253153213,CREDIBLE,1
B45_V035,45,35,rotorHubX,rotor.pivotX,GEOMETRY,1,0.03,totalMyNm,1000,21.5853333852377,0.0215853333852377,1.20557253153213,CREDIBLE,1
B45_V035,45,35,rotorHubZ,rotor.pivotZ,GEOMETRY,1,0.03,thetaDeg,10,9.14926491090598,0.914926491090598,0.579159138311606,CREDIBLE,1
B45_V035,45,35,rotorHubZ,rotor.pivotZ,GEOMETRY,1,0.03,collectiveDeg,20,-1.40212670351302,-0.0701063351756511,0.579159138311606,CREDIBLE,1
B45_V035,45,35,rotorHubZ,rotor.pivotZ,GEOMETRY,1,0.03,cyclicLongDeg,20,15.7464300421549,0.787321502107744,0.579159138311606,CREDIBLE,1
B45_V035,45,35,rotorHubZ,rotor.pivotZ,GEOMETRY,1,0.03,elevatorDeg,20,8.99796002408847,0.449898001204424,0.579159138311606,CREDIBLE,1
B45_V035,45,35,rotorHubZ,rotor.pivotZ,GEOMETRY,1,0.03,minimumMarginProxy,0.2,0.224949000602213,1.12474500301106,0.579159138311606,CREDIBLE,1
B45_V035,45,35,rotorHubZ,rotor.pivotZ,GEOMETRY,1,0.03,rotorLeftMyNm,5000,5565.47793336843,1.11309558667369,0.579159138311606,CREDIBLE,1
B45_V035,45,35,rotorHubZ,rotor.pivotZ,GEOMETRY,1,0.03,rotorRightMyNm,5000,5565.47793336852,1.1130955866737,0.579159138311606,CREDIBLE,1
B45_V035,45,35,rotorHubZ,rotor.pivotZ,GEOMETRY,1,0.03,wingMyNm,10000,-55.0375122603972,-0.00550375122603972,0.579159138311606,CREDIBLE,1
B45_V035,45,35,rotorHubZ,rotor.pivotZ,GEOMETRY,1,0.03,fuselageMyNm,2000,61.6228792004025,0.0308114396002013,0.579159138311606,CREDIBLE,1
B45_V035,45,35,rotorHubZ,rotor.pivotZ,GEOMETRY,1,0.03,horizontalTailMyNm,10000,-11102.7665004818,-1.11027665004818,0.579159138311606,CREDIBLE,1
B45_V035,45,35,rotorHubZ,rotor.pivotZ,GEOMETRY,1,0.03,verticalTailMyNm,2000,-31.1412960560505,-0.0155706480280253,0.579159138311606,CREDIBLE,1
B45_V035,45,35,rotorHubZ,rotor.pivotZ,GEOMETRY,1,0.03,totalMyNm,1000,3.63343713912177,0.00363343713912177,0.579159138311606,CREDIBLE,1
B45_V035,45,35,tailCLelevator,htail.CLelevator,EFFECTIVE_AERO,2,0.04,thetaDeg,10,2.53613252394818,0.507226504789635,0.213493557142594,CREDIBLE,1
B45_V035,45,35,tailCLelevator,htail.CLelevator,EFFECTIVE_AERO,2,0.04,collectiveDeg,20,-0.254412429953232,-0.0254412429953232,0.213493557142594,CREDIBLE,1
B45_V035,45,35,tailCLelevator,htail.CLelevator,EFFECTIVE_AERO,2,0.04,cyclicLongDeg,20,3.86782562561181,0.386782562561181,0.213493557142594,CREDIBLE,1
B45_V035,45,35,tailCLelevator,htail.CLelevator,EFFECTIVE_AERO,2,0.04,elevatorDeg,20,2.21018607177821,0.221018607177821,0.213493557142594,CREDIBLE,1
B45_V035,45,35,tailCLelevator,htail.CLelevator,EFFECTIVE_AERO,2,0.04,minimumMarginProxy,0.2,0.0552546517944549,0.552546517944549,0.213493557142594,CREDIBLE,1
B45_V035,45,35,tailCLelevator,htail.CLelevator,EFFECTIVE_AERO,2,0.04,rotorLeftMyNm,5000,-722.931837562771,-0.289172735025109,0.213493557142594,CREDIBLE,1
B45_V035,45,35,tailCLelevator,htail.CLelevator,EFFECTIVE_AERO,2,0.04,rotorRightMyNm,5000,-722.931837562783,-0.289172735025113,0.213493557142594,CREDIBLE,1
B45_V035,45,35,tailCLelevator,htail.CLelevator,EFFECTIVE_AERO,2,0.04,wingMyNm,10000,-15.2812412011485,-0.00305624824022971,0.213493557142594,CREDIBLE,1
B45_V035,45,35,tailCLelevator,htail.CLelevator,EFFECTIVE_AERO,2,0.04,fuselageMyNm,2000,17.0813364625197,0.0170813364625197,0.213493557142594,CREDIBLE,1
B45_V035,45,35,tailCLelevator,htail.CLelevator,EFFECTIVE_AERO,2,0.04,horizontalTailMyNm,10000,1452.80034963636,0.290560069927271,0.213493557142594,CREDIBLE,1
B45_V035,45,35,tailCLelevator,htail.CLelevator,EFFECTIVE_AERO,2,0.04,verticalTailMyNm,2000,-8.63224700065679,-0.00863224700065679,0.213493557142594,CREDIBLE,1
B45_V035,45,35,tailCLelevator,htail.CLelevator,EFFECTIVE_AERO,2,0.04,totalMyNm,1000,0.104522771510673,0.000209045543021347,0.213493557142594,CREDIBLE,1
B45_V035,45,35,tailDownwashAlpha,htail.downwashAlpha,EFFECTIVE_AERO,0.4,0.008,thetaDeg,10,15.0158973209011,0.600635892836046,1.26405019112175,CREDIBLE,1
B45_V035,45,35,tailDownwashAlpha,htail.downwashAlpha,EFFECTIVE_AERO,0.4,0.008,collectiveDeg,20,-1.50632031013154,-0.0301264062026307,1.26405019112175,CREDIBLE,1
B45_V035,45,35,tailDownwashAlpha,htail.downwashAlpha,EFFECTIVE_AERO,0.4,0.008,cyclicLongDeg,20,22.9005755418787,0.458011510837575,1.26405019112175,CREDIBLE,1
B45_V035,45,35,tailDownwashAlpha,htail.downwashAlpha,EFFECTIVE_AERO,0.4,0.008,elevatorDeg,20,13.0860431667881,0.261720863335761,1.26405019112175,CREDIBLE,1
B45_V035,45,35,tailDownwashAlpha,htail.downwashAlpha,EFFECTIVE_AERO,0.4,0.008,minimumMarginProxy,0.2,0.327151079169703,0.654302158339407,1.26405019112175,CREDIBLE,1
B45_V035,45,35,tailDownwashAlpha,htail.downwashAlpha,EFFECTIVE_AERO,0.4,0.008,rotorLeftMyNm,5000,-4280.30981639336,-0.342424785311468,1.26405019112175,CREDIBLE,1
B45_V035,45,35,tailDownwashAlpha,htail.downwashAlpha,EFFECTIVE_AERO,0.4,0.008,rotorRightMyNm,5000,-4280.3098163933,-0.342424785311464,1.26405019112175,CREDIBLE,1
B45_V035,45,35,tailDownwashAlpha,htail.downwashAlpha,EFFECTIVE_AERO,0.4,0.008,wingMyNm,10000,-90.4794116641057,-0.00361917646656423,1.26405019112175,CREDIBLE,1
B45_V035,45,35,tailDownwashAlpha,htail.downwashAlpha,EFFECTIVE_AERO,0.4,0.008,fuselageMyNm,2000,101.135020739261,0.0202270041478522,1.26405019112175,CREDIBLE,1
B45_V035,45,35,tailDownwashAlpha,htail.downwashAlpha,EFFECTIVE_AERO,0.4,0.008,horizontalTailMyNm,10000,8602.11805175606,0.344084722070243,1.26405019112175,CREDIBLE,1
B45_V035,45,35,tailDownwashAlpha,htail.downwashAlpha,EFFECTIVE_AERO,0.4,0.008,verticalTailMyNm,2000,-51.1096743352457,-0.0102219348670491,1.26405019112175,CREDIBLE,1
B45_V035,45,35,tailDownwashAlpha,htail.downwashAlpha,EFFECTIVE_AERO,0.4,0.008,totalMyNm,1000,1.04435370933764,0.000417741483735057,1.26405019112175,CREDIBLE,1
B45_V035,45,35,wingCm0,wing.Cm0,EFFECTIVE_AERO,0.03,0.002,thetaDeg,10,10.85603630262,0.03256810890786,0.687199757765343,CREDIBLE,1
B45_V035,45,35,wingCm0,wing.Cm0,EFFECTIVE_AERO,0.03,0.002,collectiveDeg,20,-1.66368976551023,-0.00249553464826535,0.687199757765343,CREDIBLE,1
B45_V035,45,35,wingCm0,wing.Cm0,EFFECTIVE_AERO,0.03,0.002,cyclicLongDeg,20,18.6838852999598,0.0280258279499397,0.687199757765343,CREDIBLE,1
B45_V035,45,35,wingCm0,wing.Cm0,EFFECTIVE_AERO,0.03,0.002,elevatorDeg,20,10.6765058856917,0.0160147588285375,0.687199757765343,CREDIBLE,1
B45_V035,45,35,wingCm0,wing.Cm0,EFFECTIVE_AERO,0.03,0.002,minimumMarginProxy,0.2,0.266912647142292,0.0400368970713438,0.687199757765343,CREDIBLE,1
B45_V035,45,35,wingCm0,wing.Cm0,EFFECTIVE_AERO,0.03,0.002,rotorLeftMyNm,5000,-3570.91292940777,-0.0214254775764466,0.687199757765343,CREDIBLE,1
B45_V035,45,35,wingCm0,wing.Cm0,EFFECTIVE_AERO,0.03,0.002,rotorRightMyNm,5000,-3570.91292940845,-0.0214254775764507,0.687199757765343,CREDIBLE,1
B45_V035,45,35,wingCm0,wing.Cm0,EFFECTIVE_AERO,0.03,0.002,wingMyNm,10000,20280.858221549,0.060842574664647,0.687199757765343,CREDIBLE,1
B45_V035,45,35,wingCm0,wing.Cm0,EFFECTIVE_AERO,0.03,0.002,fuselageMyNm,2000,73.1173264732377,0.00109675989709856,0.687199757765343,CREDIBLE,1
B45_V035,45,35,wingCm0,wing.Cm0,EFFECTIVE_AERO,0.03,0.002,horizontalTailMyNm,10000,-13175.186795848,-0.0395255603875441,0.687199757765343,CREDIBLE,1
B45_V035,45,35,wingCm0,wing.Cm0,EFFECTIVE_AERO,0.03,0.002,verticalTailMyNm,2000,-36.950763671431,-0.000554261455071465,0.687199757765343,CREDIBLE,1
B45_V035,45,35,wingCm0,wing.Cm0,EFFECTIVE_AERO,0.03,0.002,totalMyNm,1000,0.0121296866915088,3.63890600745265e-07,0.687199757765343,CREDIBLE,1
B75_V040,75,40,cgX,mass.baselineCG,GEOMETRY,1,0.05,thetaDeg,10,5.90204488525448,0.590204488525448,0.960820642578421,FAILED,1
B75_V040,75,40,cgX,mass.baselineCG,GEOMETRY,1,0.05,collectiveDeg,20,0.00983569886706448,0.000491784943353224,0.960820642578421,FAILED,1
B75_V040,75,40,cgX,mass.baselineCG,GEOMETRY,1,0.05,cyclicLongDeg,20,0,0,0.960820642578421,FAILED,1
B75_V040,75,40,cgX,mass.baselineCG,GEOMETRY,1,0.05,elevatorDeg,20,-47.0055758954485,-2.35027879477243,0.960820642578421,FAILED,1
B75_V040,75,40,cgX,mass.baselineCG,GEOMETRY,1,0.05,minimumMarginProxy,0.2,-1.17513939738621,-5.87569698693106,0.960820642578421,FAILED,1
B75_V040,75,40,cgX,mass.baselineCG,GEOMETRY,1,0.05,rotorLeftMyNm,5000,-2739.89162741032,-0.547978325482064,0.960820642578421,FAILED,1
B75_V040,75,40,cgX,mass.baselineCG,GEOMETRY,1,0.05,rotorRightMyNm,5000,-2739.89162741032,-0.547978325482065,0.960820642578421,FAILED,1
B75_V040,75,40,cgX,mass.baselineCG,GEOMETRY,1,0.05,wingMyNm,10000,-22228.9527153302,-2.22289527153302,0.960820642578421,FAILED,1
B75_V040,75,40,cgX,mass.baselineCG,GEOMETRY,1,0.05,fuselageMyNm,2000,-1179.95207721027,-0.589976038605136,0.960820642578421,FAILED,1
B75_V040,75,40,cgX,mass.baselineCG,GEOMETRY,1,0.05,horizontalTailMyNm,10000,11243.9789972236,1.12439789972236,0.960820642578421,FAILED,1
B75_V040,75,40,cgX,mass.baselineCG,GEOMETRY,1,0.05,verticalTailMyNm,2000,-47.5048927516119,-0.0237524463758059,0.960820642578421,FAILED,1
B75_V040,75,40,cgX,mass.baselineCG,GEOMETRY,1,0.05,totalMyNm,1000,-17692.2139428891,-17.6922139428891,0.960820642578421,FAILED,1
B75_V040,75,40,cgZ,mass.baselineCG,GEOMETRY,0.5,0.03,thetaDeg,10,4.76215337949425,0.238107668974713,0.775252536891779,FAILED,1
B75_V040,75,40,cgZ,mass.baselineCG,GEOMETRY,0.5,0.03,collectiveDeg,20,0.00793608105501183,0.000198402026375296,0.775252536891779,FAILED,1
B75_V040,75,40,cgZ,mass.baselineCG,GEOMETRY,0.5,0.03,cyclicLongDeg,20,0,0,0.775252536891779,FAILED,1
B75_V040,75,40,cgZ,mass.baselineCG,GEOMETRY,0.5,0.03,elevatorDeg,20,-37.9271534624956,-0.948178836562391,0.775252536891779,FAILED,1
B75_V040,75,40,cgZ,mass.baselineCG,GEOMETRY,0.5,0.03,minimumMarginProxy,0.2,-0.948178836562392,-2.37044709140598,0.775252536891779,FAILED,1
B75_V040,75,40,cgZ,mass.baselineCG,GEOMETRY,0.5,0.03,rotorLeftMyNm,5000,-9378.39471777539,-0.937839471777539,0.775252536891779,FAILED,1
B75_V040,75,40,cgZ,mass.baselineCG,GEOMETRY,0.5,0.03,rotorRightMyNm,5000,-9378.3947177754,-0.93783947177754,0.775252536891779,FAILED,1
B75_V040,75,40,cgZ,mass.baselineCG,GEOMETRY,0.5,0.03,wingMyNm,10000,-5557.1434313831,-0.277857171569155,0.775252536891779,FAILED,1
B75_V040,75,40,cgZ,mass.baselineCG,GEOMETRY,0.5,0.03,fuselageMyNm,2000,736.616696504534,0.184154174126134,0.775252536891779,FAILED,1
B75_V040,75,40,cgZ,mass.baselineCG,GEOMETRY,0.5,0.03,horizontalTailMyNm,10000,9372.14592831808,0.468607296415904,0.775252536891779,FAILED,1
B75_V040,75,40,cgZ,mass.baselineCG,GEOMETRY,0.5,0.03,verticalTailMyNm,2000,37.5371156837808,0.0093842789209452,0.775252536891779,FAILED,1
B75_V040,75,40,cgZ,mass.baselineCG,GEOMETRY,0.5,0.03,totalMyNm,1000,-14167.6331264275,-7.08381656321374,0.775252536891779,FAILED,1
B75_V040,75,40,tailArea,htail.S,GEOMETRY,4.5,0.09,thetaDeg,10,-0.0109108201059706,-0.00490986904768675,0.0116632997292033,FAILED,1
B75_V040,75,40,tailArea,htail.S,GEOMETRY,4.5,0.09,collectiveDeg,20,0.00302867682873872,0.000681452286466211,0.0116632997292033,FAILED,1
B75_V040,75,40,tailArea,htail.S,GEOMETRY,4.5,0.09,cyclicLongDeg,20,0,0,0.0116632997292033,FAILED,1
B75_V040,75,40,tailArea,htail.S,GEOMETRY,4.5,0.09,elevatorDeg,20,-0.300115837272704,-0.0675260633863584,0.0116632997292033,FAILED,1
B75_V040,75,40,tailArea,htail.S,GEOMETRY,4.5,0.09,minimumMarginProxy,0.2,-0.00750289593181783,-0.168815158465901,0.0116632997292033,FAILED,1
B75_V040,75,40,tailArea,htail.S,GEOMETRY,4.5,0.09,rotorLeftMyNm,5000,-0.749117457950079,-0.000674205712155072,0.0116632997292033,FAILED,1
B75_V040,75,40,tailArea,htail.S,GEOMETRY,4.5,0.09,rotorRightMyNm,5000,-0.749117457950079,-0.000674205712155072,0.0116632997292033,FAILED,1
B75_V040,75,40,tailArea,htail.S,GEOMETRY,4.5,0.09,wingMyNm,10000,0.521508516279331,0.000234678832325699,0.0116632997292033,FAILED,1
B75_V040,75,40,tailArea,htail.S,GEOMETRY,4.5,0.09,fuselageMyNm,2000,-0.0712146861079393,-0.000160233043742863,0.0116632997292033,FAILED,1
B75_V040,75,40,tailArea,htail.S,GEOMETRY,4.5,0.09,horizontalTailMyNm,10000,-113.175688843391,-0.0509290599795258,0.0116632997292033,FAILED,1
B75_V040,75,40,tailArea,htail.S,GEOMETRY,4.5,0.09,verticalTailMyNm,2000,0.0497155340451311,0.000111859951601545,0.0116632997292033,FAILED,1
B75_V040,75,40,tailArea,htail.S,GEOMETRY,4.5,0.09,totalMyNm,1000,-114.173914395077,-0.513782614777847,0.0116632997292033,FAILED,1
B75_V040,75,40,tailArmX,htail.rAC,GEOMETRY,5,0.1,thetaDeg,10,-0.0481369121908948,-0.0240684560954474,0.00783642615435676,FAILED,1
B75_V040,75,40,tailArmX,htail.rAC,GEOMETRY,5,0.1,collectiveDeg,20,-8.02196834825963e-05,-2.00549208706491e-05,0.00783642615435676,FAILED,1
B75_V040,75,40,tailArmX,htail.rAC,GEOMETRY,5,0.1,cyclicLongDeg,20,0,0,0.00783642615435676,FAILED,1
B75_V040,75,40,tailArmX,htail.rAC,GEOMETRY,5,0.1,elevatorDeg,20,0.383376155782003,0.0958440389455006,0.00783642615435676,FAILED,1
B75_V040,75,40,tailArmX,htail.rAC,GEOMETRY,5,0.1,minimumMarginProxy,0.2,0.00958440389455005,0.239610097363751,0.00783642615435676,FAILED,1
B75_V040,75,40,tailArmX,htail.rAC,GEOMETRY,5,0.1,rotorLeftMyNm,5000,2.71036169719082,0.00271036169719082,0.00783642615435676,FAILED,1
B75_V040,75,40,tailArmX,htail.rAC,GEOMETRY,5,0.1,rotorRightMyNm,5000,2.71036169718968,0.00271036169718968,0.00783642615435676,FAILED,1
B75_V040,75,40,tailArmX,htail.rAC,GEOMETRY,5,0.1,wingMyNm,10000,2.60564003981472,0.00130282001990736,0.00783642615435676,FAILED,1
B75_V040,75,40,tailArmX,htail.rAC,GEOMETRY,5,0.1,fuselageMyNm,2000,-0.314188582620645,-0.000785471456551612,0.00783642615435676,FAILED,1
B75_V040,75,40,tailArmX,htail.rAC,GEOMETRY,5,0.1,horizontalTailMyNm,10000,137.84053743042,0.0689202687152101,0.00783642615435676,FAILED,1
B75_V040,75,40,tailArmX,htail.rAC,GEOMETRY,5,0.1,verticalTailMyNm,2000,0.219337526502628,0.000548343816256569,0.00783642615435676,FAILED,1
B75_V040,75,40,tailArmX,htail.rAC,GEOMETRY,5,0.1,totalMyNm,1000,145.772049808497,0.728860249042486,0.00783642615435676,FAILED,1
B75_V040,75,40,tailIncidence,htail.incidence,GEOMETRY,0.0872664625997165,0.00436332312998582,thetaDeg,10,-0.166117547341838,-0.00144964907322631,4.6330707699053,FAILED,1
B75_V040,75,40,tailIncidence,htail.incidence,GEOMETRY,0.0872664625997165,0.00436332312998582,collectiveDeg,20,-0.000296247231741551,-1.29262239845218e-06,4.6330707699053,FAILED,1
B75_V040,75,40,tailIncidence,htail.incidence,GEOMETRY,0.0872664625997165,0.00436332312998582,cyclicLongDeg,20,0,0,4.6330707699053,FAILED,1
B75_V040,75,40,tailIncidence,htail.incidence,GEOMETRY,0.0872664625997165,0.00436332312998582,elevatorDeg,20,-127.584213409481,-0.556691149390634,4.6330707699053,FAILED,1
B75_V040,75,40,tailIncidence,htail.incidence,GEOMETRY,0.0872664625997165,0.00436332312998582,minimumMarginProxy,0.2,-3.18960533523702,-1.39172787347659,4.6330707699053,FAILED,1
B75_V040,75,40,tailIncidence,htail.incidence,GEOMETRY,0.0872664625997165,0.00436332312998582,rotorLeftMyNm,5000,9.36198053971725,0.000163397384925702,4.6330707699053,FAILED,1
B75_V040,75,40,tailIncidence,htail.incidence,GEOMETRY,0.0872664625997165,0.00436332312998582,rotorRightMyNm,5000,9.36198053971725,0.000163397384925702,4.6330707699053,FAILED,1
B75_V040,75,40,tailIncidence,htail.incidence,GEOMETRY,0.0872664625997165,0.00436332312998582,wingMyNm,10000,8.9923448313627,7.84730123909867e-05,4.6330707699053,FAILED,1
B75_V040,75,40,tailIncidence,htail.incidence,GEOMETRY,0.0872664625997165,0.00436332312998582,fuselageMyNm,2000,-1.08424562729403,-4.73091402415804e-05,4.6330707699053,FAILED,1
B75_V040,75,40,tailIncidence,htail.incidence,GEOMETRY,0.0872664625997165,0.00436332312998582,horizontalTailMyNm,10000,-47607.2555754854,-0.415451678815324,4.6330707699053,FAILED,1
B75_V040,75,40,tailIncidence,htail.incidence,GEOMETRY,0.0872664625997165,0.00436332312998582,verticalTailMyNm,2000,0.756920423976781,3.30268839349657e-05,4.6330707699053,FAILED,1
B75_V040,75,40,tailIncidence,htail.incidence,GEOMETRY,0.0872664625997165,0.00436332312998582,totalMyNm,1000,-47579.866594778,-4.15212664869269,4.6330707699053,FAILED,1
B75_V040,75,40,wingACX,wing.xAC,GEOMETRY,1,0.03,thetaDeg,10,-4.58665269024673,-0.458665269024673,0.746681984092857,FAILED,1
B75_V040,75,40,wingACX,wing.xAC,GEOMETRY,1,0.03,collectiveDeg,20,-0.00764361090877704,-0.000382180545438852,0.746681984092857,FAILED,1
B75_V040,75,40,wingACX,wing.xAC,GEOMETRY,1,0.03,cyclicLongDeg,20,0,0,0.746681984092857,FAILED,1
B75_V040,75,40,wingACX,wing.xAC,GEOMETRY,1,0.03,elevatorDeg,20,36.5294157074443,1.82647078537222,0.746681984092857,FAILED,1
B75_V040,75,40,wingACX,wing.xAC,GEOMETRY,1,0.03,minimumMarginProxy,0.2,0.913235392686108,4.56617696343054,0.746681984092857,FAILED,1
B75_V040,75,40,wingACX,wing.xAC,GEOMETRY,1,0.03,rotorLeftMyNm,5000,258.252578320404,0.0516505156640809,0.746681984092857,FAILED,1
B75_V040,75,40,wingACX,wing.xAC,GEOMETRY,1,0.03,rotorRightMyNm,5000,258.252578320397,0.0516505156640794,0.746681984092857,FAILED,1
B75_V040,75,40,wingACX,wing.xAC,GEOMETRY,1,0.03,wingMyNm,10000,22159.5343668793,2.21595343668793,0.746681984092857,FAILED,1
B75_V040,75,40,wingACX,wing.xAC,GEOMETRY,1,0.03,fuselageMyNm,2000,-29.9370752972746,-0.0149685376486373,0.746681984092857,FAILED,1
B75_V040,75,40,wingACX,wing.xAC,GEOMETRY,1,0.03,horizontalTailMyNm,10000,-9049.01995613963,-0.904901995613963,0.746681984092857,FAILED,1
B75_V040,75,40,wingACX,wing.xAC,GEOMETRY,1,0.03,verticalTailMyNm,2000,20.8992235761713,0.0104496117880856,0.746681984092857,FAILED,1
B75_V040,75,40,wingACX,wing.xAC,GEOMETRY,1,0.03,totalMyNm,1000,13617.9817156594,13.6179817156594,0.746681984092857,FAILED,1
B75_V040,75,40,rotorHubX,rotor.pivotX,GEOMETRY,1,0.03,thetaDeg,10,-1.00789727689155,-0.100789727689155,0.164080166800406,FAILED,1
B75_V040,75,40,rotorHubX,rotor.pivotX,GEOMETRY,1,0.03,collectiveDeg,20,-0.00167965074767314,-8.39825373836571e-05,0.164080166800406,FAILED,1
B75_V040,75,40,rotorHubX,rotor.pivotX,GEOMETRY,1,0.03,cyclicLongDeg,20,0,0,0.164080166800406,FAILED,1
B75_V040,75,40,rotorHubX,rotor.pivotX,GEOMETRY,1,0.03,elevatorDeg,20,8.02718258922586,0.401359129461293,0.164080166800406,FAILED,1
B75_V040,75,40,rotorHubX,rotor.pivotX,GEOMETRY,1,0.03,minimumMarginProxy,0.2,0.200679564730646,1.00339782365323,0.164080166800406,FAILED,1
B75_V040,75,40,rotorHubX,rotor.pivotX,GEOMETRY,1,0.03,rotorLeftMyNm,5000,2464.25803902686,0.492851607805373,0.164080166800406,FAILED,1
B75_V040,75,40,rotorHubX,rotor.pivotX,GEOMETRY,1,0.03,rotorRightMyNm,5000,2464.25803902687,0.492851607805374,0.164080166800406,FAILED,1
B75_V040,75,40,rotorHubX,rotor.pivotX,GEOMETRY,1,0.03,wingMyNm,10000,54.5573027849059,0.00545573027849059,0.164080166800406,FAILED,1
B75_V040,75,40,rotorHubX,rotor.pivotX,GEOMETRY,1,0.03,fuselageMyNm,2000,-6.57852464135521,-0.0032892623206776,0.164080166800406,FAILED,1
B75_V040,75,40,rotorHubX,rotor.pivotX,GEOMETRY,1,0.03,horizontalTailMyNm,10000,-1987.58584683254,-0.198758584683254,0.164080166800406,FAILED,1
B75_V040,75,40,rotorHubX,rotor.pivotX,GEOMETRY,1,0.03,verticalTailMyNm,2000,4.59251903827915,0.00229625951913957,0.164080166800406,FAILED,1
B75_V040,75,40,rotorHubX,rotor.pivotX,GEOMETRY,1,0.03,totalMyNm,1000,2993.50152840302,2.99350152840302,0.164080166800406,FAILED,1
B75_V040,75,40,rotorHubZ,rotor.pivotZ,GEOMETRY,1,0.03,thetaDeg,10,-3.81394577305088,-0.381394577305088,0.620889522134502,FAILED,1
B75_V040,75,40,rotorHubZ,rotor.pivotZ,GEOMETRY,1,0.03,collectiveDeg,20,-0.00635590254702834,-0.000317795127351417,0.620889522134502,FAILED,1
B75_V040,75,40,rotorHubZ,rotor.pivotZ,GEOMETRY,1,0.03,cyclicLongDeg,20,0,0,0.620889522134502,FAILED,1
B75_V040,75,40,rotorHubZ,rotor.pivotZ,GEOMETRY,1,0.03,elevatorDeg,20,30.3753565046872,1.51876782523436,0.620889522134502,FAILED,1
B75_V040,75,40,rotorHubZ,rotor.pivotZ,GEOMETRY,1,0.03,minimumMarginProxy,0.2,0.759383912617179,3.79691956308589,0.620889522134502,FAILED,1
B75_V040,75,40,rotorHubZ,rotor.pivotZ,GEOMETRY,1,0.03,rotorLeftMyNm,5000,9324.96865192051,1.8649937303841,0.620889522134502,FAILED,1
B75_V040,75,40,rotorHubZ,rotor.pivotZ,GEOMETRY,1,0.03,rotorRightMyNm,5000,9324.9686519205,1.8649937303841,0.620889522134502,FAILED,1
B75_V040,75,40,rotorHubZ,rotor.pivotZ,GEOMETRY,1,0.03,wingMyNm,10000,206.451000946269,0.0206451000946269,0.620889522134502,FAILED,1
B75_V040,75,40,rotorHubZ,rotor.pivotZ,GEOMETRY,1,0.03,fuselageMyNm,2000,-24.8935946104673,-0.0124467973052337,0.620889522134502,FAILED,1
B75_V040,75,40,rotorHubZ,rotor.pivotZ,GEOMETRY,1,0.03,horizontalTailMyNm,10000,-7524.02445964624,-0.752402445964624,0.620889522134502,FAILED,1
B75_V040,75,40,rotorHubZ,rotor.pivotZ,GEOMETRY,1,0.03,verticalTailMyNm,2000,17.3783659768761,0.00868918298843807,0.620889522134502,FAILED,1
B75_V040,75,40,rotorHubZ,rotor.pivotZ,GEOMETRY,1,0.03,totalMyNm,1000,11324.8486165074,11.3248486165074,0.620889522134502,FAILED,1
B75_V040,75,40,tailCLelevator,htail.CLelevator,EFFECTIVE_AERO,2,0.04,thetaDeg,10,0.012886590955441,0.0025773181910882,0.359402764995456,FAILED,1
B75_V040,75,40,tailCLelevator,htail.CLelevator,EFFECTIVE_AERO,2,0.04,collectiveDeg,20,2.27901964855448e-05,2.27901964855448e-06,0.359402764995456,FAILED,1
B75_V040,75,40,tailCLelevator,htail.CLelevator,EFFECTIVE_AERO,2,0.04,cyclicLongDeg,20,0,0,0.359402764995456,FAILED,1
B75_V040,75,40,tailCLelevator,htail.CLelevator,EFFECTIVE_AERO,2,0.04,elevatorDeg,20,9.89713436663928,0.989713436663928,0.359402764995456,FAILED,1
B75_V040,75,40,tailCLelevator,htail.CLelevator,EFFECTIVE_AERO,2,0.04,minimumMarginProxy,0.2,0.247428359165982,2.47428359165982,0.359402764995456,FAILED,1
B75_V040,75,40,tailCLelevator,htail.CLelevator,EFFECTIVE_AERO,2,0.04,rotorLeftMyNm,5000,-0.726171321721836,-0.000290468528688734,0.359402764995456,FAILED,1
B75_V040,75,40,tailCLelevator,htail.CLelevator,EFFECTIVE_AERO,2,0.04,rotorRightMyNm,5000,-0.726171321721836,-0.000290468528688734,0.359402764995456,FAILED,1
B75_V040,75,40,tailCLelevator,htail.CLelevator,EFFECTIVE_AERO,2,0.04,wingMyNm,10000,-0.697578016718126,-0.000139515603343625,0.359402764995456,FAILED,1
B75_V040,75,40,tailCLelevator,htail.CLelevator,EFFECTIVE_AERO,2,0.04,fuselageMyNm,2000,0.0841104995659592,8.41104995659592e-05,0.359402764995456,FAILED,1
B75_V040,75,40,tailCLelevator,htail.CLelevator,EFFECTIVE_AERO,2,0.04,horizontalTailMyNm,10000,3619.87965194182,0.723975930388363,0.359402764995456,FAILED,1
B75_V040,75,40,tailCLelevator,htail.CLelevator,EFFECTIVE_AERO,2,0.04,verticalTailMyNm,2000,-0.0587182031390299,-5.87182031390299e-05,0.359402764995456,FAILED,1
B75_V040,75,40,tailCLelevator,htail.CLelevator,EFFECTIVE_AERO,2,0.04,totalMyNm,1000,3617.75512357808,7.23551024715616,0.359402764995456,FAILED,1
B75_V040,75,40,tailDownwashAlpha,htail.downwashAlpha,EFFECTIVE_AERO,0.4,0.008,thetaDeg,10,0.0556314363906463,0.00222525745562585,1.55153303077171,FAILED,1
B75_V040,75,40,tailDownwashAlpha,htail.downwashAlpha,EFFECTIVE_AERO,0.4,0.008,collectiveDeg,20,9.81703305313886e-05,1.96340661062777e-06,1.55153303077171,FAILED,1
B75_V040,75,40,tailDownwashAlpha,htail.downwashAlpha,EFFECTIVE_AERO,0.4,0.008,cyclicLongDeg,20,0,0,1.55153303077171,FAILED,1
B75_V040,75,40,tailDownwashAlpha,htail.downwashAlpha,EFFECTIVE_AERO,0.4,0.008,elevatorDeg,20,42.7256905072295,0.85451381014459,1.55153303077171,FAILED,1
B75_V040,75,40,tailDownwashAlpha,htail.downwashAlpha,EFFECTIVE_AERO,0.4,0.008,minimumMarginProxy,0.2,1.06814226268074,2.13628452536148,1.55153303077171,FAILED,1
B75_V040,75,40,tailDownwashAlpha,htail.downwashAlpha,EFFECTIVE_AERO,0.4,0.008,rotorLeftMyNm,5000,-3.13478669887957,-0.000250782935910365,1.55153303077171,FAILED,1
B75_V040,75,40,tailDownwashAlpha,htail.downwashAlpha,EFFECTIVE_AERO,0.4,0.008,rotorRightMyNm,5000,-3.1347866989222,-0.000250782935913776,1.55153303077171,FAILED,1
B75_V040,75,40,tailDownwashAlpha,htail.downwashAlpha,EFFECTIVE_AERO,0.4,0.008,wingMyNm,10000,-3.01144068060921,-0.000120457627224368,1.55153303077171,FAILED,1
B75_V040,75,40,tailDownwashAlpha,htail.downwashAlpha,EFFECTIVE_AERO,0.4,0.008,fuselageMyNm,2000,0.36310517828575,7.26210356571499e-05,1.55153303077171,FAILED,1
B75_V040,75,40,tailDownwashAlpha,htail.downwashAlpha,EFFECTIVE_AERO,0.4,0.008,horizontalTailMyNm,10000,15943.1340071165,0.637725360284661,1.55153303077171,FAILED,1
B75_V040,75,40,tailDownwashAlpha,htail.downwashAlpha,EFFECTIVE_AERO,0.4,0.008,verticalTailMyNm,2000,-0.253486588827734,-5.06973177655468e-05,1.55153303077171,FAILED,1
B75_V040,75,40,tailDownwashAlpha,htail.downwashAlpha,EFFECTIVE_AERO,0.4,0.008,totalMyNm,1000,15933.9626116275,6.37358504465101,1.55153303077171,FAILED,1
B75_V040,75,40,wingCm0,wing.Cm0,EFFECTIVE_AERO,0.03,0.002,thetaDeg,10,-5.70035173127348,-0.0171010551938204,0.927986099707345,FAILED,1
B75_V040,75,40,wingCm0,wing.Cm0,EFFECTIVE_AERO,0.03,0.002,collectiveDeg,20,-0.00949957924056832,-1.42493688608525e-05,0.927986099707345,FAILED,1
B75_V040,75,40,wingCm0,wing.Cm0,EFFECTIVE_AERO,0.03,0.002,cyclicLongDeg,20,0,0,0.927986099707345,FAILED,1
B75_V040,75,40,wingCm0,wing.Cm0,EFFECTIVE_AERO,0.03,0.002,elevatorDeg,20,45.3992338493645,0.0680988507740468,0.927986099707345,FAILED,1
B75_V040,75,40,wingCm0,wing.Cm0,EFFECTIVE_AERO,0.03,0.002,minimumMarginProxy,0.2,1.13498084623411,0.170247126935116,0.927986099707345,FAILED,1
B75_V040,75,40,wingCm0,wing.Cm0,EFFECTIVE_AERO,0.03,0.002,rotorLeftMyNm,5000,320.959825778573,0.00192575895467144,0.927986099707345,FAILED,1
B75_V040,75,40,wingCm0,wing.Cm0,EFFECTIVE_AERO,0.03,0.002,rotorRightMyNm,5000,320.95982577863,0.00192575895467178,0.927986099707345,FAILED,1
B75_V040,75,40,wingCm0,wing.Cm0,EFFECTIVE_AERO,0.03,0.002,wingMyNm,10000,27540.7762426207,0.0826223287278622,0.927986099707345,FAILED,1
B75_V040,75,40,wingCm0,wing.Cm0,EFFECTIVE_AERO,0.03,0.002,fuselageMyNm,2000,-37.2060728588188,-0.000558091092882282,0.927986099707345,FAILED,1
B75_V040,75,40,wingCm0,wing.Cm0,EFFECTIVE_AERO,0.03,0.002,horizontalTailMyNm,10000,-11239.8808698941,-0.0337196426096822,0.927986099707345,FAILED,1
B75_V040,75,40,wingCm0,wing.Cm0,EFFECTIVE_AERO,0.03,0.002,verticalTailMyNm,2000,25.9738521904751,0.000389607782857126,0.927986099707345,FAILED,1
B75_V040,75,40,wingCm0,wing.Cm0,EFFECTIVE_AERO,0.03,0.002,totalMyNm,1000,16931.5828036156,0.507947484108467,0.927986099707345,FAILED,1
B75_V060,75,60,cgX,mass.baselineCG,GEOMETRY,1,0.05,thetaDeg,10,5.43211461762747,0.543211461762747,1.66595839703834,FAILED,1
B75_V060,75,60,cgX,mass.baselineCG,GEOMETRY,1,0.05,collectiveDeg,20,-0.39016280034069,-0.0195081400170345,1.66595839703834,FAILED,1
B75_V060,75,60,cgX,mass.baselineCG,GEOMETRY,1,0.05,cyclicLongDeg,20,0,0,1.66595839703834,FAILED,1
B75_V060,75,60,cgX,mass.baselineCG,GEOMETRY,1,0.05,elevatorDeg,20,-37.1702773535871,-1.85851386767935,1.66595839703834,FAILED,1
B75_V060,75,60,cgX,mass.baselineCG,GEOMETRY,1,0.05,minimumMarginProxy,0.2,-0.929256933839678,-4.64628466919839,1.66595839703834,FAILED,1
B75_V060,75,60,cgX,mass.baselineCG,GEOMETRY,1,0.05,rotorLeftMyNm,5000,-1692.97133800932,-0.338594267601865,1.66595839703834,FAILED,1
B75_V060,75,60,cgX,mass.baselineCG,GEOMETRY,1,0.05,rotorRightMyNm,5000,-1692.97133800932,-0.338594267601864,1.66595839703834,FAILED,1
B75_V060,75,60,cgX,mass.baselineCG,GEOMETRY,1,0.05,wingMyNm,10000,-45834.7234359862,-4.58347234359862,1.66595839703834,FAILED,1
B75_V060,75,60,cgX,mass.baselineCG,GEOMETRY,1,0.05,fuselageMyNm,2000,-2069.60963017443,-1.03480481508722,1.66595839703834,FAILED,1
B75_V060,75,60,cgX,mass.baselineCG,GEOMETRY,1,0.05,horizontalTailMyNm,10000,19864.0653383406,1.98640653383406,1.66595839703834,FAILED,1
B75_V060,75,60,cgX,mass.baselineCG,GEOMETRY,1,0.05,verticalTailMyNm,2000,-94.0613260827192,-0.0470306630413596,1.66595839703834,FAILED,1
B75_V060,75,60,cgX,mass.baselineCG,GEOMETRY,1,0.05,totalMyNm,1000,-31520.2717299214,-31.5202717299214,1.66595839703834,FAILED,1
B75_V060,75,60,cgZ,mass.baselineCG,GEOMETRY,0.5,0.03,thetaDeg,10,1.82719822549021,0.0913599112745104,0.560377760979279,FAILED,1
B75_V060,75,60,cgZ,mass.baselineCG,GEOMETRY,0.5,0.03,collectiveDeg,20,-0.131238905401846,-0.00328097263504616,0.560377760979279,FAILED,1
B75_V060,75,60,cgZ,mass.baselineCG,GEOMETRY,0.5,0.03,cyclicLongDeg,20,0,0,0.560377760979279,FAILED,1
B75_V060,75,60,cgZ,mass.baselineCG,GEOMETRY,0.5,0.03,elevatorDeg,20,-12.502951355455,-0.312573783886374,0.560377760979279,FAILED,1
B75_V060,75,60,cgZ,mass.baselineCG,GEOMETRY,0.5,0.03,minimumMarginProxy,0.2,-0.312573783886374,-0.781434459715934,0.560377760979279,FAILED,1
B75_V060,75,60,cgZ,mass.baselineCG,GEOMETRY,0.5,0.03,rotorLeftMyNm,5000,-5245.38310564605,-0.524538310564605,0.560377760979279,FAILED,1
B75_V060,75,60,cgZ,mass.baselineCG,GEOMETRY,0.5,0.03,rotorRightMyNm,5000,-5245.38310564604,-0.524538310564604,0.560377760979279,FAILED,1
B75_V060,75,60,cgZ,mass.baselineCG,GEOMETRY,0.5,0.03,wingMyNm,10000,-8594.90703895155,-0.429745351947577,0.560377760979279,FAILED,1
B75_V060,75,60,cgZ,mass.baselineCG,GEOMETRY,0.5,0.03,fuselageMyNm,2000,1559.23212788253,0.389808031970631,0.560377760979279,FAILED,1
B75_V060,75,60,cgZ,mass.baselineCG,GEOMETRY,0.5,0.03,horizontalTailMyNm,10000,6850.14149568107,0.342507074784054,0.560377760979279,FAILED,1
B75_V060,75,60,cgZ,mass.baselineCG,GEOMETRY,0.5,0.03,verticalTailMyNm,2000,117.019210962998,0.0292548027407495,0.560377760979279,FAILED,1
B75_V060,75,60,cgZ,mass.baselineCG,GEOMETRY,0.5,0.03,totalMyNm,1000,-10559.2804157171,-5.27964020785853,0.560377760979279,FAILED,1
B75_V060,75,60,tailArea,htail.S,GEOMETRY,4.5,0.09,thetaDeg,10,-0.0101544440914777,-0.00456949984116495,0.0675635253713667,FAILED,1
B75_V060,75,60,tailArea,htail.S,GEOMETRY,4.5,0.09,collectiveDeg,20,0.0066192754256949,0.00148933697078135,0.0675635253713667,FAILED,1
B75_V060,75,60,tailArea,htail.S,GEOMETRY,4.5,0.09,cyclicLongDeg,20,0,0,0.0675635253713667,FAILED,1
B75_V060,75,60,tailArea,htail.S,GEOMETRY,4.5,0.09,elevatorDeg,20,0.83977756737542,0.18894995265947,0.0675635253713667,FAILED,1
B75_V060,75,60,tailArea,htail.S,GEOMETRY,4.5,0.09,minimumMarginProxy,0.2,0.0209944391843853,0.47237488164867,0.0675635253713667,FAILED,1
B75_V060,75,60,tailArea,htail.S,GEOMETRY,4.5,0.09,rotorLeftMyNm,5000,-2.65384404710163,-0.00238845964239147,0.0675635253713667,FAILED,1
B75_V060,75,60,tailArea,htail.S,GEOMETRY,4.5,0.09,rotorRightMyNm,5000,-2.65384404709974,-0.00238845964238976,0.0675635253713667,FAILED,1
B75_V060,75,60,tailArea,htail.S,GEOMETRY,4.5,0.09,wingMyNm,10000,1.59140473623564,0.00071613213130604,0.0675635253713667,FAILED,1
B75_V060,75,60,tailArea,htail.S,GEOMETRY,4.5,0.09,fuselageMyNm,2000,-0.139246214187475,-0.00031330398192182,0.0675635253713667,FAILED,1
B75_V060,75,60,tailArea,htail.S,GEOMETRY,4.5,0.09,horizontalTailMyNm,10000,698.154438472905,0.314169497312807,0.0675635253713667,FAILED,1
B75_V060,75,60,tailArea,htail.S,GEOMETRY,4.5,0.09,verticalTailMyNm,2000,0.10577439571438,0.000237992390357356,0.0675635253713667,FAILED,1
B75_V060,75,60,tailArea,htail.S,GEOMETRY,4.5,0.09,totalMyNm,1000,694.404683296467,3.1248210748341,0.0675635253713667,FAILED,1
B75_V060,75,60,tailArmX,htail.rAC,GEOMETRY,5,0.1,thetaDeg,10,0.131542325430489,0.0657711627152446,0.0403423081143654,FAILED,1
B75_V060,75,60,tailArmX,htail.rAC,GEOMETRY,5,0.1,collectiveDeg,20,-0.00944805580623154,-0.00236201395155788,0.0403423081143654,FAILED,1
B75_V060,75,60,tailArmX,htail.rAC,GEOMETRY,5,0.1,cyclicLongDeg,20,0,0,0.0403423081143654,FAILED,1
B75_V060,75,60,tailArmX,htail.rAC,GEOMETRY,5,0.1,elevatorDeg,20,-0.900103378548121,-0.22502584463703,0.0403423081143654,FAILED,1
B75_V060,75,60,tailArmX,htail.rAC,GEOMETRY,5,0.1,minimumMarginProxy,0.2,-0.0225025844637028,-0.56256461159257,0.0403423081143654,FAILED,1
B75_V060,75,60,tailArmX,htail.rAC,GEOMETRY,5,0.1,rotorLeftMyNm,5000,-5.1542574392505,-0.0051542574392505,0.0403423081143654,FAILED,1
B75_V060,75,60,tailArmX,htail.rAC,GEOMETRY,5,0.1,rotorRightMyNm,5000,-5.15425743924823,-0.00515425743924823,0.0403423081143654,FAILED,1
B75_V060,75,60,tailArmX,htail.rAC,GEOMETRY,5,0.1,wingMyNm,10000,-22.0262746893877,-0.0110131373446939,0.0403423081143654,FAILED,1
B75_V060,75,60,tailArmX,htail.rAC,GEOMETRY,5,0.1,fuselageMyNm,2000,1.80381823418941,0.00450954558547352,0.0403423081143654,FAILED,1
B75_V060,75,60,tailArmX,htail.rAC,GEOMETRY,5,0.1,horizontalTailMyNm,10000,-712.774644286433,-0.356387322143216,0.0403423081143654,FAILED,1
B75_V060,75,60,tailArmX,htail.rAC,GEOMETRY,5,0.1,verticalTailMyNm,2000,-1.37021876691499,-0.00342554691728747,0.0403423081143654,FAILED,1
B75_V060,75,60,tailArmX,htail.rAC,GEOMETRY,5,0.1,totalMyNm,1000,-744.675834387044,-3.72337917193522,0.0403423081143654,FAILED,1
B75_V060,75,60,tailIncidence,htail.incidence,GEOMETRY,0.0872664625997165,0.00436332312998582,thetaDeg,10,-0.198433702169861,-0.00173166072489295,10.4063996051471,FAILED,1
B75_V060,75,60,tailIncidence,htail.incidence,GEOMETRY,0.0872664625997165,0.00436332312998582,collectiveDeg,20,0.0142500016014835,6.21773615900878e-05,10.4063996051471,FAILED,1
B75_V060,75,60,tailIncidence,htail.incidence,GEOMETRY,0.0872664625997165,0.00436332312998582,cyclicLongDeg,20,0,0,10.4063996051471,FAILED,1
B75_V060,75,60,tailIncidence,htail.incidence,GEOMETRY,0.0872664625997165,0.00436332312998582,elevatorDeg,20,-127.547826337374,-0.556532380837277,10.4063996051471,FAILED,1
B75_V060,75,60,tailIncidence,htail.incidence,GEOMETRY,0.0872664625997165,0.00436332312998582,minimumMarginProxy,0.2,-3.18869565843433,-1.39133095209319,10.4063996051471,FAILED,1
B75_V060,75,60,tailIncidence,htail.incidence,GEOMETRY,0.0872664625997165,0.00436332312998582,rotorLeftMyNm,5000,7.77659669065312,0.000135727216851592,10.4063996051471,FAILED,1
B75_V060,75,60,tailIncidence,htail.incidence,GEOMETRY,0.0872664625997165,0.00436332312998582,rotorRightMyNm,5000,7.77659669065312,0.000135727216851592,10.4063996051471,FAILED,1
B75_V060,75,60,tailIncidence,htail.incidence,GEOMETRY,0.0872664625997165,0.00436332312998582,wingMyNm,10000,33.2270301957211,0.000289960538787454,10.4063996051471,FAILED,1
B75_V060,75,60,tailIncidence,htail.incidence,GEOMETRY,0.0872664625997165,0.00436332312998582,fuselageMyNm,2000,-2.72108857414708,-0.000118729887143161,10.4063996051471,FAILED,1
B75_V060,75,60,tailIncidence,htail.incidence,GEOMETRY,0.0872664625997165,0.00436332312998582,horizontalTailMyNm,10000,-107916.989394838,-0.941753391889867,10.4063996051471,FAILED,1
B75_V060,75,60,tailIncidence,htail.incidence,GEOMETRY,0.0872664625997165,0.00436332312998582,verticalTailMyNm,2000,2.06699694710553,9.01897558891562e-05,10.4063996051471,FAILED,1
B75_V060,75,60,tailIncidence,htail.incidence,GEOMETRY,0.0872664625997165,0.00436332312998582,totalMyNm,1000,-107868.863262888,-9.41333412160479,10.4063996051471,FAILED,1
B75_V060,75,60,wingACX,wing.xAC,GEOMETRY,1,0.03,thetaDeg,10,-4.99236859116647,-0.499236859116647,1.53109405103032,FAILED,1
B75_V060,75,60,wingACX,wing.xAC,GEOMETRY,1,0.03,collectiveDeg,20,0.35857794744274,0.017928897372137,1.53109405103032,FAILED,1
B75_V060,75,60,wingACX,wing.xAC,GEOMETRY,1,0.03,cyclicLongDeg,20,0,0,1.53109405103032,FAILED,1
B75_V060,75,60,wingACX,wing.xAC,GEOMETRY,1,0.03,elevatorDeg,20,34.1612315363927,1.70806157681963,1.53109405103032,FAILED,1
B75_V060,75,60,wingACX,wing.xAC,GEOMETRY,1,0.03,minimumMarginProxy,0.2,0.854030788409818,4.27015394204909,1.53109405103032,FAILED,1
B75_V060,75,60,wingACX,wing.xAC,GEOMETRY,1,0.03,rotorLeftMyNm,5000,195.617420675975,0.0391234841351949,1.53109405103032,FAILED,1
B75_V060,75,60,wingACX,wing.xAC,GEOMETRY,1,0.03,rotorRightMyNm,5000,195.617420675976,0.0391234841351953,1.53109405103032,FAILED,1
B75_V060,75,60,wingACX,wing.xAC,GEOMETRY,1,0.03,wingMyNm,10000,45764.9762222923,4.57649762222923,1.53109405103032,FAILED,1
B75_V060,75,60,wingACX,wing.xAC,GEOMETRY,1,0.03,fuselageMyNm,2000,-68.4598122329523,-0.0342299061164762,1.53109405103032,FAILED,1
B75_V060,75,60,wingACX,wing.xAC,GEOMETRY,1,0.03,horizontalTailMyNm,10000,-17390.4443634487,-1.73904443634487,1.53109405103032,FAILED,1
B75_V060,75,60,wingACX,wing.xAC,GEOMETRY,1,0.03,verticalTailMyNm,2000,52.0032573725066,0.0260016286862533,1.53109405103032,FAILED,1
B75_V060,75,60,wingACX,wing.xAC,GEOMETRY,1,0.03,totalMyNm,1000,28749.3101453351,28.7493101453351,1.53109405103032,FAILED,1
B75_V060,75,60,rotorHubX,rotor.pivotX,GEOMETRY,1,0.03,thetaDeg,10,-0.328898042489486,-0.0328898042489486,0.100868721340461,FAILED,1
B75_V060,75,60,rotorHubX,rotor.pivotX,GEOMETRY,1,0.03,collectiveDeg,20,0.0236231726164604,0.00118115863082302,0.100868721340461,FAILED,1
B75_V060,75,60,rotorHubX,rotor.pivotX,GEOMETRY,1,0.03,cyclicLongDeg,20,0,0,0.100868721340461,FAILED,1
B75_V060,75,60,rotorHubX,rotor.pivotX,GEOMETRY,1,0.03,elevatorDeg,20,2.25054740574067,0.112527370287034,0.100868721340461,FAILED,1
B75_V060,75,60,rotorHubX,rotor.pivotX,GEOMETRY,1,0.03,minimumMarginProxy,0.2,0.0562636851435183,0.281318425717591,0.100868721340461,FAILED,1
B75_V060,75,60,rotorHubX,rotor.pivotX,GEOMETRY,1,0.03,rotorLeftMyNm,5000,1492.90904013707,0.298581808027414,0.100868721340461,FAILED,1
B75_V060,75,60,rotorHubX,rotor.pivotX,GEOMETRY,1,0.03,rotorRightMyNm,5000,1492.90904013707,0.298581808027414,0.100868721340461,FAILED,1
B75_V060,75,60,rotorHubX,rotor.pivotX,GEOMETRY,1,0.03,wingMyNm,10000,55.0727545032108,0.00550727545032108,0.100868721340461,FAILED,1
B75_V060,75,60,rotorHubX,rotor.pivotX,GEOMETRY,1,0.03,fuselageMyNm,2000,-4.51012459991252,-0.00225506229995626,0.100868721340461,FAILED,1
B75_V060,75,60,rotorHubX,rotor.pivotX,GEOMETRY,1,0.03,horizontalTailMyNm,10000,-1140.72979465098,-0.114072979465098,0.100868721340461,FAILED,1
B75_V060,75,60,rotorHubX,rotor.pivotX,GEOMETRY,1,0.03,verticalTailMyNm,2000,3.42598681053635,0.00171299340526817,0.100868721340461,FAILED,1
B75_V060,75,60,rotorHubX,rotor.pivotX,GEOMETRY,1,0.03,totalMyNm,1000,1899.07690233699,1.89907690233699,0.100868721340461,FAILED,1
B75_V060,75,60,rotorHubZ,rotor.pivotZ,GEOMETRY,1,0.03,thetaDeg,10,-1.14974024453677,-0.114974024453677,0.352610272357524,FAILED,1
B75_V060,75,60,rotorHubZ,rotor.pivotZ,GEOMETRY,1,0.03,collectiveDeg,20,0.0825803402633459,0.00412901701316729,0.352610272357524,FAILED,1
B75_V060,75,60,rotorHubZ,rotor.pivotZ,GEOMETRY,1,0.03,cyclicLongDeg,20,0,0,0.352610272357524,FAILED,1
B75_V060,75,60,rotorHubZ,rotor.pivotZ,GEOMETRY,1,0.03,elevatorDeg,20,7.86731628145905,0.393365814072952,0.352610272357524,FAILED,1
B75_V060,75,60,rotorHubZ,rotor.pivotZ,GEOMETRY,1,0.03,minimumMarginProxy,0.2,0.196682907036477,0.983414535182383,0.352610272357524,FAILED,1
B75_V060,75,60,rotorHubZ,rotor.pivotZ,GEOMETRY,1,0.03,rotorLeftMyNm,5000,5218.82306496674,1.04376461299335,0.352610272357524,FAILED,1
B75_V060,75,60,rotorHubZ,rotor.pivotZ,GEOMETRY,1,0.03,rotorRightMyNm,5000,5218.82306496674,1.04376461299335,0.352610272357524,FAILED,1
B75_V060,75,60,rotorHubZ,rotor.pivotZ,GEOMETRY,1,0.03,wingMyNm,10000,192.519895942799,0.0192519895942799,0.352610272357524,FAILED,1
B75_V060,75,60,rotorHubZ,rotor.pivotZ,GEOMETRY,1,0.03,fuselageMyNm,2000,-15.7662015198705,-0.00788310075993527,0.352610272357524,FAILED,1
B75_V060,75,60,rotorHubZ,rotor.pivotZ,GEOMETRY,1,0.03,horizontalTailMyNm,10000,-3990.85382837032,-0.399085382837032,0.352610272357524,FAILED,1
B75_V060,75,60,rotorHubZ,rotor.pivotZ,GEOMETRY,1,0.03,verticalTailMyNm,2000,11.976339734529,0.00598816986726452,0.352610272357524,FAILED,1
B75_V060,75,60,rotorHubZ,rotor.pivotZ,GEOMETRY,1,0.03,totalMyNm,1000,6635.52233572063,6.63552233572063,0.352610272357524,FAILED,1
B75_V060,75,60,tailCLelevator,htail.CLelevator,EFFECTIVE_AERO,2,0.04,thetaDeg,10,0.0153923620849428,0.00307847241698855,0.807257945124109,FAILED,1
B75_V060,75,60,tailCLelevator,htail.CLelevator,EFFECTIVE_AERO,2,0.04,collectiveDeg,20,-0.00110435727567193,-0.000110435727567193,0.807257945124109,FAILED,1
B75_V060,75,60,tailCLelevator,htail.CLelevator,EFFECTIVE_AERO,2,0.04,cyclicLongDeg,20,0,0,0.807257945124109,FAILED,1
B75_V060,75,60,tailCLelevator,htail.CLelevator,EFFECTIVE_AERO,2,0.04,elevatorDeg,20,9.894293537381,0.9894293537381,0.807257945124109,FAILED,1
B75_V060,75,60,tailCLelevator,htail.CLelevator,EFFECTIVE_AERO,2,0.04,minimumMarginProxy,0.2,0.247357338434525,2.47357338434525,0.807257945124109,FAILED,1
B75_V060,75,60,tailCLelevator,htail.CLelevator,EFFECTIVE_AERO,2,0.04,rotorLeftMyNm,5000,-0.603745973802461,-0.000241498389520984,0.807257945124109,FAILED,1
B75_V060,75,60,tailCLelevator,htail.CLelevator,EFFECTIVE_AERO,2,0.04,rotorRightMyNm,5000,-0.603745973805303,-0.000241498389522121,0.807257945124109,FAILED,1
B75_V060,75,60,tailCLelevator,htail.CLelevator,EFFECTIVE_AERO,2,0.04,wingMyNm,10000,-2.57741584682663,-0.000515483169365325,0.807257945124109,FAILED,1
B75_V060,75,60,tailCLelevator,htail.CLelevator,EFFECTIVE_AERO,2,0.04,fuselageMyNm,2000,0.211072918245847,0.000211072918245847,0.807257945124109,FAILED,1
B75_V060,75,60,tailCLelevator,htail.CLelevator,EFFECTIVE_AERO,2,0.04,horizontalTailMyNm,10000,8200.76725584543,1.64015345116908,0.807257945124109,FAILED,1
B75_V060,75,60,tailCLelevator,htail.CLelevator,EFFECTIVE_AERO,2,0.04,verticalTailMyNm,2000,-0.160335492866537,-0.000160335492866537,0.807257945124109,FAILED,1
B75_V060,75,60,tailCLelevator,htail.CLelevator,EFFECTIVE_AERO,2,0.04,totalMyNm,1000,8197.03308547637,16.3940661709527,0.807257945124109,FAILED,1
B75_V060,75,60,tailDownwashAlpha,htail.downwashAlpha,EFFECTIVE_AERO,0.4,0.008,thetaDeg,10,0.053338176350004,0.00213352705400016,2.79741509495261,FAILED,1
B75_V060,75,60,tailDownwashAlpha,htail.downwashAlpha,EFFECTIVE_AERO,0.4,0.008,collectiveDeg,20,-0.0038250069536172,-7.65001390723441e-05,2.79741509495261,FAILED,1
B75_V060,75,60,tailDownwashAlpha,htail.downwashAlpha,EFFECTIVE_AERO,0.4,0.008,cyclicLongDeg,20,0,0,2.79741509495261,FAILED,1
B75_V060,75,60,tailDownwashAlpha,htail.downwashAlpha,EFFECTIVE_AERO,0.4,0.008,elevatorDeg,20,34.2869870232778,0.685739740465556,2.79741509495261,FAILED,1
B75_V060,75,60,tailDownwashAlpha,htail.downwashAlpha,EFFECTIVE_AERO,0.4,0.008,minimumMarginProxy,0.2,0.857174675581946,1.71434935116389,2.79741509495261,FAILED,1
B75_V060,75,60,tailDownwashAlpha,htail.downwashAlpha,EFFECTIVE_AERO,0.4,0.008,rotorLeftMyNm,5000,-2.09308236147621,-0.000167446588918096,2.79741509495261,FAILED,1
B75_V060,75,60,tailDownwashAlpha,htail.downwashAlpha,EFFECTIVE_AERO,0.4,0.008,rotorRightMyNm,5000,-2.09308236145489,-0.000167446588916391,2.79741509495261,FAILED,1
B75_V060,75,60,tailDownwashAlpha,htail.downwashAlpha,EFFECTIVE_AERO,0.4,0.008,wingMyNm,10000,-8.93138996002563,-0.000357255598401025,2.79741509495261,FAILED,1
B75_V060,75,60,tailDownwashAlpha,htail.downwashAlpha,EFFECTIVE_AERO,0.4,0.008,fuselageMyNm,2000,0.731417600084328,0.000146283520016866,2.79741509495261,FAILED,1
B75_V060,75,60,tailDownwashAlpha,htail.downwashAlpha,EFFECTIVE_AERO,0.4,0.008,horizontalTailMyNm,10000,28979.3858039503,1.15917543215801,2.79741509495261,FAILED,1
B75_V060,75,60,tailDownwashAlpha,htail.downwashAlpha,EFFECTIVE_AERO,0.4,0.008,verticalTailMyNm,2000,-0.555600417056823,-0.000111120083411365,2.79741509495261,FAILED,1
B75_V060,75,60,tailDownwashAlpha,htail.downwashAlpha,EFFECTIVE_AERO,0.4,0.008,totalMyNm,1000,28966.4440664503,11.5865776265801,2.79741509495261,FAILED,1
B75_V060,75,60,wingCm0,wing.Cm0,EFFECTIVE_AERO,0.03,0.002,thetaDeg,10,-6.65984580252843,-0.0199795374075853,2.04248746918897,FAILED,1
B75_V060,75,60,wingCm0,wing.Cm0,EFFECTIVE_AERO,0.03,0.002,collectiveDeg,20,0.478344856664314,0.000717517284996472,2.04248746918897,FAILED,1
B75_V060,75,60,wingCm0,wing.Cm0,EFFECTIVE_AERO,0.03,0.002,cyclicLongDeg,20,0,0,2.04248746918897,FAILED,1
B75_V060,75,60,wingCm0,wing.Cm0,EFFECTIVE_AERO,0.03,0.002,elevatorDeg,20,45.5712614768453,0.068356892215268,2.04248746918897,FAILED,1
B75_V060,75,60,wingCm0,wing.Cm0,EFFECTIVE_AERO,0.03,0.002,minimumMarginProxy,0.2,1.13928153692112,0.170892230538168,2.04248746918897,FAILED,1
B75_V060,75,60,wingCm0,wing.Cm0,EFFECTIVE_AERO,0.03,0.002,rotorLeftMyNm,5000,260.954484908723,0.00156572690945234,2.04248746918897,FAILED,1
B75_V060,75,60,wingCm0,wing.Cm0,EFFECTIVE_AERO,0.03,0.002,rotorRightMyNm,5000,260.954484908808,0.00156572690945285,2.04248746918897,FAILED,1
B75_V060,75,60,wingCm0,wing.Cm0,EFFECTIVE_AERO,0.03,0.002,wingMyNm,10000,61052.9856566288,0.183158956969887,2.04248746918897,FAILED,1
B75_V060,75,60,wingCm0,wing.Cm0,EFFECTIVE_AERO,0.03,0.002,fuselageMyNm,2000,-91.3253682112867,-0.0013698805231693,2.04248746918897,FAILED,1
B75_V060,75,60,wingCm0,wing.Cm0,EFFECTIVE_AERO,0.03,0.002,horizontalTailMyNm,10000,-23101.1901418799,-0.0693035704256397,2.04248746918897,FAILED,1
B75_V060,75,60,wingCm0,wing.Cm0,EFFECTIVE_AERO,0.03,0.002,verticalTailMyNm,2000,69.372695605697,0.00104059043408546,2.04248746918897,FAILED,1
B75_V060,75,60,wingCm0,wing.Cm0,EFFECTIVE_AERO,0.03,0.002,totalMyNm,1000,38451.7518119609,1.15355255435883,2.04248746918897,FAILED,1
B75_V080,75,80,cgX,mass.baselineCG,GEOMETRY,1,0.05,thetaDeg,10,2.31534880220099,0.231534880220099,1.98511278757163,CREDIBLE,1
B75_V080,75,80,cgX,mass.baselineCG,GEOMETRY,1,0.05,collectiveDeg,20,-0.108448597497066,-0.00542242987485331,1.98511278757163,CREDIBLE,1
B75_V080,75,80,cgX,mass.baselineCG,GEOMETRY,1,0.05,cyclicLongDeg,20,0,0,1.98511278757163,CREDIBLE,1
B75_V080,75,80,cgX,mass.baselineCG,GEOMETRY,1,0.05,elevatorDeg,20,-22.3819803352713,-1.11909901676356,1.98511278757163,CREDIBLE,1
B75_V080,75,80,cgX,mass.baselineCG,GEOMETRY,1,0.05,minimumMarginProxy,0.2,-0.559549508381781,-2.79774754190891,1.98511278757163,CREDIBLE,1
B75_V080,75,80,cgX,mass.baselineCG,GEOMETRY,1,0.05,rotorLeftMyNm,5000,-1354.65197573665,-0.270930395147329,1.98511278757163,CREDIBLE,1
B75_V080,75,80,cgX,mass.baselineCG,GEOMETRY,1,0.05,rotorRightMyNm,5000,-1354.65197573666,-0.270930395147332,1.98511278757163,CREDIBLE,1
B75_V080,75,80,cgX,mass.baselineCG,GEOMETRY,1,0.05,wingMyNm,10000,-56918.4738014256,-5.69184738014256,1.98511278757163,CREDIBLE,1
B75_V080,75,80,cgX,mass.baselineCG,GEOMETRY,1,0.05,fuselageMyNm,2000,-1880.47696220785,-0.940238481103927,1.98511278757163,CREDIBLE,1
B75_V080,75,80,cgX,mass.baselineCG,GEOMETRY,1,0.05,horizontalTailMyNm,10000,61573.4642549406,6.15734642549406,1.98511278757163,CREDIBLE,1
B75_V080,75,80,cgX,mass.baselineCG,GEOMETRY,1,0.05,verticalTailMyNm,2000,-78.9636464771451,-0.0394818232385725,1.98511278757163,CREDIBLE,1
B75_V080,75,80,cgX,mass.baselineCG,GEOMETRY,1,0.05,totalMyNm,1000,-13.7541066433226,-0.0137541066433226,1.98511278757163,CREDIBLE,1
B75_V080,75,80,cgZ,mass.baselineCG,GEOMETRY,0.5,0.03,thetaDeg,10,0.329170203067145,0.0164585101533573,0.282220967646401,CREDIBLE,1
B75_V080,75,80,cgZ,mass.baselineCG,GEOMETRY,0.5,0.03,collectiveDeg,20,-0.0154179995801584,-0.000385449989503961,0.282220967646401,CREDIBLE,1
B75_V080,75,80,cgZ,mass.baselineCG,GEOMETRY,0.5,0.03,cyclicLongDeg,20,0,0,0.282220967646401,CREDIBLE,1
B75_V080,75,80,cgZ,mass.baselineCG,GEOMETRY,0.5,0.03,elevatorDeg,20,-3.18201776121247,-0.0795504440303119,0.282220967646401,CREDIBLE,1
B75_V080,75,80,cgZ,mass.baselineCG,GEOMETRY,0.5,0.03,minimumMarginProxy,0.2,-0.0795504440303121,-0.19887611007578,0.282220967646401,CREDIBLE,1
B75_V080,75,80,cgZ,mass.baselineCG,GEOMETRY,0.5,0.03,rotorLeftMyNm,5000,-4039.56944628092,-0.403956944628092,0.282220967646401,CREDIBLE,1
B75_V080,75,80,cgZ,mass.baselineCG,GEOMETRY,0.5,0.03,rotorRightMyNm,5000,-4039.56944628092,-0.403956944628092,0.282220967646401,CREDIBLE,1
B75_V080,75,80,cgZ,mass.baselineCG,GEOMETRY,0.5,0.03,wingMyNm,10000,-3835.92498042396,-0.191796249021198,0.282220967646401,CREDIBLE,1
B75_V080,75,80,cgZ,mass.baselineCG,GEOMETRY,0.5,0.03,fuselageMyNm,2000,2582.54696780203,0.645636741950508,0.282220967646401,CREDIBLE,1
B75_V080,75,80,cgZ,mass.baselineCG,GEOMETRY,0.5,0.03,horizontalTailMyNm,10000,9090.33409413426,0.454516704706713,0.282220967646401,CREDIBLE,1
B75_V080,75,80,cgZ,mass.baselineCG,GEOMETRY,0.5,0.03,verticalTailMyNm,2000,242.176523765774,0.0605441309414436,0.282220967646401,CREDIBLE,1
B75_V080,75,80,cgZ,mass.baselineCG,GEOMETRY,0.5,0.03,totalMyNm,1000,-0.00628728372286484,-3.14364186143242e-06,0.282220967646401,CREDIBLE,1
B75_V080,75,80,tailArea,htail.S,GEOMETRY,4.5,0.09,thetaDeg,10,-0.00364375071741918,-0.00163968782283863,0.106251653705772,CREDIBLE,1
B75_V080,75,80,tailArea,htail.S,GEOMETRY,4.5,0.09,collectiveDeg,20,0.00960823177232031,0.00216185214877207,0.106251653705772,CREDIBLE,1
B75_V080,75,80,tailArea,htail.S,GEOMETRY,4.5,0.09,cyclicLongDeg,20,0,0,0.106251653705772,CREDIBLE,1
B75_V080,75,80,tailArea,htail.S,GEOMETRY,4.5,0.09,elevatorDeg,20,0.718528248764915,0.161668855972106,0.106251653705772,CREDIBLE,1
B75_V080,75,80,tailArea,htail.S,GEOMETRY,4.5,0.09,minimumMarginProxy,0.2,0.0179632062191228,0.404172139930263,0.106251653705772,CREDIBLE,1
B75_V080,75,80,tailArea,htail.S,GEOMETRY,4.5,0.09,rotorLeftMyNm,5000,-5.36840343449588,-0.00483156309104629,0.106251653705772,CREDIBLE,1
B75_V080,75,80,tailArea,htail.S,GEOMETRY,4.5,0.09,rotorRightMyNm,5000,-5.36840343449967,-0.0048315630910497,0.106251653705772,CREDIBLE,1
B75_V080,75,80,tailArea,htail.S,GEOMETRY,4.5,0.09,wingMyNm,10000,1.84377665073043,0.000829699492828695,0.106251653705772,CREDIBLE,1
B75_V080,75,80,tailArea,htail.S,GEOMETRY,4.5,0.09,fuselageMyNm,2000,-0.0807374046105893,-0.000181659160373826,0.106251653705772,CREDIBLE,1
B75_V080,75,80,tailArea,htail.S,GEOMETRY,4.5,0.09,horizontalTailMyNm,10000,8.8993048742749,0.00400468719342371,0.106251653705772,CREDIBLE,1
B75_V080,75,80,tailArea,htail.S,GEOMETRY,4.5,0.09,verticalTailMyNm,2000,0.0686960492228334,0.000154566110751375,0.106251653705772,CREDIBLE,1
B75_V080,75,80,tailArea,htail.S,GEOMETRY,4.5,0.09,totalMyNm,1000,-0.00576669938760056,-2.59501472442025e-05,0.106251653705772,CREDIBLE,1
B75_V080,75,80,tailArmX,htail.rAC,GEOMETRY,5,0.1,thetaDeg,10,0.0762608805045684,0.0381304402522842,0.0653838630867064,CREDIBLE,1
B75_V080,75,80,tailArmX,htail.rAC,GEOMETRY,5,0.1,collectiveDeg,20,-0.0035719825569025,-0.000892995639225624,0.0653838630867064,CREDIBLE,1
B75_V080,75,80,tailArmX,htail.rAC,GEOMETRY,5,0.1,cyclicLongDeg,20,0,0,0.0653838630867064,CREDIBLE,1
B75_V080,75,80,tailArmX,htail.rAC,GEOMETRY,5,0.1,elevatorDeg,20,-0.737197577393536,-0.184299394348384,0.0653838630867064,CREDIBLE,1
B75_V080,75,80,tailArmX,htail.rAC,GEOMETRY,5,0.1,minimumMarginProxy,0.2,-0.0184299394348383,-0.460748485870958,0.0653838630867064,CREDIBLE,1
B75_V080,75,80,tailArmX,htail.rAC,GEOMETRY,5,0.1,rotorLeftMyNm,5000,-3.35981282771058,-0.00335981282771058,0.0653838630867064,CREDIBLE,1
B75_V080,75,80,tailArmX,htail.rAC,GEOMETRY,5,0.1,rotorRightMyNm,5000,-3.35981282771058,-0.00335981282771058,0.0653838630867064,CREDIBLE,1
B75_V080,75,80,tailArmX,htail.rAC,GEOMETRY,5,0.1,wingMyNm,10000,-40.1884013327435,-0.0200942006663718,0.0653838630867064,CREDIBLE,1
B75_V080,75,80,tailArmX,htail.rAC,GEOMETRY,5,0.1,fuselageMyNm,2000,1.6897713704023,0.00422442842600574,0.0653838630867064,CREDIBLE,1
B75_V080,75,80,tailArmX,htail.rAC,GEOMETRY,5,0.1,horizontalTailMyNm,10000,46.6616244316265,0.0233308122158132,0.0653838630867064,CREDIBLE,1
B75_V080,75,80,tailArmX,htail.rAC,GEOMETRY,5,0.1,verticalTailMyNm,2000,-1.4377551022983,-0.00359438775574574,0.0653838630867064,CREDIBLE,1
B75_V080,75,80,tailArmX,htail.rAC,GEOMETRY,5,0.1,totalMyNm,1000,0.00561371156322821,2.8068557816141e-05,0.0653838630867064,CREDIBLE,1
B75_V080,75,80,tailIncidence,htail.incidence,GEOMETRY,0.0872664625997165,0.00436332312998582,thetaDeg,10,-0.126198952550908,-0.00110129361729072,18.8385264674968,CREDIBLE,1
B75_V080,75,80,tailIncidence,htail.incidence,GEOMETRY,0.0872664625997165,0.00436332312998582,collectiveDeg,20,0.00594736093670249,2.59502575374881e-05,18.8385264674968,CREDIBLE,1
B75_V080,75,80,tailIncidence,htail.incidence,GEOMETRY,0.0872664625997165,0.00436332312998582,cyclicLongDeg,20,0,0,18.8385264674968,CREDIBLE,1
B75_V080,75,80,tailIncidence,htail.incidence,GEOMETRY,0.0872664625997165,0.00436332312998582,elevatorDeg,20,-127.685371661679,-0.557132535532242,18.8385264674968,CREDIBLE,1
B75_V080,75,80,tailIncidence,htail.incidence,GEOMETRY,0.0872664625997165,0.00436332312998582,minimumMarginProxy,0.2,-3.19213429154198,-1.3928313388306,18.8385264674968,CREDIBLE,1
B75_V080,75,80,tailIncidence,htail.incidence,GEOMETRY,0.0872664625997165,0.00436332312998582,rotorLeftMyNm,5000,5.53864262152296,9.66675498368659e-05,18.8385264674968,CREDIBLE,1
B75_V080,75,80,tailIncidence,htail.incidence,GEOMETRY,0.0872664625997165,0.00436332312998582,rotorRightMyNm,5000,5.53864262153599,9.66675498370932e-05,18.8385264674968,CREDIBLE,1
B75_V080,75,80,tailIncidence,htail.incidence,GEOMETRY,0.0872664625997165,0.00436332312998582,wingMyNm,10000,66.5047634019489,0.000580363544811917,18.8385264674968,CREDIBLE,1
B75_V080,75,80,tailIncidence,htail.incidence,GEOMETRY,0.0872664625997165,0.00436332312998582,fuselageMyNm,2000,-2.79628785943863,-0.000122011074951871,18.8385264674968,CREDIBLE,1
B75_V080,75,80,tailIncidence,htail.incidence,GEOMETRY,0.0872664625997165,0.00436332312998582,horizontalTailMyNm,10000,-108.788260962258,-0.000949356670655106,18.8385264674968,CREDIBLE,1
B75_V080,75,80,tailIncidence,htail.incidence,GEOMETRY,0.0872664625997165,0.00436332312998582,verticalTailMyNm,2000,2.3792432931166,0.000103814072927193,18.8385264674968,CREDIBLE,1
B75_V080,75,80,tailIncidence,htail.incidence,GEOMETRY,0.0872664625997165,0.00436332312998582,totalMyNm,1000,-31.6232568836729,-0.00275964976412027,18.8385264674968,CREDIBLE,1
B75_V080,75,80,wingACX,wing.xAC,GEOMETRY,1,0.03,thetaDeg,10,-2.21385364673186,-0.221385364673186,1.89809379034457,CREDIBLE,1
B75_V080,75,80,wingACX,wing.xAC,GEOMETRY,1,0.03,collectiveDeg,20,0.103694667008073,0.00518473335040367,1.89809379034457,CREDIBLE,1
B75_V080,75,80,wingACX,wing.xAC,GEOMETRY,1,0.03,cyclicLongDeg,20,0,0,1.89809379034457,CREDIBLE,1
B75_V080,75,80,wingACX,wing.xAC,GEOMETRY,1,0.03,elevatorDeg,20,21.400848433384,1.0700424216692,1.89809379034457,CREDIBLE,1
B75_V080,75,80,wingACX,wing.xAC,GEOMETRY,1,0.03,minimumMarginProxy,0.2,0.5350212108346,2.675106054173,1.89809379034457,CREDIBLE,1
B75_V080,75,80,wingACX,wing.xAC,GEOMETRY,1,0.03,rotorLeftMyNm,5000,97.5354203173102,0.019507084063462,1.89809379034457,CREDIBLE,1
B75_V080,75,80,wingACX,wing.xAC,GEOMETRY,1,0.03,rotorRightMyNm,5000,97.5354203173026,0.0195070840634605,1.89809379034457,CREDIBLE,1
B75_V080,75,80,wingACX,wing.xAC,GEOMETRY,1,0.03,wingMyNm,10000,56866.4608628843,5.68664608628843,1.89809379034457,CREDIBLE,1
B75_V080,75,80,wingACX,wing.xAC,GEOMETRY,1,0.03,fuselageMyNm,2000,-49.054115776967,-0.0245270578884835,1.89809379034457,CREDIBLE,1
B75_V080,75,80,wingACX,wing.xAC,GEOMETRY,1,0.03,horizontalTailMyNm,10000,-57050.4850809862,-5.70504850809862,1.89809379034457,CREDIBLE,1
B75_V080,75,80,wingACX,wing.xAC,GEOMETRY,1,0.03,verticalTailMyNm,2000,41.7380267819236,0.0208690133909618,1.89809379034457,CREDIBLE,1
B75_V080,75,80,wingACX,wing.xAC,GEOMETRY,1,0.03,totalMyNm,1000,3.73053353764684,0.00373053353764684,1.89809379034457,CREDIBLE,1
B75_V080,75,80,rotorHubX,rotor.pivotX,GEOMETRY,1,0.03,thetaDeg,10,-0.0995733183016749,-0.00995733183016749,0.085371269881084,CREDIBLE,1
B75_V080,75,80,rotorHubX,rotor.pivotX,GEOMETRY,1,0.03,collectiveDeg,20,0.00466391357871743,0.000233195678935871,0.085371269881084,CREDIBLE,1
B75_V080,75,80,rotorHubX,rotor.pivotX,GEOMETRY,1,0.03,cyclicLongDeg,20,0,0,0.085371269881084,CREDIBLE,1
B75_V080,75,80,rotorHubX,rotor.pivotX,GEOMETRY,1,0.03,elevatorDeg,20,0.962553914134527,0.0481276957067263,0.085371269881084,CREDIBLE,1
B75_V080,75,80,rotorHubX,rotor.pivotX,GEOMETRY,1,0.03,minimumMarginProxy,0.2,0.0240638478533635,0.120319239266818,0.085371269881084,CREDIBLE,1
B75_V080,75,80,rotorHubX,rotor.pivotX,GEOMETRY,1,0.03,rotorLeftMyNm,5000,1257.01825946624,0.251403651893248,0.085371269881084,CREDIBLE,1
B75_V080,75,80,rotorHubX,rotor.pivotX,GEOMETRY,1,0.03,rotorRightMyNm,5000,1257.01825946624,0.251403651893248,0.085371269881084,CREDIBLE,1
B75_V080,75,80,rotorHubX,rotor.pivotX,GEOMETRY,1,0.03,wingMyNm,10000,52.4737259464928,0.00524737259464928,0.085371269881084,CREDIBLE,1
B75_V080,75,80,rotorHubX,rotor.pivotX,GEOMETRY,1,0.03,fuselageMyNm,2000,-2.20632307944063,-0.00110316153972031,0.085371269881084,CREDIBLE,1
B75_V080,75,80,rotorHubX,rotor.pivotX,GEOMETRY,1,0.03,horizontalTailMyNm,10000,-2566.18076885616,-0.256618076885616,0.085371269881084,CREDIBLE,1
B75_V080,75,80,rotorHubX,rotor.pivotX,GEOMETRY,1,0.03,verticalTailMyNm,2000,1.87726716308063,0.000938633581540316,0.085371269881084,CREDIBLE,1
B75_V080,75,80,rotorHubX,rotor.pivotX,GEOMETRY,1,0.03,totalMyNm,1000,0.000420106470500059,4.20106470500059e-07,0.085371269881084,CREDIBLE,1
B75_V080,75,80,rotorHubZ,rotor.pivotZ,GEOMETRY,1,0.03,thetaDeg,10,-0.319957826966603,-0.0319957826966603,0.274322544055259,CREDIBLE,1
B75_V080,75,80,rotorHubZ,rotor.pivotZ,GEOMETRY,1,0.03,collectiveDeg,20,0.0149865011957573,0.000749325059787864,0.274322544055259,CREDIBLE,1
B75_V080,75,80,rotorHubZ,rotor.pivotZ,GEOMETRY,1,0.03,cyclicLongDeg,20,0,0,0.274322544055259,CREDIBLE,1
B75_V080,75,80,rotorHubZ,rotor.pivotZ,GEOMETRY,1,0.03,elevatorDeg,20,3.09296369707903,0.154648184853952,0.274322544055259,CREDIBLE,1
B75_V080,75,80,rotorHubZ,rotor.pivotZ,GEOMETRY,1,0.03,minimumMarginProxy,0.2,0.0773240924269762,0.386620462134881,0.274322544055259,CREDIBLE,1
B75_V080,75,80,rotorHubZ,rotor.pivotZ,GEOMETRY,1,0.03,rotorLeftMyNm,5000,4039.1635267496,0.807832705349919,0.274322544055259,CREDIBLE,1
B75_V080,75,80,rotorHubZ,rotor.pivotZ,GEOMETRY,1,0.03,rotorRightMyNm,5000,4039.1635267496,0.80783270534992,0.274322544055259,CREDIBLE,1
B75_V080,75,80,rotorHubZ,rotor.pivotZ,GEOMETRY,1,0.03,wingMyNm,10000,168.613230374831,0.0168613230374831,0.274322544055259,CREDIBLE,1
B75_V080,75,80,rotorHubZ,rotor.pivotZ,GEOMETRY,1,0.03,fuselageMyNm,2000,-7.08955333551605,-0.00354477666775802,0.274322544055259,CREDIBLE,1
B75_V080,75,80,rotorHubZ,rotor.pivotZ,GEOMETRY,1,0.03,horizontalTailMyNm,10000,-8245.86774150875,-0.824586774150875,0.274322544055259,CREDIBLE,1
B75_V080,75,80,rotorHubZ,rotor.pivotZ,GEOMETRY,1,0.03,verticalTailMyNm,2000,6.03220149576558,0.00301610074788279,0.274322544055259,CREDIBLE,1
B75_V080,75,80,rotorHubZ,rotor.pivotZ,GEOMETRY,1,0.03,totalMyNm,1000,0.0151905255267574,1.51905255267574e-05,0.274322544055259,CREDIBLE,1
B75_V080,75,80,tailCLelevator,htail.CLelevator,EFFECTIVE_AERO,2,0.04,thetaDeg,10,0.00472631270416191,0.000945262540832381,0.705569557675877,CREDIBLE,1
B75_V080,75,80,tailCLelevator,htail.CLelevator,EFFECTIVE_AERO,2,0.04,collectiveDeg,20,-0.000221536102040787,-2.21536102040787e-05,0.705569557675877,CREDIBLE,1
B75_V080,75,80,tailCLelevator,htail.CLelevator,EFFECTIVE_AERO,2,0.04,cyclicLongDeg,20,0,0,0.705569557675877,CREDIBLE,1
B75_V080,75,80,tailCLelevator,htail.CLelevator,EFFECTIVE_AERO,2,0.04,elevatorDeg,20,4.78226837442992,0.478226837442992,0.705569557675877,CREDIBLE,1
B75_V080,75,80,tailCLelevator,htail.CLelevator,EFFECTIVE_AERO,2,0.04,minimumMarginProxy,0.2,0.119556709360748,1.19556709360748,0.705569557675877,CREDIBLE,1
B75_V080,75,80,tailCLelevator,htail.CLelevator,EFFECTIVE_AERO,2,0.04,rotorLeftMyNm,5000,-0.208132400412353,-8.32529601649412e-05,0.705569557675877,CREDIBLE,1
B75_V080,75,80,tailCLelevator,htail.CLelevator,EFFECTIVE_AERO,2,0.04,rotorRightMyNm,5000,-0.208132400392458,-8.32529601569831e-05,0.705569557675877,CREDIBLE,1
B75_V080,75,80,tailCLelevator,htail.CLelevator,EFFECTIVE_AERO,2,0.04,wingMyNm,10000,-2.49069844419409,-0.000498139688838819,0.705569557675877,CREDIBLE,1
B75_V080,75,80,tailCLelevator,htail.CLelevator,EFFECTIVE_AERO,2,0.04,fuselageMyNm,2000,0.104724568363679,0.000104724568363679,0.705569557675877,CREDIBLE,1
B75_V080,75,80,tailCLelevator,htail.CLelevator,EFFECTIVE_AERO,2,0.04,horizontalTailMyNm,10000,3.03373292899778,0.000606746585799556,0.705569557675877,CREDIBLE,1
B75_V080,75,80,tailCLelevator,htail.CLelevator,EFFECTIVE_AERO,2,0.04,verticalTailMyNm,2000,-0.0891057142354157,-8.91057142354157e-05,0.705569557675877,CREDIBLE,1
B75_V080,75,80,tailCLelevator,htail.CLelevator,EFFECTIVE_AERO,2,0.04,totalMyNm,1000,0.142388538117189,0.000284777076234377,0.705569557675877,CREDIBLE,1
B75_V080,75,80,tailDownwashAlpha,htail.downwashAlpha,EFFECTIVE_AERO,0.4,0.008,thetaDeg,10,0.0178223051455761,0.000712892205823046,2.66061948722136,CREDIBLE,1
B75_V080,75,80,tailDownwashAlpha,htail.downwashAlpha,EFFECTIVE_AERO,0.4,0.008,collectiveDeg,20,-0.00083512274096087,-1.67024548192174e-05,2.66061948722136,CREDIBLE,1
B75_V080,75,80,tailDownwashAlpha,htail.downwashAlpha,EFFECTIVE_AERO,0.4,0.008,cyclicLongDeg,20,0,0,2.66061948722136,CREDIBLE,1
B75_V080,75,80,tailDownwashAlpha,htail.downwashAlpha,EFFECTIVE_AERO,0.4,0.008,elevatorDeg,20,18.0333690899716,0.360667381799431,2.66061948722136,CREDIBLE,1
B75_V080,75,80,tailDownwashAlpha,htail.downwashAlpha,EFFECTIVE_AERO,0.4,0.008,minimumMarginProxy,0.2,0.450834227249289,0.901668454498579,2.66061948722136,CREDIBLE,1
B75_V080,75,80,tailDownwashAlpha,htail.downwashAlpha,EFFECTIVE_AERO,0.4,0.008,rotorLeftMyNm,5000,-0.784992785284544,-6.27994228227635e-05,2.66061948722136,CREDIBLE,1
B75_V080,75,80,tailDownwashAlpha,htail.downwashAlpha,EFFECTIVE_AERO,0.4,0.008,rotorRightMyNm,5000,-0.784992785320071,-6.27994228256057e-05,2.66061948722136,CREDIBLE,1
B75_V080,75,80,tailDownwashAlpha,htail.downwashAlpha,EFFECTIVE_AERO,0.4,0.008,wingMyNm,10000,-9.39209918192319,-0.000375683967276927,2.66061948722136,CREDIBLE,1
B75_V080,75,80,tailDownwashAlpha,htail.downwashAlpha,EFFECTIVE_AERO,0.4,0.008,fuselageMyNm,2000,0.394902608109149,7.89805216218298e-05,2.66061948722136,CREDIBLE,1
B75_V080,75,80,tailDownwashAlpha,htail.downwashAlpha,EFFECTIVE_AERO,0.4,0.008,horizontalTailMyNm,10000,11.2025622331657,0.000448102489326629,2.66061948722136,CREDIBLE,1
B75_V080,75,80,tailDownwashAlpha,htail.downwashAlpha,EFFECTIVE_AERO,0.4,0.008,verticalTailMyNm,2000,-0.336005958282648,-6.72011916565296e-05,2.66061948722136,CREDIBLE,1
B75_V080,75,80,tailDownwashAlpha,htail.downwashAlpha,EFFECTIVE_AERO,0.4,0.008,totalMyNm,1000,0.299374130341867,0.000119749652136747,2.66061948722136,CREDIBLE,1
B75_V080,75,80,wingCm0,wing.Cm0,EFFECTIVE_AERO,0.03,0.002,thetaDeg,10,-4.21983123468506,-0.0126594937040552,3.61796068799888,CREDIBLE,1
B75_V080,75,80,wingCm0,wing.Cm0,EFFECTIVE_AERO,0.03,0.002,collectiveDeg,20,0.19765262954774,0.00029647894432161,3.61796068799888,CREDIBLE,1
B75_V080,75,80,wingCm0,wing.Cm0,EFFECTIVE_AERO,0.03,0.002,cyclicLongDeg,20,0,0,3.61796068799888,CREDIBLE,1
B75_V080,75,80,wingCm0,wing.Cm0,EFFECTIVE_AERO,0.03,0.002,elevatorDeg,20,40.7922035863932,0.0611883053795898,3.61796068799888,CREDIBLE,1
B75_V080,75,80,wingCm0,wing.Cm0,EFFECTIVE_AERO,0.03,0.002,minimumMarginProxy,0.2,1.01980508965983,0.152970763448975,3.61796068799888,CREDIBLE,1
B75_V080,75,80,wingCm0,wing.Cm0,EFFECTIVE_AERO,0.03,0.002,rotorLeftMyNm,5000,185.912397514812,0.00111547438508887,3.61796068799888,CREDIBLE,1
B75_V080,75,80,wingCm0,wing.Cm0,EFFECTIVE_AERO,0.03,0.002,rotorRightMyNm,5000,185.912397514926,0.00111547438508956,3.61796068799888,CREDIBLE,1
B75_V080,75,80,wingCm0,wing.Cm0,EFFECTIVE_AERO,0.03,0.002,wingMyNm,10000,108394.662045446,0.325183986136339,3.61796068799888,CREDIBLE,1
B75_V080,75,80,wingCm0,wing.Cm0,EFFECTIVE_AERO,0.03,0.002,fuselageMyNm,2000,-93.502067920646,-0.00140253101880969,3.61796068799888,CREDIBLE,1
B75_V080,75,80,wingCm0,wing.Cm0,EFFECTIVE_AERO,0.03,0.002,horizontalTailMyNm,10000,-108752.404831921,-0.326257214495762,3.61796068799888,CREDIBLE,1
B75_V080,75,80,wingCm0,wing.Cm0,EFFECTIVE_AERO,0.03,0.002,verticalTailMyNm,2000,79.5569608472775,0.00119335441270916,3.61796068799888,CREDIBLE,1
B75_V080,75,80,wingCm0,wing.Cm0,EFFECTIVE_AERO,0.03,0.002,totalMyNm,1000,0.136901481802454,4.10704445407362e-06,3.61796068799888,CREDIBLE,1
