variant,pointId,betaMDeg,speedMps,trimStatus,component,FxN,FyN,FzN,MxNm,MyNm,MzNm,rXFromActualCGm,rYFromActualCGm,rZFromActualCGm,armMomentMyNm,intrinsicMomentMyNm,localSpeedMps,localDynamicPressurePa,localAlphaDeg,elevatorDeg,controlAtLimit,finiteReal,note
MODEL_A_GENERIC_BASELINE,B15_V010,15,10,CREDIBLE,rotorLeft,6034.6822247317,1763.05240736787,-28484.9138360571,146118.218926817,305.004774874657,21471.3437609305,0.164997141252857,-5,-0.728277714259281,305.004774874657,0,10,NaN,NaN,0,0,1,""
MODEL_A_GENERIC_BASELINE,B15_V010,15,10,CREDIBLE,rotorRight,6034.6822247317,-1763.05240736787,-28484.9138360571,-146118.218926817,305.004774874657,-21471.3437609305,0.164997141252857,5,-0.728277714259281,305.004774874657,0,10,NaN,NaN,0,0,1,""
MODEL_A_GENERIC_BASELINE,B15_V010,15,10,CREDIBLE,wingLeft,288.127281904471,0,-170.665702589375,-417.296108209035,-24.7237106936461,1002.46401742187,NaN,NaN,NaN,8.33257535680303,-33.0562860504491,NaN,NaN,NaN,0,0,1,""
MODEL_A_GENERIC_BASELINE,B15_V010,15,10,CREDIBLE,wingRight,288.127281904471,0,-170.665702589375,417.296108209035,-24.7237106936461,-1002.46401742187,NaN,NaN,NaN,8.33257535680303,-33.0562860504491,NaN,NaN,NaN,0,0,1,""
MODEL_A_GENERIC_BASELINE,B15_V010,15,10,CREDIBLE,wing,576.254563808941,0,-341.331405178751,0,-49.4474213872921,0,NaN,NaN,NaN,NaN,NaN,NaN,NaN,NaN,0,0,1,""
MODEL_A_GENERIC_BASELINE,B15_V010,15,10,CREDIBLE,fuselage,-41.5168593571818,-0,-47.0593880465566,0,4.04910518863253,0,0.170882857425966,0,0.0961666554575202,4.04910518863253,0,10,61.25,12.3820209688617,0,0,1,""
MODEL_A_GENERIC_BASELINE,B15_V010,15,10,CREDIBLE,horizontalTail,16.6983733716146,0,-112.202115959098,0,-561.836839415668,0,-5.02911714257403,0,0.14616665545752,-561.836839415668,0,10,61.25,12.3820209688617,0,0,1,""
MODEL_A_GENERIC_BASELINE,B15_V010,15,10,CREDIBLE,verticalTail,-3.82881928199242,0,-0.840561066099947,0,-2.77439017412634,0,NaN,NaN,NaN,NaN,NaN,NaN,NaN,NaN,0,0,1,""
MODEL_A_GENERIC_BASELINE,B15_V010,15,10,CREDIBLE,TOTAL,12616.9717080048,-1.13686837721616e-12,-57471.2611423647,0,3.96085918552558e-06,3.63797880709171e-12,NaN,NaN,NaN,NaN,NaN,NaN,NaN,NaN,0,0,1,""
MODEL_A_GENERIC_BASELINE,B15_V010,15,10,CREDIBLE,gravity_or_CG_effect,0,0,0,0,0,0,NaN,NaN,NaN,NaN,NaN,NaN,NaN,NaN,0,0,1,"Gravity is applied through the actual CG in the rigid-body equations, so its explicit moment about that CG is zero."
MODEL_A_GENERIC_BASELINE,B15_V020,15,20,CREDIBLE,rotorLeft,4882.58485466067,1199.43323320866,-27422.9651605042,139995.439910573,968.833118530631,17120.2519828066,0.164997141252857,-5,-0.728277714259281,968.833118530631,0,20,NaN,NaN,0,0,1,""
MODEL_A_GENERIC_BASELINE,B15_V020,15,20,CREDIBLE,rotorRight,4882.58485466067,-1199.43323320866,-27422.9651605042,-139995.439910573,968.833118530629,-17120.2519828066,0.164997141252857,5,-0.728277714259281,968.833118530629,0,20,NaN,NaN,0,0,1,""
MODEL_A_GENERIC_BASELINE,B15_V020,15,20,CREDIBLE,wingLeft,257.153540857096,0,-1314.23827976524,1286.00956298739,-130.460911187371,646.236213461188,NaN,NaN,NaN,-26.3949444477463,-104.065966739624,NaN,NaN,NaN,0,0,1,""
MODEL_A_GENERIC_BASELINE,B15_V020,15,20,CREDIBLE,wingRight,257.153540857096,0,-1314.23827976524,-1286.00956298739,-130.460911187371,-646.236213461188,NaN,NaN,NaN,-26.3949444477463,-104.065966739624,NaN,NaN,NaN,0,0,1,""
MODEL_A_GENERIC_BASELINE,B15_V020,15,20,CREDIBLE,wing,514.307081714191,0,-2628.47655953049,0,-260.921822374742,0,NaN,NaN,NaN,NaN,NaN,NaN,NaN,NaN,0,0,1,""
MODEL_A_GENERIC_BASELINE,B15_V020,15,20,CREDIBLE,fuselage,-162.928356148172,-0,-149.018665999922,0,9.796460365911,0,0.170882857425966,0,0.0961666554575202,9.796460365911,0,20,245,9.91676953445173,0,0,1,""
MODEL_A_GENERIC_BASELINE,B15_V020,15,20,CREDIBLE,horizontalTail,32.1529579455902,0,-334.644966726217,0,-1678.26904851296,0,-5.02911714257403,0,0.14616665545752,-1678.26904851296,0,20,245,9.91676953445173,0,0,1,""
MODEL_A_GENERIC_BASELINE,B15_V020,15,20,CREDIBLE,verticalTail,-15.4457245419586,0,-2.7003691180907,0,-8.27182363632564,0,NaN,NaN,NaN,NaN,NaN,NaN,NaN,NaN,0,0,1,""
MODEL_A_GENERIC_BASELINE,B15_V020,15,20,CREDIBLE,TOTAL,10133.255668291,-2.27373675443232e-13,-57960.7708823831,2.91038304567337e-11,2.90314015138904e-06,3.63797880709171e-12,NaN,NaN,NaN,NaN,NaN,NaN,NaN,NaN,0,0,1,""
MODEL_A_GENERIC_BASELINE,B15_V020,15,20,CREDIBLE,gravity_or_CG_effect,0,0,0,0,0,0,NaN,NaN,NaN,NaN,NaN,NaN,NaN,NaN,0,0,1,"Gravity is applied through the actual CG in the rigid-body equations, so its explicit moment about that CG is zero."
MODEL_A_GENERIC_BASELINE,B15_V030,15,30,CREDIBLE,rotorLeft,3784.82746381898,723.302350394418,-25756.6567514748,131021.430413792,1493.36923800859,12656.5167808321,0.164997141252857,-5,-0.728277714259281,1493.36923800859,0,30,NaN,NaN,0,0,1,""
MODEL_A_GENERIC_BASELINE,B15_V030,15,30,CREDIBLE,rotorRight,3784.82746381898,-723.302350394417,-25756.6567514748,-131021.430413792,1493.36923800859,-12656.5167808321,0.164997141252857,5,-0.728277714259281,1493.36923800859,0,30,NaN,NaN,0,0,1,""
MODEL_A_GENERIC_BASELINE,B15_V030,15,30,CREDIBLE,wingLeft,183.605171774981,0,-3058.59116748822,4664.07121045615,-306.884931105319,322.671980138876,NaN,NaN,NaN,-80.5809983938801,-226.303932711438,NaN,NaN,NaN,0,0,1,""
MODEL_A_GENERIC_BASELINE,B15_V030,15,30,CREDIBLE,wingRight,183.605171774981,0,-3058.59116748822,-4664.07121045615,-306.884931105319,-322.671980138876,NaN,NaN,NaN,-80.5809983938801,-226.303932711438,NaN,NaN,NaN,0,0,1,""
MODEL_A_GENERIC_BASELINE,B15_V030,15,30,CREDIBLE,wing,367.210343549961,0,-6117.18233497645,0,-613.769862210637,0,NaN,NaN,NaN,NaN,NaN,NaN,NaN,NaN,0,0,1,""
MODEL_A_GENERIC_BASELINE,B15_V030,15,30,CREDIBLE,fuselage,-360.607676112484,-0,-246.975526687877,0,7.52544957066106,0,0.170882857425966,0,0.0961666554575202,7.52544957066106,0,30,551.25,7.37403477030876,0,0,1,""
MODEL_A_GENERIC_BASELINE,B15_V030,15,30,CREDIBLE,horizontalTail,10.6069657829727,0,-471.260953411192,0,-2368.47615471296,0,-5.02911714257403,0,0.14616665545752,-2368.47615471296,0,30,551.25,7.37403477030876,0,0,1,""
MODEL_A_GENERIC_BASELINE,B15_V030,15,30,CREDIBLE,verticalTail,-34.9882142190712,0,-4.52805319760974,0,-12.0179026766565,0,NaN,NaN,NaN,NaN,NaN,NaN,NaN,NaN,0,0,1,""
MODEL_A_GENERIC_BASELINE,B15_V030,15,30,CREDIBLE,TOTAL,7551.87634663934,9.09494701772928e-13,-58353.2603712227,1.45519152283669e-11,5.98759957881612e-06,-3.63797880709171e-12,NaN,NaN,NaN,NaN,NaN,NaN,NaN,NaN,0,0,1,""
MODEL_A_GENERIC_BASELINE,B15_V030,15,30,CREDIBLE,gravity_or_CG_effect,0,0,0,0,0,0,NaN,NaN,NaN,NaN,NaN,NaN,NaN,NaN,0,0,1,"Gravity is applied through the actual CG in the rigid-body equations, so its explicit moment about that CG is zero."
MODEL_A_GENERIC_BASELINE,B45_V025,45,25,CREDIBLE,rotorLeft,11887.6303258172,764.277899208625,-20801.7324623248,109869.302562942,2680.94565727825,54352.5359001122,0.450780573006424,-5,-0.563280573006424,2680.94565727825,0,25,NaN,NaN,-15.5640795400833,0,1,""
MODEL_A_GENERIC_BASELINE,B45_V025,45,25,CREDIBLE,rotorRight,11887.6303258172,-764.277899208625,-20801.7324623248,-109869.302562942,2680.94565727825,-54352.5359001122,0.450780573006424,5,-0.563280573006424,2680.94565727825,0,25,NaN,NaN,-15.5640795400833,0,1,""
MODEL_A_GENERIC_BASELINE,B45_V025,45,25,CREDIBLE,wingLeft,1770.61237348378,0,-4413.7344653521,7887.8913105057,-477.680402467735,3060.16243616325,NaN,NaN,NaN,-320.922348242443,-156.758054225292,NaN,NaN,NaN,-15.5640795400833,0,1,""
MODEL_A_GENERIC_BASELINE,B45_V025,45,25,CREDIBLE,wingRight,1770.61237348378,0,-4413.7344653521,-7887.8913105057,-477.680402467735,-3060.16243616325,NaN,NaN,NaN,-320.922348242443,-156.758054225292,NaN,NaN,NaN,-15.5640795400833,0,1,""
MODEL_A_GENERIC_BASELINE,B45_V025,45,25,CREDIBLE,wing,3541.22474696755,0,-8827.4689307042,0,-955.36080493547,0,NaN,NaN,NaN,NaN,NaN,NaN,NaN,NaN,-15.5640795400833,0,1,""
MODEL_A_GENERIC_BASELINE,B45_V025,45,25,CREDIBLE,fuselage,-292.984475348,-0,-740.780563339638,0,69.5829133461974,0,0.120450487116513,0,0.0670495128834866,69.5829133461974,0,25,382.8125,27.750813924878,-15.5640795400833,0,1,""
MODEL_A_GENERIC_BASELINE,B45_V025,45,25,CREDIBLE,horizontalTail,395.63265068805,0,-889.072612618734,0,-4432.34374887658,0,-5.07954951288349,0,0.117049512883487,-4469.7797473017,37.4359984251196,25,382.8125,27.750813924878,-15.5640795400833,0,1,""
MODEL_A_GENERIC_BASELINE,B45_V025,45,25,CREDIBLE,verticalTail,-21.6820350636959,0,-11.4078637569293,0,-43.7696771542427,0,NaN,NaN,NaN,NaN,NaN,NaN,NaN,NaN,-15.5640795400833,0,1,""
MODEL_A_GENERIC_BASELINE,B45_V025,45,25,CREDIBLE,TOTAL,27397.4515388783,-5.6843418860808e-13,-52072.1948950691,0,-3.06359599733241e-06,0,NaN,NaN,NaN,NaN,NaN,NaN,NaN,NaN,-15.5640795400833,0,1,""
MODEL_A_GENERIC_BASELINE,B45_V025,45,25,CREDIBLE,gravity_or_CG_effect,0,0,0,0,0,0,NaN,NaN,NaN,NaN,NaN,NaN,NaN,NaN,-15.5640795400833,0,1,"Gravity is applied through the actual CG in the rigid-body equations, so its explicit moment about that CG is zero."
MODEL_A_GENERIC_BASELINE,B45_V035,45,35,CREDIBLE,rotorLeft,8573.66944378789,369.700713752273,-17846.874359955,93865.8696504582,3215.64281328967,38611.7484977257,0.450780573006424,-5,-0.563280573006424,3215.64281328967,0,35,NaN,NaN,-16.5313516746882,0,1,""
MODEL_A_GENERIC_BASELINE,B45_V035,45,35,CREDIBLE,rotorRight,8573.66944378789,-369.700713752274,-17846.874359955,-93865.8696504582,3215.64281328967,-38611.7484977257,0.450780573006424,5,-0.563280573006424,3215.64281328967,0,35,NaN,NaN,-16.5313516746882,0,1,""
MODEL_A_GENERIC_BASELINE,B45_V035,45,35,CREDIBLE,wingLeft,2484.15376706286,0,-8467.7246687575,15019.0432568721,-936.441711262175,4330.9766375448,NaN,NaN,NaN,-631.249760975042,-305.191950287134,NaN,NaN,NaN,-16.5313516746882,0,1,""
MODEL_A_GENERIC_BASELINE,B45_V035,45,35,CREDIBLE,wingRight,2484.15376706286,0,-8467.7246687575,-15019.0432568721,-936.441711262175,-4330.9766375448,NaN,NaN,NaN,-631.249760975042,-305.191950287134,NaN,NaN,NaN,-16.5313516746882,0,1,""
MODEL_A_GENERIC_BASELINE,B45_V035,45,35,CREDIBLE,wing,4968.30753412572,0,-16935.449337515,0,-1872.88342252435,0,NaN,NaN,NaN,NaN,NaN,NaN,NaN,NaN,-16.5313516746882,0,1,""
MODEL_A_GENERIC_BASELINE,B45_V035,45,35,CREDIBLE,fuselage,-552.195481623212,-0,-1078.99971759883,0,92.941603524061,0,0.120450487116513,0,0.0670495128834866,92.941603524061,0,35,750.3125,21.7510230344786,-16.5313516746882,0,1,""
MODEL_A_GENERIC_BASELINE,B45_V035,45,35,CREDIBLE,horizontalTail,285.688556229561,0,-924.679153998286,0,-4585.57922122668,0,-5.07954951288349,0,0.117049512883487,-4663.51383992245,77.9346186957746,35,750.3125,21.7510230344786,-16.5313516746882,0,1,""
MODEL_A_GENERIC_BASELINE,B45_V035,45,35,CREDIBLE,verticalTail,-44.6011170012334,0,-17.7949645192759,0,-65.7645798088682,0,NaN,NaN,NaN,NaN,NaN,NaN,NaN,NaN,-16.5313516746882,0,1,""
MODEL_A_GENERIC_BASELINE,B45_V035,45,35,CREDIBLE,TOTAL,21804.5383793066,-2.27373675443232e-13,-54650.6718935414,0,6.54349751982863e-06,0,NaN,NaN,NaN,NaN,NaN,NaN,NaN,NaN,-16.5313516746882,0,1,""
MODEL_A_GENERIC_BASELINE,B45_V035,45,35,CREDIBLE,gravity_or_CG_effect,0,0,0,0,0,0,NaN,NaN,NaN,NaN,NaN,NaN,NaN,NaN,-16.5313516746882,0,1,"Gravity is applied through the actual CG in the rigid-body equations, so its explicit moment about that CG is zero."
MODEL_A_GENERIC_BASELINE,B45_V045,45,45,CREDIBLE,rotorLeft,6226.98541112145,162.306212150164,-14188.780241359,74691.7490432788,2888.48657698291,27551.6676426216,0.450780573006424,-5,-0.563280573006424,2888.48657698291,0,45,NaN,NaN,-15.2119471231284,0,1,""
MODEL_A_GENERIC_BASELINE,B45_V045,45,45,CREDIBLE,rotorRight,6226.98541112145,-162.306212150165,-14188.780241359,-74691.7490432788,2888.48657698291,-27551.6676426216,0.450780573006424,5,-0.563280573006424,2888.48657698291,0,45,NaN,NaN,-15.2119471231284,0,1,""
MODEL_A_GENERIC_BASELINE,B45_V045,45,45,CREDIBLE,wingLeft,2710.95988111404,0,-13013.7908010457,22919.3448773347,-1492.29496982194,4731.22662737068,NaN,NaN,NaN,-989.020173571116,-503.274796250829,NaN,NaN,NaN,-15.2119471231284,0,1,""
MODEL_A_GENERIC_BASELINE,B45_V045,45,45,CREDIBLE,wingRight,2710.95988111404,0,-13013.7908010457,-22919.3448773347,-1492.29496982194,-4731.22662737068,NaN,NaN,NaN,-989.020173571116,-503.274796250829,NaN,NaN,NaN,-15.2119471231284,0,1,""
MODEL_A_GENERIC_BASELINE,B45_V045,45,45,CREDIBLE,wing,5421.91976222807,0,-26027.5816020914,0,-2984.58993964389,0,NaN,NaN,NaN,NaN,NaN,NaN,NaN,NaN,-15.2119471231284,0,1,""
MODEL_A_GENERIC_BASELINE,B45_V045,45,45,CREDIBLE,fuselage,-873.820843820654,-0,-1326.25049938123,0,101.158256763376,0,0.120450487116513,0,0.0670495128834866,101.158256763376,0,45,1240.3125,16.7851445317557,-15.2119471231284,0,1,""
MODEL_A_GENERIC_BASELINE,B45_V045,45,45,CREDIBLE,horizontalTail,65.9249937410701,0,-578.674798465139,0,-2813.14237517351,0,-5.07954951288349,0,0.117049512883487,-2931.69080225731,118.548427083796,45,1240.3125,16.7851445317557,-15.2119471231284,0,1,""
MODEL_A_GENERIC_BASELINE,B45_V045,45,45,CREDIBLE,verticalTail,-75.9979678373436,0,-22.9236402997885,0,-80.399090050902,0,NaN,NaN,NaN,NaN,NaN,NaN,NaN,NaN,-15.2119471231284,0,1,""
MODEL_A_GENERIC_BASELINE,B45_V045,45,45,CREDIBLE,TOTAL,16991.996766554,-9.9475983006414e-13,-56332.9910229556,0,5.8608889048628e-06,-3.63797880709171e-12,NaN,NaN,NaN,NaN,NaN,NaN,NaN,NaN,-15.2119471231284,0,1,""
MODEL_A_GENERIC_BASELINE,B45_V045,45,45,CREDIBLE,gravity_or_CG_effect,0,0,0,0,0,0,NaN,NaN,NaN,NaN,NaN,NaN,NaN,NaN,-15.2119471231284,0,1,"Gravity is applied through the actual CG in the rigid-body equations, so its explicit moment about that CG is zero."
MODEL_A_GENERIC_BASELINE,B75_V040,75,40,FAILED,rotorLeft,9110.15721103538,80.501068693005,-2407.50739298317,18979.466939568,-1045.55318291292,43746.257956453,0.615777714259281,-5,-0.277497141252857,-1045.55318291292,0,40,NaN,NaN,-20.0000000382902,1,1,""
MODEL_A_GENERIC_BASELINE,B75_V040,75,40,FAILED,rotorRight,9110.15721103538,-80.5010686930052,-2407.50739298317,-18979.466939568,-1045.55318291292,-43746.257956453,0.615777714259281,5,-0.277497141252857,-1045.55318291292,0,40,NaN,NaN,-20.0000000382902,1,1,""
MODEL_A_GENERIC_BASELINE,B75_V040,75,40,FAILED,wingLeft,2649.66448873096,0,-10955.8786534976,27426.3841947343,-1687.47532536668,6476.27971211015,NaN,NaN,NaN,-1278.99206272798,-408.483262638704,NaN,NaN,NaN,-20.0000000382902,1,1,""
MODEL_A_GENERIC_BASELINE,B75_V040,75,40,FAILED,wingRight,2649.66448873096,0,-10955.8786534976,-27426.3841947343,-1687.47532536668,-6476.27971211015,NaN,NaN,NaN,-1278.99206272798,-408.483262638704,NaN,NaN,NaN,-20.0000000382902,1,1,""
MODEL_A_GENERIC_BASELINE,B75_V040,75,40,FAILED,wing,5299.32897746192,0,-21911.7573069953,0,-3374.95065073337,0,NaN,NaN,NaN,NaN,NaN,NaN,NaN,NaN,-20.0000000382902,1,1,""
MODEL_A_GENERIC_BASELINE,B75_V040,75,40,FAILED,fuselage,-705.534773120265,-0,-1218.41527788701,0,99.5579704551976,0,0.0913333445424798,0,0.0166171425740336,99.5579704551976,0,40,980,19.1863561709923,-20.0000000382902,1,1,""
MODEL_A_GENERIC_BASELINE,B75_V040,75,40,FAILED,horizontalTail,-4.69792248034035,0,-229.963855706345,0,-1051.9712117584,0,-5.10866665545752,0,0.0666171425740336,-1175.12164377912,123.15043202072,40,980,19.1863561709923,-20.0000000382902,1,1,""
MODEL_A_GENERIC_BASELINE,B75_V040,75,40,FAILED,verticalTail,-59.236196048757,0,-20.6124107681082,0,-72.0254844657997,0,NaN,NaN,NaN,NaN,NaN,NaN,NaN,NaN,-20.0000000382902,1,1,""
MODEL_A_GENERIC_BASELINE,B75_V040,75,40,FAILED,TOTAL,22750.1745078833,-1.27897692436818e-13,-28195.7636373231,0,-6490.49574232822,0,NaN,NaN,NaN,NaN,NaN,NaN,NaN,NaN,-20.0000000382902,1,1,""
MODEL_A_GENERIC_BASELINE,B75_V040,75,40,FAILED,gravity_or_CG_effect,0,0,0,0,0,0,NaN,NaN,NaN,NaN,NaN,NaN,NaN,NaN,-20.0000000382902,1,1,"Gravity is applied through the actual CG in the rigid-body equations, so its explicit moment about that CG is zero."
MODEL_A_GENERIC_BASELINE,B75_V060,75,60,FAILED,rotorLeft,5173.76264356925,30.6207590345412,-1480.02160823813,13745.5167023507,-524.340020136066,24189.6984831189,0.615777714259281,-5,-0.277497141252857,-524.340020136066,0,60,NaN,NaN,-20.000000018223,1,1,""
MODEL_A_GENERIC_BASELINE,B75_V060,75,60,FAILED,rotorRight,5173.76264356925,-30.620759034542,-1480.02160823813,-13745.5167023507,-524.340020136066,-24189.6984831189,0.615777714259281,5,-0.277497141252857,-524.340020136066,0,60,NaN,NaN,-20.000000018223,1,1,""
MODEL_A_GENERIC_BASELINE,B75_V060,75,60,FAILED,wingLeft,4144.45871297438,0,-22465.3614089264,53420.4038451029,-3478.65684957225,9786.38174254874,NaN,NaN,NaN,-2579.58956227551,-899.067287296743,NaN,NaN,NaN,-20.000000018223,1,1,""
MODEL_A_GENERIC_BASELINE,B75_V060,75,60,FAILED,wingRight,4144.45871297438,0,-22465.3614089264,-53420.4038451029,-3478.65684957225,-9786.38174254874,NaN,NaN,NaN,-2579.58956227551,-899.067287296743,NaN,NaN,NaN,-20.000000018223,1,1,""
MODEL_A_GENERIC_BASELINE,B75_V060,75,60,FAILED,wing,8288.91742594876,0,-44930.7228178529,0,-6957.3136991445,0,NaN,NaN,NaN,NaN,NaN,NaN,NaN,NaN,-20.000000018223,1,1,""
MODEL_A_GENERIC_BASELINE,B75_V060,75,60,FAILED,fuselage,-1534.17556624944,-0,-2144.0059194419,0,170.325617223538,0,0.0913333445424798,0,0.0166171425740336,170.325617223538,0,60,2205,15.4011460963953,-20.000000018223,1,1,""
MODEL_A_GENERIC_BASELINE,B75_V060,75,60,FAILED,horizontalTail,-521.648310566572,0,1183.8652645141,0,6290.31075354569,0,-5.10866665545752,0,0.0666171425740336,6013.22228149907,277.08847204662,60,2205,15.4011460963953,-20.000000018223,1,1,""
MODEL_A_GENERIC_BASELINE,B75_V060,75,60,FAILED,verticalTail,-136.052393794454,0,-37.4780007844449,0,-122.925296180034,0,NaN,NaN,NaN,NaN,NaN,NaN,NaN,NaN,-20.000000018223,1,1,""
MODEL_A_GENERIC_BASELINE,B75_V060,75,60,FAILED,TOTAL,16444.5664424768,-7.8159700933611e-13,-48888.3846900414,0,-1668.28266482743,0,NaN,NaN,NaN,NaN,NaN,NaN,NaN,NaN,-20.000000018223,1,1,""
MODEL_A_GENERIC_BASELINE,B75_V060,75,60,FAILED,gravity_or_CG_effect,0,0,0,0,0,0,NaN,NaN,NaN,NaN,NaN,NaN,NaN,NaN,-20.000000018223,1,1,"Gravity is applied through the actual CG in the rigid-body equations, so its explicit moment about that CG is zero."
MODEL_A_GENERIC_BASELINE,B75_V080,75,80,CREDIBLE,rotorLeft,4025.06631821241,31.7378656315973,-1252.63136547812,13478.7414913876,-345.601917613507,18213.8248510602,0.615777714259281,-5,-0.277497141252857,-345.601917613507,0,80,NaN,NaN,-9.65600325152566,0,1,""
MODEL_A_GENERIC_BASELINE,B75_V080,75,80,CREDIBLE,rotorRight,4025.06631821241,-31.7378656315978,-1252.63136547812,-13478.7414913876,-345.601917613507,-18213.8248510602,0.615777714259281,5,-0.277497141252857,-345.601917613507,0,80,NaN,NaN,-9.65600325152566,0,1,""
MODEL_A_GENERIC_BASELINE,B75_V080,75,80,CREDIBLE,wingLeft,1831.22583535679,0,-27850.2571147966,65701.0931642357,-4680.08890887793,4291.28482842869,NaN,NaN,NaN,-3087.52584527342,-1592.56306360451,NaN,NaN,NaN,-9.65600325152566,0,1,""
MODEL_A_GENERIC_BASELINE,B75_V080,75,80,CREDIBLE,wingRight,1831.22583535679,0,-27850.2571147966,-65701.0931642357,-4680.08890887793,-4291.28482842869,NaN,NaN,NaN,-3087.52584527342,-1592.56306360451,NaN,NaN,NaN,-9.65600325152566,0,1,""
MODEL_A_GENERIC_BASELINE,B75_V080,75,80,CREDIBLE,wing,3662.45167071358,0,-55700.5142295933,0,-9360.17781775586,0,NaN,NaN,NaN,NaN,NaN,NaN,NaN,NaN,-9.65600325152566,0,1,""
MODEL_A_GENERIC_BASELINE,B75_V080,75,80,CREDIBLE,fuselage,-2575.25320712994,-0,-1931.76342728343,0,133.641064971523,0,0.0913333445424798,0,0.0166171425740336,133.641064971523,0,80,3920,8.0914444442746,-9.65600325152566,0,1,""
MODEL_A_GENERIC_BASELINE,B75_V080,75,80,CREDIBLE,horizontalTail,-607.032851072209,0,1918.72225428109,0,9999.50180194685,0,-5.10866665545752,0,0.0666171425740336,9761.67360754308,237.828194403772,80,3920,8.0914444442746,-9.65600325152566,0,1,""
MODEL_A_GENERIC_BASELINE,B75_V080,75,80,CREDIBLE,verticalTail,-248.382410928983,0,-35.3122123507675,0,-81.7612345427811,0,NaN,NaN,NaN,NaN,NaN,NaN,NaN,NaN,-9.65600325152566,0,1,""
MODEL_A_GENERIC_BASELINE,B75_V080,75,80,CREDIBLE,TOTAL,8281.91583800727,-5.6843418860808e-13,-58254.1303459026,-7.27595761418343e-12,-2.06072804900259e-05,-7.27595761418343e-12,NaN,NaN,NaN,NaN,NaN,NaN,NaN,NaN,-9.65600325152566,0,1,""
MODEL_A_GENERIC_BASELINE,B75_V080,75,80,CREDIBLE,gravity_or_CG_effect,0,0,0,0,0,0,NaN,NaN,NaN,NaN,NaN,NaN,NaN,NaN,-9.65600325152566,0,1,"Gravity is applied through the actual CG in the rigid-body equations, so its explicit moment about that CG is zero."
