pointId,betaMDeg,speedMps,perturbationKind,perturbationName,stepLevel,step,stepUnit,coefficientName,dimensionalDerivative,dimensionalUnit,coefficientDerivative,coefficientUnit,plusFxN,plusFyN,plusFzN,plusMxNm,plusMyNm,plusMzNm,minusFxN,minusFyN,minusFzN,minusMxNm,minusMyNm,minusMzNm,relativeStepVariation,valid,status
B15_V020,15,20,BODY_RATE,p,1,0.01,rad/s,CX_p,0,N/(rad/s),0,1/(normalized_rate),10133.2639492393,-7.00498269162359,-57960.746341281,-417.257083950955,-0.00258539219613141,-92.1239365324092,10133.2639492393,7.00498269162314,-57960.746341281,417.257083950925,-0.00258539219567666,92.1239365324201,0,1,VALID_CENTRAL_DIFFERENCE
B15_V020,15,20,BODY_RATE,p,1,0.01,rad/s,CY_p,-700.498269162337,N/(rad/s),-0.635372579739081,1/(normalized_rate),10133.2639492393,-7.00498269162359,-57960.746341281,-417.257083950955,-0.00258539219613141,-92.1239365324092,10133.2639492393,7.00498269162314,-57960.746341281,417.257083950925,-0.00258539219567666,92.1239365324201,1.07321980017719e-06,1,VALID_CENTRAL_DIFFERENCE
B15_V020,15,20,BODY_RATE,p,1,0.01,rad/s,CZ_p,0,N/(rad/s),0,1/(normalized_rate),10133.2639492393,-7.00498269162359,-57960.746341281,-417.257083950955,-0.00258539219613141,-92.1239365324092,10133.2639492393,7.00498269162314,-57960.746341281,417.257083950925,-0.00258539219567666,92.1239365324201,0,1,VALID_CENTRAL_DIFFERENCE
B15_V020,15,20,BODY_RATE,p,1,0.01,rad/s,Cl_p,-41725.708395094,N*m/(rad/s),-3.78464475238948,1/(normalized_rate),10133.2639492393,-7.00498269162359,-57960.746341281,-417.257083950955,-0.00258539219613141,-92.1239365324092,10133.2639492393,7.00498269162314,-57960.746341281,417.257083950925,-0.00258539219567666,92.1239365324201,2.24370007385331e-07,1,VALID_CENTRAL_DIFFERENCE
B15_V020,15,20,BODY_RATE,p,1,0.01,rad/s,Cm_p,-2.27373675443232e-11,N*m/(rad/s),-1.3748975083491e-14,1/(normalized_rate),10133.2639492393,-7.00498269162359,-57960.746341281,-417.257083950955,-0.00258539219613141,-92.1239365324092,10133.2639492393,7.00498269162314,-57960.746341281,417.257083950925,-0.00258539219567666,92.1239365324201,0.013748975083491,1,VALID_CENTRAL_DIFFERENCE
B15_V020,15,20,BODY_RATE,p,1,0.01,rad/s,Cn_p,-9212.39365324146,N*m/(rad/s),-0.835591261064985,1/(normalized_rate),10133.2639492393,-7.00498269162359,-57960.746341281,-417.257083950955,-0.00258539219613141,-92.1239365324092,10133.2639492393,7.00498269162314,-57960.746341281,417.257083950925,-0.00258539219567666,92.1239365324201,2.99842447325508e-07,1,VALID_CENTRAL_DIFFERENCE
B15_V020,15,20,BODY_RATE,p,2,0.001,rad/s,CX_p,0,N/(rad/s),0,1/(normalized_rate),10133.2557511004,-0.700499020951983,-57960.7706369717,-41.7256990330695,-2.2979774302101e-05,-9.21239089097563,10133.2557511004,0.700499020951529,-57960.7706369717,41.7256990331277,-2.29797720283642e-05,9.21239089097563,0,1,VALID_CENTRAL_DIFFERENCE
B15_V020,15,20,BODY_RATE,p,2,0.001,rad/s,CY_p,-700.499020951756,N/(rad/s),-0.635373261634246,1/(normalized_rate),10133.2557511004,-0.700499020951983,-57960.7706369717,-41.7256990330695,-2.2979774302101e-05,-9.21239089097563,10133.2557511004,0.700499020951529,-57960.7706369717,41.7256990331277,-2.29797720283642e-05,9.21239089097563,1.07321980017719e-06,1,VALID_CENTRAL_DIFFERENCE
B15_V020,15,20,BODY_RATE,p,2,0.001,rad/s,CZ_p,0,N/(rad/s),0,1/(normalized_rate),10133.2557511004,-0.700499020951983,-57960.7706369717,-41.7256990330695,-2.2979774302101e-05,-9.21239089097563,10133.2557511004,0.700499020951529,-57960.7706369717,41.7256990331277,-2.29797720283642e-05,9.21239089097563,0,1,VALID_CENTRAL_DIFFERENCE
B15_V020,15,20,BODY_RATE,p,2,0.001,rad/s,Cl_p,-41725.6990330986,N*m/(rad/s),-3.7846439032289,1/(normalized_rate),10133.2557511004,-0.700499020951983,-57960.7706369717,-41.7256990330695,-2.2979774302101e-05,-9.21239089097563,10133.2557511004,0.700499020951529,-57960.7706369717,41.7256990331277,-2.29797720283642e-05,9.21239089097563,2.24370007385331e-07,1,VALID_CENTRAL_DIFFERENCE
B15_V020,15,20,BODY_RATE,p,2,0.001,rad/s,Cm_p,-1.13686837721616e-09,N*m/(rad/s),-6.87448754174549e-13,1/(normalized_rate),10133.2557511004,-0.700499020951983,-57960.7706369717,-41.7256990330695,-2.2979774302101e-05,-9.21239089097563,10133.2557511004,0.700499020951529,-57960.7706369717,41.7256990331277,-2.29797720283642e-05,9.21239089097563,0.013748975083491,1,VALID_CENTRAL_DIFFERENCE
B15_V020,15,20,BODY_RATE,p,2,0.001,rad/s,Cn_p,-9212.39089097563,N*m/(rad/s),-0.835591010519332,1/(normalized_rate),10133.2557511004,-0.700499020951983,-57960.7706369717,-41.7256990330695,-2.2979774302101e-05,-9.21239089097563,10133.2557511004,0.700499020951529,-57960.7706369717,41.7256990331277,-2.29797720283642e-05,9.21239089097563,2.99842447325508e-07,1,VALID_CENTRAL_DIFFERENCE
B15_V020,15,20,BODY_RATE,p,3,0.0001,rad/s,CX_p,0,N/(rad/s),0,1/(normalized_rate),10133.2556691191,-0.070049902846444,-57960.770879929,-4.17256989390731,2.64431423602218e-06,-0.921239086339475,10133.2556691191,0.0700499028480356,-57960.770879929,4.17256989393642,2.64431400864851e-06,0.921239086339588,0,1,VALID_CENTRAL_DIFFERENCE
B15_V020,15,20,BODY_RATE,p,3,0.0001,rad/s,CY_p,-700.499028472398,N/(rad/s),-0.63537326845569,1/(normalized_rate),10133.2556691191,-0.070049902846444,-57960.770879929,-4.17256989390731,2.64431423602218e-06,-0.921239086339475,10133.2556691191,0.0700499028480356,-57960.770879929,4.17256989393642,2.64431400864851e-06,0.921239086339588,1.07321980017719e-06,1,VALID_CENTRAL_DIFFERENCE
B15_V020,15,20,BODY_RATE,p,3,0.0001,rad/s,CZ_p,0,N/(rad/s),0,1/(normalized_rate),10133.2556691191,-0.070049902846444,-57960.770879929,-4.17256989390731,2.64431423602218e-06,-0.921239086339475,10133.2556691191,0.0700499028480356,-57960.770879929,4.17256989393642,2.64431400864851e-06,0.921239086339588,0,1,VALID_CENTRAL_DIFFERENCE
B15_V020,15,20,BODY_RATE,p,3,0.0001,rad/s,Cl_p,-41725.6989392187,N*m/(rad/s),-3.78464389471371,1/(normalized_rate),10133.2556691191,-0.070049902846444,-57960.770879929,-4.17256989390731,2.64431423602218e-06,-0.921239086339475,10133.2556691191,0.0700499028480356,-57960.770879929,4.17256989393642,2.64431400864851e-06,0.921239086339588,2.24370007385331e-07,1,VALID_CENTRAL_DIFFERENCE
B15_V020,15,20,BODY_RATE,p,3,0.0001,rad/s,Cm_p,1.13686837721616e-09,N*m/(rad/s),6.87448754174549e-13,1/(normalized_rate),10133.2556691191,-0.070049902846444,-57960.770879929,-4.17256989390731,2.64431423602218e-06,-0.921239086339475,10133.2556691191,0.0700499028480356,-57960.770879929,4.17256989393642,2.64431400864851e-06,0.921239086339588,0.013748975083491,1,VALID_CENTRAL_DIFFERENCE
B15_V020,15,20,BODY_RATE,p,3,0.0001,rad/s,Cn_p,-9212.39086339531,N*m/(rad/s),-0.835591008017715,1/(normalized_rate),10133.2556691191,-0.070049902846444,-57960.770879929,-4.17256989390731,2.64431423602218e-06,-0.921239086339475,10133.2556691191,0.0700499028480356,-57960.770879929,4.17256989393642,2.64431400864851e-06,0.921239086339588,2.99842447325508e-07,1,VALID_CENTRAL_DIFFERENCE
B15_V020,15,20,BODY_RATE,q,1,0.01,rad/s,CX_q,172.40081992768,N/(rad/s),1.04248417189829,1/(normalized_rate),10134.9985648613,-1.13686837721616e-12,-57969.1955528381,-2.91038304567337e-11,-89.6124310966838,-3.63797880709171e-12,10131.5505484628,-9.09494701772928e-13,-57952.3044335564,-2.91038304567337e-11,89.8209773654509,-7.27595761418343e-12,3.25359933487412e-05,1,VALID_CENTRAL_DIFFERENCE
B15_V020,15,20,BODY_RATE,q,1,0.01,rad/s,CY_q,-1.13686837721616e-11,N/(rad/s),-6.87448754174549e-14,1/(normalized_rate),10134.9985648613,-1.13686837721616e-12,-57969.1955528381,-2.91038304567337e-11,-89.6124310966838,-3.63797880709171e-12,10131.5505484628,-9.09494701772928e-13,-57952.3044335564,-2.91038304567337e-11,89.8209773654509,-7.27595761418343e-12,0.178736676085383,1,VALID_CENTRAL_DIFFERENCE
B15_V020,15,20,BODY_RATE,q,1,0.01,rad/s,CZ_q,-844.555964083338,N/(rad/s),-5.1069143708743,1/(normalized_rate),10134.9985648613,-1.13686837721616e-12,-57969.1955528381,-2.91038304567337e-11,-89.6124310966838,-3.63797880709171e-12,10131.5505484628,-9.09494701772928e-13,-57952.3044335564,-2.91038304567337e-11,89.8209773654509,-7.27595761418343e-12,2.50957101808985e-05,1,VALID_CENTRAL_DIFFERENCE
B15_V020,15,20,BODY_RATE,q,1,0.01,rad/s,Cl_q,0,N*m/(rad/s),0,1/(normalized_rate),10134.9985648613,-1.13686837721616e-12,-57969.1955528381,-2.91038304567337e-11,-89.6124310966838,-3.63797880709171e-12,10131.5505484628,-9.09494701772928e-13,-57952.3044335564,-2.91038304567337e-11,89.8209773654509,-7.27595761418343e-12,1.76124370819519,1,VALID_CENTRAL_DIFFERENCE
B15_V020,15,20,BODY_RATE,q,1,0.01,rad/s,Cm_q,-8971.67042310674,N*m/(rad/s),-36.1669757545245,1/(normalized_rate),10134.9985648613,-1.13686837721616e-12,-57969.1955528381,-2.91038304567337e-11,-89.6124310966838,-3.63797880709171e-12,10131.5505484628,-9.09494701772928e-13,-57952.3044335564,-2.91038304567337e-11,89.8209773654509,-7.27595761418343e-12,1.17974782909779e-05,1,VALID_CENTRAL_DIFFERENCE
B15_V020,15,20,BODY_RATE,q,1,0.01,rad/s,Cn_q,1.81898940354586e-10,N*m/(rad/s),1.09991800667928e-13,1/(normalized_rate),10134.9985648613,-1.13686837721616e-12,-57969.1955528381,-2.91038304567337e-11,-89.6124310966838,-3.63797880709171e-12,10131.5505484628,-9.09494701772928e-13,-57952.3044335564,-2.91038304567337e-11,89.8209773654509,-7.27595761418343e-12,0.241294512715267,1,VALID_CENTRAL_DIFFERENCE
B15_V020,15,20,BODY_RATE,q,2,0.001,rad/s,CX_q,172.406429342118,N/(rad/s),1.04251809125997,1/(normalized_rate),10133.4282636052,-4.54747350886464e-13,-57961.6152506381,-4.54747350886464e-13,-8.97073059892733,-6.99174051987939e-12,10133.0834507465,9.09494701772928e-13,-57959.9260963194,0,8.97282193595764,5.6843418860808e-14,3.25359933487412e-05,1,VALID_CENTRAL_DIFFERENCE
B15_V020,15,20,BODY_RATE,q,2,0.001,rad/s,CY_q,-6.82121026329696e-10,N/(rad/s),-4.12469252504729e-12,1/(normalized_rate),10133.4282636052,-4.54747350886464e-13,-57961.6152506381,-4.54747350886464e-13,-8.97073059892733,-6.99174051987939e-12,10133.0834507465,9.09494701772928e-13,-57959.9260963194,0,8.97282193595764,5.6843418860808e-14,0.178736676085383,1,VALID_CENTRAL_DIFFERENCE
B15_V020,15,20,BODY_RATE,q,2,0.001,rad/s,CZ_q,-844.577159346954,N/(rad/s),-5.10704253573366,1/(normalized_rate),10133.4282636052,-4.54747350886464e-13,-57961.6152506381,-4.54747350886464e-13,-8.97073059892733,-6.99174051987939e-12,10133.0834507465,9.09494701772928e-13,-57959.9260963194,0,8.97282193595764,5.6843418860808e-14,2.50957101808985e-05,1,VALID_CENTRAL_DIFFERENCE
B15_V020,15,20,BODY_RATE,q,2,0.001,rad/s,Cl_q,-2.27373675443232e-10,N*m/(rad/s),-1.3748975083491e-13,1/(normalized_rate),10133.4282636052,-4.54747350886464e-13,-57961.6152506381,-4.54747350886464e-13,-8.97073059892733,-6.99174051987939e-12,10133.0834507465,9.09494701772928e-13,-57959.9260963194,0,8.97282193595764,5.6843418860808e-14,1.76124370819519,1,VALID_CENTRAL_DIFFERENCE
B15_V020,15,20,BODY_RATE,q,2,0.001,rad/s,Cm_q,-8971.77626744248,N*m/(rad/s),-36.1674024386696,1/(normalized_rate),10133.4282636052,-4.54747350886464e-13,-57961.6152506381,-4.54747350886464e-13,-8.97073059892733,-6.99174051987939e-12,10133.0834507465,9.09494701772928e-13,-57959.9260963194,0,8.97282193595764,5.6843418860808e-14,1.17974782909779e-05,1,VALID_CENTRAL_DIFFERENCE
B15_V020,15,20,BODY_RATE,q,2,0.001,rad/s,Cn_q,-3.5242919693701e-09,N*m/(rad/s),-2.1310911379411e-12,1/(normalized_rate),10133.4282636052,-4.54747350886464e-13,-57961.6152506381,-4.54747350886464e-13,-8.97073059892733,-6.99174051987939e-12,10133.0834507465,9.09494701772928e-13,-57959.9260963194,0,8.97282193595764,5.6843418860808e-14,0.241294512715267,1,VALID_CENTRAL_DIFFERENCE
B15_V020,15,20,BODY_RATE,q,3,0.0001,rad/s,CX_q,172.406485444299,N/(rad/s),1.04251843050218,1/(normalized_rate),10133.2729108284,2.27373675443232e-13,-57960.8553380312,0,-0.897164401788277,0,10133.2384295313,-2.27373675443232e-13,-57960.6864225569,-5.82076609134674e-11,0.897191063392933,-7.27595761418343e-12,3.25359933487412e-05,1,VALID_CENTRAL_DIFFERENCE
B15_V020,15,20,BODY_RATE,q,3,0.0001,rad/s,CY_q,2.27373675443232e-09,N/(rad/s),1.3748975083491e-11,1/(normalized_rate),10133.2729108284,2.27373675443232e-13,-57960.8553380312,0,-0.897164401788277,0,10133.2384295313,-2.27373675443232e-13,-57960.6864225569,-5.82076609134674e-11,0.897191063392933,-7.27595761418343e-12,0.178736676085383,1,VALID_CENTRAL_DIFFERENCE
B15_V020,15,20,BODY_RATE,q,3,0.0001,rad/s,CZ_q,-844.577371317428,N/(rad/s),-5.10704381749011,1/(normalized_rate),10133.2729108284,2.27373675443232e-13,-57960.8553380312,0,-0.897164401788277,0,10133.2384295313,-2.27373675443232e-13,-57960.6864225569,-5.82076609134674e-11,0.897191063392933,-7.27595761418343e-12,2.50957101808985e-05,1,VALID_CENTRAL_DIFFERENCE
B15_V020,15,20,BODY_RATE,q,3,0.0001,rad/s,Cl_q,2.91038304567337e-07,N*m/(rad/s),1.75986881068685e-10,1/(normalized_rate),10133.2729108284,2.27373675443232e-13,-57960.8553380312,0,-0.897164401788277,0,10133.2384295313,-2.27373675443232e-13,-57960.6864225569,-5.82076609134674e-11,0.897191063392933,-7.27595761418343e-12,1.76124370819519,1,VALID_CENTRAL_DIFFERENCE
B15_V020,15,20,BODY_RATE,q,3,0.0001,rad/s,Cm_q,-8971.77732590605,N*m/(rad/s),-36.1674067055925,1/(normalized_rate),10133.2729108284,2.27373675443232e-13,-57960.8553380312,0,-0.897164401788277,0,10133.2384295313,-2.27373675443232e-13,-57960.6864225569,-5.82076609134674e-11,0.897191063392933,-7.27595761418343e-12,1.17974782909779e-05,1,VALID_CENTRAL_DIFFERENCE
B15_V020,15,20,BODY_RATE,q,3,0.0001,rad/s,Cn_q,3.63797880709171e-08,N*m/(rad/s),2.19983601335856e-11,1/(normalized_rate),10133.2729108284,2.27373675443232e-13,-57960.8553380312,0,-0.897164401788277,0,10133.2384295313,-2.27373675443232e-13,-57960.6864225569,-5.82076609134674e-11,0.897191063392933,-7.27595761418343e-12,0.241294512715267,1,VALID_CENTRAL_DIFFERENCE
B15_V020,15,20,BODY_RATE,r,1,0.01,rad/s,CX_r,-9.09494701772928e-11,N/(rad/s),-8.24938505009459e-14,1/(normalized_rate),10133.2569784959,-0.581566351830775,-57960.742610614,22.7981861564256,-0.00829793141986457,-6.97349388692796,10133.2569784959,0.581566351830547,-57960.742610614,-22.7981861564836,-0.00829793141986457,6.97349388692427,0.000824938505009459,1,VALID_CENTRAL_DIFFERENCE
B15_V020,15,20,BODY_RATE,r,1,0.01,rad/s,CY_r,-58.1566351830661,N/(rad/s),-0.0527497824789715,1/(normalized_rate),10133.2569784959,-0.581566351830775,-57960.742610614,22.7981861564256,-0.00829793141986457,-6.97349388692796,10133.2569784959,0.581566351830547,-57960.742610614,-22.7981861564836,-0.00829793141986457,6.97349388692427,1.59651604916521e-05,1,VALID_CENTRAL_DIFFERENCE
B15_V020,15,20,BODY_RATE,r,1,0.01,rad/s,CZ_r,0,N/(rad/s),0,1/(normalized_rate),10133.2569784959,-0.581566351830775,-57960.742610614,22.7981861564256,-0.00829793141986457,-6.97349388692796,10133.2569784959,0.581566351830547,-57960.742610614,-22.7981861564836,-0.00829793141986457,6.97349388692427,0.329975402003783,1,VALID_CENTRAL_DIFFERENCE
B15_V020,15,20,BODY_RATE,r,1,0.01,rad/s,Cl_r,2279.81861564546,N*m/(rad/s),0.206786268992786,1/(normalized_rate),10133.2569784959,-0.581566351830775,-57960.742610614,22.7981861564256,-0.00829793141986457,-6.97349388692796,10133.2569784959,0.581566351830547,-57960.742610614,-22.7981861564836,-0.00829793141986457,6.97349388692427,3.95935308004106e-06,1,VALID_CENTRAL_DIFFERENCE
B15_V020,15,20,BODY_RATE,r,1,0.01,rad/s,Cm_r,0,N*m/(rad/s),0,1/(normalized_rate),10133.2569784959,-0.581566351830775,-57960.742610614,22.7981861564256,-0.00829793141986457,-6.97349388692796,10133.2569784959,0.581566351830547,-57960.742610614,-22.7981861564836,-0.00829793141986457,6.97349388692427,0.0831812992551204,1,VALID_CENTRAL_DIFFERENCE
B15_V020,15,20,BODY_RATE,r,1,0.01,rad/s,Cn_r,-697.349388692611,N*m/(rad/s),-0.0632516452328899,1/(normalized_rate),10133.2569784959,-0.581566351830775,-57960.742610614,22.7981861564256,-0.00829793141986457,-6.97349388692796,10133.2569784959,0.581566351830547,-57960.742610614,-22.7981861564836,-0.00829793141986457,6.97349388692427,6.96193361251353e-06,1,VALID_CENTRAL_DIFFERENCE
B15_V020,15,20,BODY_RATE,r,2,0.001,rad/s,CX_r,0,N/(rad/s),0,1/(normalized_rate),10133.2556813928,-0.0581575636772219,-57960.7705996646,2.27982764230261,-8.01052919250367e-05,-0.697344533824443,10133.2556813928,0.0581575636785862,-57960.7705996646,-2.27982764227351,-8.0105291697663e-05,0.697344533828081,0.000824938505009459,1,VALID_CENTRAL_DIFFERENCE
B15_V020,15,20,BODY_RATE,r,2,0.001,rad/s,CY_r,-58.157563677904,N/(rad/s),-0.0527506246511601,1/(normalized_rate),10133.2556813928,-0.0581575636772219,-57960.7705996646,2.27982764230261,-8.01052919250367e-05,-0.697344533824443,10133.2556813928,0.0581575636785862,-57960.7705996646,-2.27982764227351,-8.0105291697663e-05,0.697344533828081,1.59651604916521e-05,1,VALID_CENTRAL_DIFFERENCE
B15_V020,15,20,BODY_RATE,r,2,0.001,rad/s,CZ_r,0,N/(rad/s),0,1/(normalized_rate),10133.2556813928,-0.0581575636772219,-57960.7705996646,2.27982764230261,-8.01052919250367e-05,-0.697344533824443,10133.2556813928,0.0581575636785862,-57960.7705996646,-2.27982764227351,-8.0105291697663e-05,0.697344533828081,0.329975402003783,1,VALID_CENTRAL_DIFFERENCE
B15_V020,15,20,BODY_RATE,r,2,0.001,rad/s,Cl_r,2279.82764228806,N*m/(rad/s),0.206787087735879,1/(normalized_rate),10133.2556813928,-0.0581575636772219,-57960.7705996646,2.27982764230261,-8.01052919250367e-05,-0.697344533824443,10133.2556813928,0.0581575636785862,-57960.7705996646,-2.27982764227351,-8.0105291697663e-05,0.697344533828081,3.95935308004106e-06,1,VALID_CENTRAL_DIFFERENCE
B15_V020,15,20,BODY_RATE,r,2,0.001,rad/s,Cm_r,-1.13686837721616e-10,N*m/(rad/s),-6.87448754174549e-14,1/(normalized_rate),10133.2556813928,-0.0581575636772219,-57960.7705996646,2.27982764230261,-8.01052919250367e-05,-0.697344533824443,10133.2556813928,0.0581575636785862,-57960.7705996646,-2.27982764227351,-8.0105291697663e-05,0.697344533828081,0.0831812992551204,1,VALID_CENTRAL_DIFFERENCE
B15_V020,15,20,BODY_RATE,r,2,0.001,rad/s,Cn_r,-697.344533826262,N*m/(rad/s),-0.0632512048822006,1/(normalized_rate),10133.2556813928,-0.0581575636772219,-57960.7705996646,2.27982764230261,-8.01052919250367e-05,-0.697344533824443,10133.2556813928,0.0581575636785862,-57960.7705996646,-2.27982764227351,-8.0105291697663e-05,0.697344533828081,6.96193361251353e-06,1,VALID_CENTRAL_DIFFERENCE
B15_V020,15,20,BODY_RATE,r,3,0.0001,rad/s,CX_r,0,N/(rad/s),0,1/(normalized_rate),10133.255668422,-0.00581575729552315,-57960.7708795559,0.227982773259901,2.07305832766735e-06,-0.0697344485377133,10133.255668422,0.00581575729552315,-57960.7708795559,-0.227982773201693,2.07305559918325e-06,0.0697344485376565,0.000824938505009459,1,VALID_CENTRAL_DIFFERENCE
B15_V020,15,20,BODY_RATE,r,3,0.0001,rad/s,CY_r,-58.1575729552315,N/(rad/s),-0.0527506330659696,1/(normalized_rate),10133.255668422,-0.00581575729552315,-57960.7708795559,0.227982773259901,2.07305832766735e-06,-0.0697344485377133,10133.255668422,0.00581575729552315,-57960.7708795559,-0.227982773201693,2.07305559918325e-06,0.0697344485376565,1.59651604916521e-05,1,VALID_CENTRAL_DIFFERENCE
B15_V020,15,20,BODY_RATE,r,3,0.0001,rad/s,CZ_r,-3.63797880709171e-08,N/(rad/s),-3.29975402003783e-11,1/(normalized_rate),10133.255668422,-0.00581575729552315,-57960.7708795559,0.227982773259901,2.07305832766735e-06,-0.0697344485377133,10133.255668422,0.00581575729552315,-57960.7708795559,-0.227982773201693,2.07305559918325e-06,0.0697344485376565,0.329975402003783,1,VALID_CENTRAL_DIFFERENCE
B15_V020,15,20,BODY_RATE,r,3,0.0001,rad/s,Cl_r,2279.82773230797,N*m/(rad/s),0.20678709590095,1/(normalized_rate),10133.255668422,-0.00581575729552315,-57960.7708795559,0.227982773259901,2.07305832766735e-06,-0.0697344485377133,10133.255668422,0.00581575729552315,-57960.7708795559,-0.227982773201693,2.07305559918325e-06,0.0697344485376565,3.95935308004106e-06,1,VALID_CENTRAL_DIFFERENCE
B15_V020,15,20,BODY_RATE,r,3,0.0001,rad/s,Cm_r,1.36424205265939e-08,N*m/(rad/s),8.24938505009459e-12,1/(normalized_rate),10133.255668422,-0.00581575729552315,-57960.7708795559,0.227982773259901,2.07305832766735e-06,-0.0697344485377133,10133.255668422,0.00581575729552315,-57960.7708795559,-0.227982773201693,2.07305559918325e-06,0.0697344485376565,0.0831812992551204,1,VALID_CENTRAL_DIFFERENCE
B15_V020,15,20,BODY_RATE,r,3,0.0001,rad/s,Cn_r,-697.344485376849,N*m/(rad/s),-0.0632512004876961,1/(normalized_rate),10133.255668422,-0.00581575729552315,-57960.7708795559,0.227982773259901,2.07305832766735e-06,-0.0697344485377133,10133.255668422,0.00581575729552315,-57960.7708795559,-0.227982773201693,2.07305559918325e-06,0.0697344485376565,6.96193361251353e-06,1,VALID_CENTRAL_DIFFERENCE
B45_V035,45,35,BODY_RATE,p,1,0.01,rad/s,CX_p,0,N/(rad/s),0,1/(normalized_rate),21804.5423868313,-2.83672160773667,-54650.6475024951,-298.046064975864,-0.0071493839852792,-185.449738411659,21804.5423868313,2.83672160773571,-54650.6475024951,298.046064975878,-0.00714938397800324,185.449738411666,0.113134423544154,1,VALID_CENTRAL_DIFFERENCE
B45_V035,45,35,BODY_RATE,p,1,0.01,rad/s,CY_p,-283.672160773619,N/(rad/s),-0.147028006879751,1/(normalized_rate),21804.5423868313,-2.83672160773667,-54650.6475024951,-298.046064975864,-0.0071493839852792,-185.449738411659,21804.5423868313,2.83672160773571,-54650.6475024951,298.046064975878,-0.00714938397800324,185.449738411666,1.07514300187472e-06,1,VALID_CENTRAL_DIFFERENCE
B45_V035,45,35,BODY_RATE,p,1,0.01,rad/s,CZ_p,7.27595761418343e-10,N/(rad/s),3.77114745147181e-13,1/(normalized_rate),21804.5423868313,-2.83672160773667,-54650.6475024951,-298.046064975864,-0.0071493839852792,-185.449738411659,21804.5423868313,2.83672160773571,-54650.6475024951,298.046064975878,-0.00714938397800324,185.449738411666,0.377114745147181,1,VALID_CENTRAL_DIFFERENCE
B45_V035,45,35,BODY_RATE,p,1,0.01,rad/s,Cl_p,-29804.6064975871,N*m/(rad/s),-1.54478038212308,1/(normalized_rate),21804.5423868313,-2.83672160773667,-54650.6475024951,-298.046064975864,-0.0071493839852792,-185.449738411659,21804.5423868313,2.83672160773571,-54650.6475024951,298.046064975878,-0.00714938397800324,185.449738411666,1.08034204135438e-07,1,VALID_CENTRAL_DIFFERENCE
B45_V035,45,35,BODY_RATE,p,1,0.01,rad/s,Cm_p,-3.63797880709171e-10,N*m/(rad/s),-1.2570491504906e-13,1/(normalized_rate),21804.5423868313,-2.83672160773667,-54650.6475024951,-298.046064975864,-0.0071493839852792,-185.449738411659,21804.5423868313,2.83672160773571,-54650.6475024951,298.046064975878,-0.00714938397800324,185.449738411666,0.0785655719056627,1,VALID_CENTRAL_DIFFERENCE
B45_V035,45,35,BODY_RATE,p,1,0.01,rad/s,Cn_p,-18544.9738411663,N*m/(rad/s),-0.961190740066926,1/(normalized_rate),21804.5423868313,-2.83672160773667,-54650.6475024951,-298.046064975864,-0.0071493839852792,-185.449738411659,21804.5423868313,2.83672160773571,-54650.6475024951,298.046064975878,-0.00714938397800324,185.449738411666,1.87294344709648e-07,1,VALID_CENTRAL_DIFFERENCE
B45_V035,45,35,BODY_RATE,p,2,0.001,rad/s,CX_p,-3.63797880709171e-09,N/(rad/s),-1.88557372573591e-12,1/(normalized_rate),21804.5384193819,-0.283672465761432,-54650.671649631,-29.8046097174894,-6.50158192883055e-05,-18.544977314532,21804.5384193819,0.283672465762739,-54650.671649631,29.8046097175194,-6.50158192883055e-05,18.5449773145392,0.113134423544154,1,VALID_CENTRAL_DIFFERENCE
B45_V035,45,35,BODY_RATE,p,2,0.001,rad/s,CY_p,-283.672465762085,N/(rad/s),-0.147028164956053,1/(normalized_rate),21804.5384193819,-0.283672465761432,-54650.671649631,-29.8046097174894,-6.50158192883055e-05,-18.544977314532,21804.5384193819,0.283672465762739,-54650.671649631,29.8046097175194,-6.50158192883055e-05,18.5449773145392,1.07514300187472e-06,1,VALID_CENTRAL_DIFFERENCE
B45_V035,45,35,BODY_RATE,p,2,0.001,rad/s,CZ_p,0,N/(rad/s),0,1/(normalized_rate),21804.5384193819,-0.283672465761432,-54650.671649631,-29.8046097174894,-6.50158192883055e-05,-18.544977314532,21804.5384193819,0.283672465762739,-54650.671649631,29.8046097175194,-6.50158192883055e-05,18.5449773145392,0.377114745147181,1,VALID_CENTRAL_DIFFERENCE
B45_V035,45,35,BODY_RATE,p,2,0.001,rad/s,Cl_p,-29804.6097175044,N*m/(rad/s),-1.54478054901222,1/(normalized_rate),21804.5384193819,-0.283672465761432,-54650.671649631,-29.8046097174894,-6.50158192883055e-05,-18.544977314532,21804.5384193819,0.283672465762739,-54650.671649631,29.8046097175194,-6.50158192883055e-05,18.5449773145392,1.08034204135438e-07,1,VALID_CENTRAL_DIFFERENCE
B45_V035,45,35,BODY_RATE,p,2,0.001,rad/s,Cm_p,0,N*m/(rad/s),0,1/(normalized_rate),21804.5384193819,-0.283672465761432,-54650.671649631,-29.8046097174894,-6.50158192883055e-05,-18.544977314532,21804.5384193819,0.283672465762739,-54650.671649631,29.8046097175194,-6.50158192883055e-05,18.5449773145392,0.0785655719056627,1,VALID_CENTRAL_DIFFERENCE
B45_V035,45,35,BODY_RATE,p,2,0.001,rad/s,Cn_p,-18544.9773145356,N*m/(rad/s),-0.96119092009255,1/(normalized_rate),21804.5384193819,-0.283672465761432,-54650.671649631,-29.8046097174894,-6.50158192883055e-05,-18.544977314532,21804.5384193819,0.283672465762739,-54650.671649631,29.8046097175194,-6.50158192883055e-05,18.5449773145392,1.87294344709648e-07,1,VALID_CENTRAL_DIFFERENCE
B45_V035,45,35,BODY_RATE,p,3,0.0001,rad/s,CX_p,1.81898940354586e-08,N/(rad/s),9.42786862867953e-12,1/(normalized_rate),21804.5383797074,-0.0283672468818894,-54650.6718911023,-2.98046097499117,5.82790188730087e-06,-1.85449773492163,21804.5383797074,0.0283672468799567,-54650.6718911023,2.98046097499026,5.82789733982736e-06,1.85449773494275,0.113134423544154,1,VALID_CENTRAL_DIFFERENCE
B45_V035,45,35,BODY_RATE,p,3,0.0001,rad/s,CY_p,-283.672468809231,N/(rad/s),-0.147028166535396,1/(normalized_rate),21804.5383797074,-0.0283672468818894,-54650.6718911023,-2.98046097499117,5.82790188730087e-06,-1.85449773492163,21804.5383797074,0.0283672468799567,-54650.6718911023,2.98046097499026,5.82789733982736e-06,1.85449773494275,1.07514300187472e-06,1,VALID_CENTRAL_DIFFERENCE
B45_V035,45,35,BODY_RATE,p,3,0.0001,rad/s,CZ_p,-7.27595761418343e-08,N/(rad/s),-3.77114745147181e-11,1/(normalized_rate),21804.5383797074,-0.0283672468818894,-54650.6718911023,-2.98046097499117,5.82790188730087e-06,-1.85449773492163,21804.5383797074,0.0283672468799567,-54650.6718911023,2.98046097499026,5.82789733982736e-06,1.85449773494275,0.377114745147181,1,VALID_CENTRAL_DIFFERENCE
B45_V035,45,35,BODY_RATE,p,3,0.0001,rad/s,Cl_p,-29804.6097499071,N*m/(rad/s),-1.54478055069166,1/(normalized_rate),21804.5383797074,-0.0283672468818894,-54650.6718911023,-2.98046097499117,5.82790188730087e-06,-1.85449773492163,21804.5383797074,0.0283672468799567,-54650.6718911023,2.98046097499026,5.82789733982736e-06,1.85449773494275,1.08034204135438e-07,1,VALID_CENTRAL_DIFFERENCE
B45_V035,45,35,BODY_RATE,p,3,0.0001,rad/s,Cm_p,2.27373675443232e-08,N*m/(rad/s),7.85655719056627e-12,1/(normalized_rate),21804.5383797074,-0.0283672468818894,-54650.6718911023,-2.98046097499117,5.82790188730087e-06,-1.85449773492163,21804.5383797074,0.0283672468799567,-54650.6718911023,2.98046097499026,5.82789733982736e-06,1.85449773494275,0.0785655719056627,1,VALID_CENTRAL_DIFFERENCE
B45_V035,45,35,BODY_RATE,p,3,0.0001,rad/s,Cn_p,-18544.9773493219,N*m/(rad/s),-0.961190921895531,1/(normalized_rate),21804.5383797074,-0.0283672468818894,-54650.6718911023,-2.98046097499117,5.82790188730087e-06,-1.85449773492163,21804.5383797074,0.0283672468799567,-54650.6718911023,2.98046097499026,5.82789733982736e-06,1.85449773494275,1.87294344709648e-07,1,VALID_CENTRAL_DIFFERENCE
B45_V035,45,35,BODY_RATE,q,1,0.01,rad/s,CX_q,973.211906971119,N/(rad/s),3.36278814632068,1/(normalized_rate),21814.2860140285,-8.5265128291212e-13,-54669.7360538686,1.52340362546965e-11,-150.269463728407,7.02016222930979e-12,21794.8217758891,-8.5265128291212e-13,-54631.577350778,2.27373675443232e-13,150.424502372215,-7.33280103304423e-12,5.00421039233956e-06,1,VALID_CENTRAL_DIFFERENCE
B45_V035,45,35,BODY_RATE,q,1,0.01,rad/s,CY_q,0,N/(rad/s),0,1/(normalized_rate),21814.2860140285,-8.5265128291212e-13,-54669.7360538686,1.52340362546965e-11,-150.269463728407,7.02016222930979e-12,21794.8217758891,-8.5265128291212e-13,-54631.577350778,2.27373675443232e-13,150.424502372215,-7.33280103304423e-12,0.102135243477362,1,VALID_CENTRAL_DIFFERENCE
B45_V035,45,35,BODY_RATE,q,1,0.01,rad/s,CZ_q,-1907.93515452933,N/(rad/s),-6.59258448816959,1/(normalized_rate),21814.2860140285,-8.5265128291212e-13,-54669.7360538686,1.52340362546965e-11,-150.269463728407,7.02016222930979e-12,21794.8217758891,-8.5265128291212e-13,-54631.577350778,2.27373675443232e-13,150.424502372215,-7.33280103304423e-12,5.201450964567e-06,1,VALID_CENTRAL_DIFFERENCE
B45_V035,45,35,BODY_RATE,q,1,0.01,rad/s,Cl_q,7.50333128962666e-10,N*m/(rad/s),2.59266387288687e-13,1/(normalized_rate),21814.2860140285,-8.5265128291212e-13,-54669.7360538686,1.52340362546965e-11,-150.269463728407,7.02016222930979e-12,21794.8217758891,-8.5265128291212e-13,-54631.577350778,2.27373675443232e-13,150.424502372215,-7.33280103304423e-12,0.538959823272846,1,VALID_CENTRAL_DIFFERENCE
B45_V035,45,35,BODY_RATE,q,1,0.01,rad/s,Cm_q,-15034.6983050311,N*m/(rad/s),-34.6334338092356,1/(normalized_rate),21814.2860140285,-8.5265128291212e-13,-54669.7360538686,1.52340362546965e-11,-150.269463728407,7.02016222930979e-12,21794.8217758891,-8.5265128291212e-13,-54631.577350778,2.27373675443232e-13,150.424502372215,-7.33280103304423e-12,3.31412509334887e-06,1,VALID_CENTRAL_DIFFERENCE
B45_V035,45,35,BODY_RATE,q,1,0.01,rad/s,Cn_q,7.17648163117701e-10,N*m/(rad/s),2.47972586327248e-13,1/(normalized_rate),21814.2860140285,-8.5265128291212e-13,-54669.7360538686,1.52340362546965e-11,-150.269463728407,7.02016222930979e-12,21794.8217758891,-8.5265128291212e-13,-54631.577350778,2.27373675443232e-13,150.424502372215,-7.33280103304423e-12,0.254503349491906,1,VALID_CENTRAL_DIFFERENCE
B45_V035,45,35,BODY_RATE,q,2,0.001,rad/s,CX_q,973.216777152629,N/(rad/s),3.36280497450428,1/(normalized_rate),21805.5117512398,-7.95807864051312e-13,-54652.5796867044,1.43245415529236e-11,-15.0339664431529,2.8421709430404e-13,21803.5653176855,-5.6843418860808e-13,-54648.7637965471,2.27373675443232e-13,15.0355298209815,3.69482222595252e-13,5.00421039233956e-06,1,VALID_CENTRAL_DIFFERENCE
B45_V035,45,35,BODY_RATE,q,2,0.001,rad/s,CY_q,-1.13686837721616e-10,N/(rad/s),-3.92827859528314e-13,1/(normalized_rate),21805.5117512398,-7.95807864051312e-13,-54652.5796867044,1.43245415529236e-11,-15.0339664431529,2.8421709430404e-13,21803.5653176855,-5.6843418860808e-13,-54648.7637965471,2.27373675443232e-13,15.0355298209815,3.69482222595252e-13,0.102135243477362,1,VALID_CENTRAL_DIFFERENCE
B45_V035,45,35,BODY_RATE,q,2,0.001,rad/s,CZ_q,-1907.9450786121,N/(rad/s),-6.5926187793529,1/(normalized_rate),21805.5117512398,-7.95807864051312e-13,-54652.5796867044,1.43245415529236e-11,-15.0339664431529,2.8421709430404e-13,21803.5653176855,-5.6843418860808e-13,-54648.7637965471,2.27373675443232e-13,15.0355298209815,3.69482222595252e-13,5.201450964567e-06,1,VALID_CENTRAL_DIFFERENCE
B45_V035,45,35,BODY_RATE,q,2,0.001,rad/s,Cl_q,7.04858393874019e-09,N*m/(rad/s),2.43553272907554e-12,1/(normalized_rate),21805.5117512398,-7.95807864051312e-13,-54652.5796867044,1.43245415529236e-11,-15.0339664431529,2.8421709430404e-13,21803.5653176855,-5.6843418860808e-13,-54648.7637965471,2.27373675443232e-13,15.0355298209815,3.69482222595252e-13,0.538959823272846,1,VALID_CENTRAL_DIFFERENCE
B45_V035,45,35,BODY_RATE,q,2,0.001,rad/s,Cm_q,-15034.7481320672,N*m/(rad/s),-34.633548589148,1/(normalized_rate),21805.5117512398,-7.95807864051312e-13,-54652.5796867044,1.43245415529236e-11,-15.0339664431529,2.8421709430404e-13,21803.5653176855,-5.6843418860808e-13,-54648.7637965471,2.27373675443232e-13,15.0355298209815,3.69482222595252e-13,3.31412509334887e-06,1,VALID_CENTRAL_DIFFERENCE
B45_V035,45,35,BODY_RATE,q,2,0.001,rad/s,Cn_q,-4.2632564145606e-11,N*m/(rad/s),-1.47310447323118e-14,1/(normalized_rate),21805.5117512398,-7.95807864051312e-13,-54652.5796867044,1.43245415529236e-11,-15.0339664431529,2.8421709430404e-13,21803.5653176855,-5.6843418860808e-13,-54648.7637965471,2.27373675443232e-13,15.0355298209815,3.69482222595252e-13,0.254503349491906,1,VALID_CENTRAL_DIFFERENCE
B45_V035,45,35,BODY_RATE,q,3,0.0001,rad/s,CX_q,973.216825859708,N/(rad/s),3.36280514280431,1/(normalized_rate),21804.6357025408,2.8421709430404e-13,-54650.86268654,-1.52340362546965e-11,-1.50346056808699,1.44382283906452e-11,21804.4410591756,-2.8421709430404e-13,-54650.4810975045,1.45519152283669e-11,1.50348915797862,-2.8421709430404e-13,5.00421039233956e-06,1,VALID_CENTRAL_DIFFERENCE
B45_V035,45,35,BODY_RATE,q,3,0.0001,rad/s,CY_q,2.8421709430404e-09,N/(rad/s),9.82069648820784e-12,1/(normalized_rate),21804.6357025408,2.8421709430404e-13,-54650.86268654,-1.52340362546965e-11,-1.50346056808699,1.44382283906452e-11,21804.4410591756,-2.8421709430404e-13,-54650.4810975045,1.45519152283669e-11,1.50348915797862,-2.8421709430404e-13,0.102135243477362,1,VALID_CENTRAL_DIFFERENCE
B45_V035,45,35,BODY_RATE,q,3,0.0001,rad/s,CZ_q,-1907.94517780887,N/(rad/s),-6.5926191221125,1/(normalized_rate),21804.6357025408,2.8421709430404e-13,-54650.86268654,-1.52340362546965e-11,-1.50346056808699,1.44382283906452e-11,21804.4410591756,-2.8421709430404e-13,-54650.4810975045,1.45519152283669e-11,1.50348915797862,-2.8421709430404e-13,5.201450964567e-06,1,VALID_CENTRAL_DIFFERENCE
B45_V035,45,35,BODY_RATE,q,3,0.0001,rad/s,Cl_q,-1.48929757415317e-07,N*m/(rad/s),-5.14604495982091e-11,1/(normalized_rate),21804.6357025408,2.8421709430404e-13,-54650.86268654,-1.52340362546965e-11,-1.50346056808699,1.44382283906452e-11,21804.4410591756,-2.8421709430404e-13,-54650.4810975045,1.45519152283669e-11,1.50348915797862,-2.8421709430404e-13,0.538959823272846,1,VALID_CENTRAL_DIFFERENCE
B45_V035,45,35,BODY_RATE,q,3,0.0001,rad/s,Cm_q,-15034.7486303281,N*m/(rad/s),-34.6335497369253,1/(normalized_rate),21804.6357025408,2.8421709430404e-13,-54650.86268654,-1.52340362546965e-11,-1.50346056808699,1.44382283906452e-11,21804.4410591756,-2.8421709430404e-13,-54650.4810975045,1.45519152283669e-11,1.50348915797862,-2.8421709430404e-13,3.31412509334887e-06,1,VALID_CENTRAL_DIFFERENCE
B45_V035,45,35,BODY_RATE,q,3,0.0001,rad/s,Cn_q,7.36122274247464e-08,N*m/(rad/s),2.54356039044583e-11,1/(normalized_rate),21804.6357025408,2.8421709430404e-13,-54650.86268654,-1.52340362546965e-11,-1.50346056808699,1.44382283906452e-11,21804.4410591756,-2.8421709430404e-13,-54650.4810975045,1.45519152283669e-11,1.50348915797862,-2.8421709430404e-13,0.254503349491906,1,VALID_CENTRAL_DIFFERENCE
B45_V035,45,35,BODY_RATE,r,1,0.01,rad/s,CX_r,0,N/(rad/s),0,1/(normalized_rate),21804.5307865535,2.71415525292494,-54650.6549537775,-197.453368677155,0.000701856903702947,-197.940023274957,21804.5307865535,-2.71415525292442,-54650.6549537775,197.453368677198,0.000701856904612441,197.940023274958,0,1,VALID_CENTRAL_DIFFERENCE
B45_V035,45,35,BODY_RATE,r,1,0.01,rad/s,CY_r,271.415525292468,N/(rad/s),0.140675361343683,1/(normalized_rate),21804.5307865535,2.71415525292494,-54650.6549537775,-197.453368677155,0.000701856903702947,-197.940023274957,21804.5307865535,-2.71415525292442,-54650.6549537775,197.453368677198,0.000701856904612441,197.940023274958,1.32463375930564e-08,1,VALID_CENTRAL_DIFFERENCE
B45_V035,45,35,BODY_RATE,r,1,0.01,rad/s,CZ_r,0,N/(rad/s),0,1/(normalized_rate),21804.5307865535,2.71415525292494,-54650.6549537775,-197.453368677155,0.000701856903702947,-197.940023274957,21804.5307865535,-2.71415525292442,-54650.6549537775,197.453368677198,0.000701856904612441,197.940023274958,0.377114745147181,1,VALID_CENTRAL_DIFFERENCE
B45_V035,45,35,BODY_RATE,r,1,0.01,rad/s,Cl_r,-19745.3368677177,N*m/(rad/s),-1.02340586292026,1/(normalized_rate),21804.5307865535,2.71415525292494,-54650.6549537775,-197.453368677155,0.000701856903702947,-197.940023274957,21804.5307865535,-2.71415525292442,-54650.6549537775,197.453368677198,0.000701856904612441,197.940023274958,4.2993570181447e-07,1,VALID_CENTRAL_DIFFERENCE
B45_V035,45,35,BODY_RATE,r,1,0.01,rad/s,Cm_r,-4.54747350886464e-11,N*m/(rad/s),-1.57131143811325e-14,1/(normalized_rate),21804.5307865535,2.71415525292494,-54650.6549537775,-197.453368677155,0.000701856903702947,-197.940023274957,21804.5307865535,-2.71415525292442,-54650.6549537775,197.453368677198,0.000701856904612441,197.940023274958,0.0644237689626434,1,VALID_CENTRAL_DIFFERENCE
B45_V035,45,35,BODY_RATE,r,1,0.01,rad/s,Cn_r,-19794.0023274958,N*m/(rad/s),-1.02592820615462,1/(normalized_rate),21804.5307865535,2.71415525292494,-54650.6549537775,-197.453368677155,0.000701856903702947,-197.940023274957,21804.5307865535,-2.71415525292442,-54650.6549537775,197.453368677198,0.000701856904612441,197.940023274958,3.47760051368453e-07,1,VALID_CENTRAL_DIFFERENCE
B45_V035,45,35,BODY_RATE,r,2,0.001,rad/s,CX_r,0,N/(rad/s),0,1/(normalized_rate),21804.5383033791,0.271415528887019,-54650.6717241438,-19.7453453569759,1.34965979725621e-05,-19.7940092110794,21804.5383033791,-0.27141552888844,-54650.6717241438,19.7453453569173,1.34965970630674e-05,19.7940092110434,0,1,VALID_CENTRAL_DIFFERENCE
B45_V035,45,35,BODY_RATE,r,2,0.001,rad/s,CY_r,271.41552888773,N/(rad/s),0.140675363207116,1/(normalized_rate),21804.5383033791,0.271415528887019,-54650.6717241438,-19.7453453569759,1.34965979725621e-05,-19.7940092110794,21804.5383033791,-0.27141552888844,-54650.6717241438,19.7453453569173,1.34965970630674e-05,19.7940092110434,1.32463375930564e-08,1,VALID_CENTRAL_DIFFERENCE
B45_V035,45,35,BODY_RATE,r,2,0.001,rad/s,CZ_r,0,N/(rad/s),0,1/(normalized_rate),21804.5383033791,0.271415528887019,-54650.6717241438,-19.7453453569759,1.34965979725621e-05,-19.7940092110794,21804.5383033791,-0.27141552888844,-54650.6717241438,19.7453453569173,1.34965970630674e-05,19.7940092110434,0.377114745147181,1,VALID_CENTRAL_DIFFERENCE
B45_V035,45,35,BODY_RATE,r,2,0.001,rad/s,Cl_r,-19745.3453569466,N*m/(rad/s),-1.02340630291916,1/(normalized_rate),21804.5383033791,0.271415528887019,-54650.6717241438,-19.7453453569759,1.34965979725621e-05,-19.7940092110794,21804.5383033791,-0.27141552888844,-54650.6717241438,19.7453453569173,1.34965970630674e-05,19.7940092110434,4.2993570181447e-07,1,VALID_CENTRAL_DIFFERENCE
B45_V035,45,35,BODY_RATE,r,2,0.001,rad/s,Cm_r,4.54747350886464e-10,N*m/(rad/s),1.57131143811325e-13,1/(normalized_rate),21804.5383033791,0.271415528887019,-54650.6717241438,-19.7453453569759,1.34965979725621e-05,-19.7940092110794,21804.5383033791,-0.27141552888844,-54650.6717241438,19.7453453569173,1.34965970630674e-05,19.7940092110434,0.0644237689626434,1,VALID_CENTRAL_DIFFERENCE
B45_V035,45,35,BODY_RATE,r,2,0.001,rad/s,Cn_r,-19794.0092110614,N*m/(rad/s),-1.02592856293159,1/(normalized_rate),21804.5383033791,0.271415528887019,-54650.6717241438,-19.7453453569759,1.34965979725621e-05,-19.7940092110794,21804.5383033791,-0.27141552888844,-54650.6717241438,19.7453453569173,1.34965970630674e-05,19.7940092110434,3.47760051368453e-07,1,VALID_CENTRAL_DIFFERENCE
B45_V035,45,35,BODY_RATE,r,3,0.0001,rad/s,CX_r,0,N/(rad/s),0,1/(normalized_rate),21804.5383785473,0.0271415528896237,-54650.6718918474,-1.97453454419417,6.61302533444541e-06,-1.97940092797941,21804.5383785473,-0.0271415528895668,-54650.6718918475,1.9745345442085,6.61302897242422e-06,1.97940092800806,0,1,VALID_CENTRAL_DIFFERENCE
B45_V035,45,35,BODY_RATE,r,3,0.0001,rad/s,CY_r,271.415528895952,N/(rad/s),0.140675363211378,1/(normalized_rate),21804.5383785473,0.0271415528896237,-54650.6718918474,-1.97453454419417,6.61302533444541e-06,-1.97940092797941,21804.5383785473,-0.0271415528895668,-54650.6718918475,1.9745345442085,6.61302897242422e-06,1.97940092800806,1.32463375930564e-08,1,VALID_CENTRAL_DIFFERENCE
B45_V035,45,35,BODY_RATE,r,3,0.0001,rad/s,CZ_r,7.27595761418343e-08,N/(rad/s),3.77114745147181e-11,1/(normalized_rate),21804.5383785473,0.0271415528896237,-54650.6718918474,-1.97453454419417,6.61302533444541e-06,-1.97940092797941,21804.5383785473,-0.0271415528895668,-54650.6718918475,1.9745345442085,6.61302897242422e-06,1.97940092800806,0.377114745147181,1,VALID_CENTRAL_DIFFERENCE
B45_V035,45,35,BODY_RATE,r,3,0.0001,rad/s,Cl_r,-19745.3454420134,N*m/(rad/s),-1.02340630732819,1/(normalized_rate),21804.5383785473,0.0271415528896237,-54650.6718918474,-1.97453454419417,6.61302533444541e-06,-1.97940092797941,21804.5383785473,-0.0271415528895668,-54650.6718918475,1.9745345442085,6.61302897242422e-06,1.97940092800806,4.2993570181447e-07,1,VALID_CENTRAL_DIFFERENCE
B45_V035,45,35,BODY_RATE,r,3,0.0001,rad/s,Cm_r,-1.81898940354586e-08,N*m/(rad/s),-6.28524575245302e-12,1/(normalized_rate),21804.5383785473,0.0271415528896237,-54650.6718918474,-1.97453454419417,6.61302533444541e-06,-1.97940092797941,21804.5383785473,-0.0271415528895668,-54650.6718918475,1.9745345442085,6.61302897242422e-06,1.97940092800806,0.0644237689626434,1,VALID_CENTRAL_DIFFERENCE
B45_V035,45,35,BODY_RATE,r,3,0.0001,rad/s,Cn_r,-19794.0092799373,N*m/(rad/s),-1.02592856650145,1/(normalized_rate),21804.5383785473,0.0271415528896237,-54650.6718918474,-1.97453454419417,6.61302533444541e-06,-1.97940092797941,21804.5383785473,-0.0271415528895668,-54650.6718918475,1.9745345442085,6.61302897242422e-06,1.97940092800806,3.47760051368453e-07,1,VALID_CENTRAL_DIFFERENCE
B75_V080,75,80,BODY_RATE,p,1,0.01,rad/s,CX_p,1.81898940354586e-10,N/(rad/s),4.12469252504729e-14,1/(normalized_rate),8281.92652631993,-1.23573455664008,-58254.0823778026,-276.627412332769,0.00397778451872455,-151.281253765274,8281.92652631992,1.23573455663967,-58254.0823778026,276.62741233277,0.00397778451690556,151.281253765281,0.00206234626252365,1,VALID_CENTRAL_DIFFERENCE
B75_V080,75,80,BODY_RATE,p,1,0.01,rad/s,CY_p,-123.573455663988,N/(rad/s),-0.0280211917605414,1/(normalized_rate),8281.92652631993,-1.23573455664008,-58254.0823778026,-276.627412332769,0.00397778451872455,-151.281253765274,8281.92652631992,1.23573455663967,-58254.0823778026,276.62741233277,0.00397778451690556,151.281253765281,5.68451373027284e-08,1,VALID_CENTRAL_DIFFERENCE
B75_V080,75,80,BODY_RATE,p,1,0.01,rad/s,CZ_p,0,N/(rad/s),0,1/(normalized_rate),8281.92652631993,-1.23573455664008,-58254.0823778026,-276.627412332769,0.00397778451872455,-151.281253765274,8281.92652631992,1.23573455663967,-58254.0823778026,276.62741233277,0.00397778451690556,151.281253765281,0,1,VALID_CENTRAL_DIFFERENCE
B75_V080,75,80,BODY_RATE,p,1,0.01,rad/s,Cl_p,-27662.7412332769,N*m/(rad/s),-0.627273043838479,1/(normalized_rate),8281.92652631993,-1.23573455664008,-58254.0823778026,-276.627412332769,0.00397778451872455,-151.281253765274,8281.92652631992,1.23573455663967,-58254.0823778026,276.62741233277,0.00397778451690556,151.281253765281,4.61839659088304e-08,1,VALID_CENTRAL_DIFFERENCE
B75_V080,75,80,BODY_RATE,p,1,0.01,rad/s,Cm_p,9.09494701772928e-11,N*m/(rad/s),1.3748975083491e-14,1/(normalized_rate),8281.92652631993,-1.23573455664008,-58254.0823778026,-276.627412332769,0.00397778451872455,-151.281253765274,8281.92652631992,1.23573455663967,-58254.0823778026,276.62741233277,0.00397778451690556,151.281253765281,0.00013748975083491,1,VALID_CENTRAL_DIFFERENCE
B75_V080,75,80,BODY_RATE,p,1,0.01,rad/s,Cn_p,-15128.1253765277,N*m/(rad/s),-0.343041391757999,1/(normalized_rate),8281.92652631993,-1.23573455664008,-58254.0823778026,-276.627412332769,0.00397778451872455,-151.281253765274,8281.92652631992,1.23573455663967,-58254.0823778026,276.62741233277,0.00397778451690556,151.281253765281,3.68613310217427e-07,1,VALID_CENTRAL_DIFFERENCE
B75_V080,75,80,BODY_RATE,p,2,0.001,rad/s,CX_p,9.09494701772928e-10,N/(rad/s),2.06234626252365e-13,1/(normalized_rate),8281.91594489043,-0.123573462687996,-58254.1298662212,-27.6627425108448,1.93766769029935e-05,-15.1281309529457,8281.91594489043,0.12357346268908,-58254.1298662212,27.6627425108594,1.93766769029935e-05,15.1281309529707,0.00206234626252365,1,VALID_CENTRAL_DIFFERENCE
B75_V080,75,80,BODY_RATE,p,2,0.001,rad/s,CY_p,-123.573462688538,N/(rad/s),-0.02802119335341,1/(normalized_rate),8281.91594489043,-0.123573462687996,-58254.1298662212,-27.6627425108448,1.93766769029935e-05,-15.1281309529457,8281.91594489043,0.12357346268908,-58254.1298662212,27.6627425108594,1.93766769029935e-05,15.1281309529707,5.68451373027284e-08,1,VALID_CENTRAL_DIFFERENCE
B75_V080,75,80,BODY_RATE,p,2,0.001,rad/s,CZ_p,0,N/(rad/s),0,1/(normalized_rate),8281.91594489043,-0.123573462687996,-58254.1298662212,-27.6627425108448,1.93766769029935e-05,-15.1281309529457,8281.91594489043,0.12357346268908,-58254.1298662212,27.6627425108594,1.93766769029935e-05,15.1281309529707,0,1,VALID_CENTRAL_DIFFERENCE
B75_V080,75,80,BODY_RATE,p,2,0.001,rad/s,Cl_p,-27662.7425108521,N*m/(rad/s),-0.627273072808438,1/(normalized_rate),8281.91594489043,-0.123573462687996,-58254.1298662212,-27.6627425108448,1.93766769029935e-05,-15.1281309529457,8281.91594489043,0.12357346268908,-58254.1298662212,27.6627425108594,1.93766769029935e-05,15.1281309529707,4.61839659088304e-08,1,VALID_CENTRAL_DIFFERENCE
B75_V080,75,80,BODY_RATE,p,2,0.001,rad/s,Cm_p,0,N*m/(rad/s),0,1/(normalized_rate),8281.91594489043,-0.123573462687996,-58254.1298662212,-27.6627425108448,1.93766769029935e-05,-15.1281309529457,8281.91594489043,0.12357346268908,-58254.1298662212,27.6627425108594,1.93766769029935e-05,15.1281309529707,0.00013748975083491,1,VALID_CENTRAL_DIFFERENCE
B75_V080,75,80,BODY_RATE,p,2,0.001,rad/s,Cn_p,-15128.1309529582,N*m/(rad/s),-0.343041518207668,1/(normalized_rate),8281.91594489043,-0.123573462687996,-58254.1298662212,-27.6627425108448,1.93766769029935e-05,-15.1281309529457,8281.91594489043,0.12357346268908,-58254.1298662212,27.6627425108594,1.93766769029935e-05,15.1281309529707,3.68613310217427e-07,1,VALID_CENTRAL_DIFFERENCE
B75_V080,75,80,BODY_RATE,p,3,0.0001,rad/s,CX_p,0,N/(rad/s),0,1/(normalized_rate),8281.9158390761,-0.0123573462724859,-58254.1303411058,-2.76627425233085,-2.02074420343479e-05,-1.51281310084695,8281.9158390761,0.0123573462746495,-58254.1303411058,2.76627425233085,-2.02074420343479e-05,1.51281310086196,0.00206234626252365,1,VALID_CENTRAL_DIFFERENCE
B75_V080,75,80,BODY_RATE,p,3,0.0001,rad/s,CY_p,-123.573462735677,N/(rad/s),-0.0280211933640991,1/(normalized_rate),8281.9158390761,-0.0123573462724859,-58254.1303411058,-2.76627425233085,-2.02074420343479e-05,-1.51281310084695,8281.9158390761,0.0123573462746495,-58254.1303411058,2.76627425233085,-2.02074420343479e-05,1.51281310086196,5.68451373027284e-08,1,VALID_CENTRAL_DIFFERENCE
B75_V080,75,80,BODY_RATE,p,3,0.0001,rad/s,CZ_p,0,N/(rad/s),0,1/(normalized_rate),8281.9158390761,-0.0123573462724859,-58254.1303411058,-2.76627425233085,-2.02074420343479e-05,-1.51281310084695,8281.9158390761,0.0123573462746495,-58254.1303411058,2.76627425233085,-2.02074420343479e-05,1.51281310086196,0,1,VALID_CENTRAL_DIFFERENCE
B75_V080,75,80,BODY_RATE,p,3,0.0001,rad/s,Cl_p,-27662.7425233085,N*m/(rad/s),-0.627273073090897,1/(normalized_rate),8281.9158390761,-0.0123573462724859,-58254.1303411058,-2.76627425233085,-2.02074420343479e-05,-1.51281310084695,8281.9158390761,0.0123573462746495,-58254.1303411058,2.76627425233085,-2.02074420343479e-05,1.51281310086196,4.61839659088304e-08,1,VALID_CENTRAL_DIFFERENCE
B75_V080,75,80,BODY_RATE,p,3,0.0001,rad/s,Cm_p,0,N*m/(rad/s),0,1/(normalized_rate),8281.9158390761,-0.0123573462724859,-58254.1303411058,-2.76627425233085,-2.02074420343479e-05,-1.51281310084695,8281.9158390761,0.0123573462746495,-58254.1303411058,2.76627425233085,-2.02074420343479e-05,1.51281310086196,0.00013748975083491,1,VALID_CENTRAL_DIFFERENCE
B75_V080,75,80,BODY_RATE,p,3,0.0001,rad/s,Cn_p,-15128.1310085445,N*m/(rad/s),-0.34304151946813,1/(normalized_rate),8281.9158390761,-0.0123573462724859,-58254.1303411058,-2.76627425233085,-2.02074420343479e-05,-1.51281310084695,8281.9158390761,0.0123573462746495,-58254.1303411058,2.76627425233085,-2.02074420343479e-05,1.51281310086196,3.68613310217427e-07,1,VALID_CENTRAL_DIFFERENCE
B75_V080,75,80,BODY_RATE,q,1,0.01,rad/s,CX_q,1061.29509828752,N/(rad/s),1.60437656581636,1/(normalized_rate),8292.55343385994,-7.35411731511704e-13,-58307.1239723883,9.09494701772928e-12,-377.458382796668,1.81898940354586e-11,8271.32753189419,-7.28306304154103e-13,-58201.1583190832,-3.63797880709171e-12,377.350946084409,4.54747350886464e-13,8.30877674919386e-07,1,VALID_CENTRAL_DIFFERENCE
B75_V080,75,80,BODY_RATE,q,1,0.01,rad/s,CY_q,-3.5527136788005e-13,N/(rad/s),-5.37069339198866e-16,1/(normalized_rate),8292.55343385994,-7.35411731511704e-13,-58307.1239723883,9.09494701772928e-12,-377.458382796668,1.81898940354586e-11,8271.32753189419,-7.28306304154103e-13,-58201.1583190832,-3.63797880709171e-12,377.350946084409,4.54747350886464e-13,0.0773648383115967,1,VALID_CENTRAL_DIFFERENCE
B75_V080,75,80,BODY_RATE,q,1,0.01,rad/s,CZ_q,-5298.28266525728,N/(rad/s),-8.0094976043194,1/(normalized_rate),8292.55343385994,-7.35411731511704e-13,-58307.1239723883,9.09494701772928e-12,-377.458382796668,1.81898940354586e-11,8271.32753189419,-7.28306304154103e-13,-58201.1583190832,-3.63797880709171e-12,377.350946084409,4.54747350886464e-13,1.3886309976347e-06,1,VALID_CENTRAL_DIFFERENCE
B75_V080,75,80,BODY_RATE,q,1,0.01,rad/s,Cl_q,6.3664629124105e-10,N*m/(rad/s),9.62428255844368e-14,1/(normalized_rate),8292.55343385994,-7.35411731511704e-13,-58307.1239723883,9.09494701772928e-12,-377.458382796668,1.81898940354586e-11,8271.32753189419,-7.28306304154103e-13,-58201.1583190832,-3.63797880709171e-12,377.350946084409,4.54747350886464e-13,0.0962428255844368,1,VALID_CENTRAL_DIFFERENCE
B75_V080,75,80,BODY_RATE,q,1,0.01,rad/s,Cm_q,-37740.4664440538,N*m/(rad/s),-38.0352395505708,1/(normalized_rate),8292.55343385994,-7.35411731511704e-13,-58307.1239723883,9.09494701772928e-12,-377.458382796668,1.81898940354586e-11,8271.32753189419,-7.28306304154103e-13,-58201.1583190832,-3.63797880709171e-12,377.350946084409,4.54747350886464e-13,9.94364410636048e-07,1,VALID_CENTRAL_DIFFERENCE
B75_V080,75,80,BODY_RATE,q,1,0.01,rad/s,Cn_q,8.86757334228605e-10,N*m/(rad/s),1.34052507064037e-13,1/(normalized_rate),8292.55343385994,-7.35411731511704e-13,-58307.1239723883,9.09494701772928e-12,-377.458382796668,1.81898940354586e-11,8271.32753189419,-7.28306304154103e-13,-58201.1583190832,-3.63797880709171e-12,377.350946084409,4.54747350886464e-13,0.0127178019522292,1,VALID_CENTRAL_DIFFERENCE
B75_V080,75,80,BODY_RATE,q,2,0.001,rad/s,CX_q,1061.29598009466,N/(rad/s),1.60437789885813,1/(normalized_rate),8282.97738043633,0,-58259.4287439238,-5.45696821063757e-12,-37.7410615577142,-6.82121026329696e-12,8280.85478847614,-1.81188397618826e-13,-58248.8321638786,-5.45696821063757e-12,37.7399463860215,-1.45519152283669e-11,8.30877674919386e-07,1,VALID_CENTRAL_DIFFERENCE
B75_V080,75,80,BODY_RATE,q,2,0.001,rad/s,CY_q,9.05941988094128e-11,N/(rad/s),1.36952681495711e-13,1/(normalized_rate),8282.97738043633,0,-58259.4287439238,-5.45696821063757e-12,-37.7410615577142,-6.82121026329696e-12,8280.85478847614,-1.81188397618826e-13,-58248.8321638786,-5.45696821063757e-12,37.7399463860215,-1.45519152283669e-11,0.0773648383115967,1,VALID_CENTRAL_DIFFERENCE
B75_V080,75,80,BODY_RATE,q,2,0.001,rad/s,CZ_q,-5298.29002262704,N/(rad/s),-8.00950872657149,1/(normalized_rate),8282.97738043633,0,-58259.4287439238,-5.45696821063757e-12,-37.7410615577142,-6.82121026329696e-12,8280.85478847614,-1.81188397618826e-13,-58248.8321638786,-5.45696821063757e-12,37.7399463860215,-1.45519152283669e-11,1.3886309976347e-06,1,VALID_CENTRAL_DIFFERENCE
B75_V080,75,80,BODY_RATE,q,2,0.001,rad/s,Cl_q,0,N*m/(rad/s),0,1/(normalized_rate),8282.97738043633,0,-58259.4287439238,-5.45696821063757e-12,-37.7410615577142,-6.82121026329696e-12,8280.85478847614,-1.81188397618826e-13,-58248.8321638786,-5.45696821063757e-12,37.7399463860215,-1.45519152283669e-11,0.0962428255844368,1,VALID_CENTRAL_DIFFERENCE
B75_V080,75,80,BODY_RATE,q,2,0.001,rad/s,Cm_q,-37740.5039718678,N*m/(rad/s),-38.0352773714969,1/(normalized_rate),8282.97738043633,0,-58259.4287439238,-5.45696821063757e-12,-37.7410615577142,-6.82121026329696e-12,8280.85478847614,-1.81188397618826e-13,-58248.8321638786,-5.45696821063757e-12,37.7399463860215,-1.45519152283669e-11,9.94364410636048e-07,1,VALID_CENTRAL_DIFFERENCE
B75_V080,75,80,BODY_RATE,q,2,0.001,rad/s,Cn_q,3.86535248253495e-09,N*m/(rad/s),5.84331441048367e-13,1/(normalized_rate),8282.97738043633,0,-58259.4287439238,-5.45696821063757e-12,-37.7410615577142,-6.82121026329696e-12,8280.85478847614,-1.81188397618826e-13,-58248.8321638786,-5.45696821063757e-12,37.7399463860215,-1.45519152283669e-11,0.0127178019522292,1,VALID_CENTRAL_DIFFERENCE
B75_V080,75,80,BODY_RATE,q,3,0.0001,rad/s,CX_q,1061.29598892949,N/(rad/s),1.60437791221389,1/(normalized_rate),8282.02197007067,-1.80122583515185e-12,-58254.6601759922,1.2732925824821e-11,-3.77407641178056,-4.54747350886464e-13,8281.80971087288,-7.95807864051312e-13,-58253.600517973,0,3.7740244576388,4.54747350886464e-13,8.30877674919386e-07,1,VALID_CENTRAL_DIFFERENCE
B75_V080,75,80,BODY_RATE,q,3,0.0001,rad/s,CY_q,-5.02708985550271e-09,N/(rad/s),-7.59953114966396e-12,1/(normalized_rate),8282.02197007067,-1.80122583515185e-12,-58254.6601759922,1.2732925824821e-11,-3.77407641178056,-4.54747350886464e-13,8281.80971087288,-7.95807864051312e-13,-58253.600517973,0,3.7740244576388,4.54747350886464e-13,0.0773648383115967,1,VALID_CENTRAL_DIFFERENCE
B75_V080,75,80,BODY_RATE,q,3,0.0001,rad/s,CZ_q,-5298.29009625246,N/(rad/s),-8.0095088378722,1/(normalized_rate),8282.02197007067,-1.80122583515185e-12,-58254.6601759922,1.2732925824821e-11,-3.77407641178056,-4.54747350886464e-13,8281.80971087288,-7.95807864051312e-13,-58253.600517973,0,3.7740244576388,4.54747350886464e-13,1.3886309976347e-06,1,VALID_CENTRAL_DIFFERENCE
B75_V080,75,80,BODY_RATE,q,3,0.0001,rad/s,Cl_q,6.3664629124105e-08,N*m/(rad/s),9.62428255844368e-12,1/(normalized_rate),8282.02197007067,-1.80122583515185e-12,-58254.6601759922,1.2732925824821e-11,-3.77407641178056,-4.54747350886464e-13,8281.80971087288,-7.95807864051312e-13,-58253.600517973,0,3.7740244576388,4.54747350886464e-13,0.0962428255844368,1,VALID_CENTRAL_DIFFERENCE
B75_V080,75,80,BODY_RATE,q,3,0.0001,rad/s,Cm_q,-37740.5043470968,N*m/(rad/s),-38.0352777496566,1/(normalized_rate),8282.02197007067,-1.80122583515185e-12,-58254.6601759922,1.2732925824821e-11,-3.77407641178056,-4.54747350886464e-13,8281.80971087288,-7.95807864051312e-13,-58253.600517973,0,3.7740244576388,4.54747350886464e-13,9.94364410636048e-07,1,VALID_CENTRAL_DIFFERENCE
B75_V080,75,80,BODY_RATE,q,3,0.0001,rad/s,Cn_q,-4.54747350886464e-09,N*m/(rad/s),-6.87448754174549e-13,1/(normalized_rate),8282.02197007067,-1.80122583515185e-12,-58254.6601759922,1.2732925824821e-11,-3.77407641178056,-4.54747350886464e-13,8281.80971087288,-7.95807864051312e-13,-58253.600517973,0,3.7740244576388,4.54747350886464e-13,0.0127178019522292,1,VALID_CENTRAL_DIFFERENCE
B75_V080,75,80,BODY_RATE,r,1,0.01,rad/s,CX_r,0,N/(rad/s),0,1/(normalized_rate),8281.91251623982,14.90573800299,-58254.1281076401,-155.654204807343,0.0076574890187544,-568.340474137664,8281.91251623982,-14.9057380029916,-58254.1281076401,155.654204807343,0.0076574890187544,568.340474137656,0.00618703878757094,1,VALID_CENTRAL_DIFFERENCE
B75_V080,75,80,BODY_RATE,r,1,0.01,rad/s,CY_r,1490.57380029908,N/(rad/s),0.337998594172126,1/(normalized_rate),8281.91251623982,14.90573800299,-58254.1281076401,-155.654204807343,0.0076574890187544,-568.340474137664,8281.91251623982,-14.9057380029916,-58254.1281076401,155.654204807343,0.0076574890187544,568.340474137656,1.48584842570745e-08,1,VALID_CENTRAL_DIFFERENCE
B75_V080,75,80,BODY_RATE,r,1,0.01,rad/s,CZ_r,0,N/(rad/s),0,1/(normalized_rate),8281.91251623982,14.90573800299,-58254.1281076401,-155.654204807343,0.0076574890187544,-568.340474137664,8281.91251623982,-14.9057380029916,-58254.1281076401,155.654204807343,0.0076574890187544,568.340474137656,0,1,VALID_CENTRAL_DIFFERENCE
B75_V080,75,80,BODY_RATE,r,1,0.01,rad/s,Cl_r,-15565.4204807343,N*m/(rad/s),-0.352957380515516,1/(normalized_rate),8281.91251623982,14.90573800299,-58254.1281076401,-155.654204807343,0.0076574890187544,-568.340474137664,8281.91251623982,-14.9057380029916,-58254.1281076401,155.654204807343,0.0076574890187544,568.340474137656,1.76310032030775e-07,1,VALID_CENTRAL_DIFFERENCE
B75_V080,75,80,BODY_RATE,r,1,0.01,rad/s,Cm_r,0,N*m/(rad/s),0,1/(normalized_rate),8281.91251623982,14.90573800299,-58254.1281076401,-155.654204807343,0.0076574890187544,-568.340474137664,8281.91251623982,-14.9057380029916,-58254.1281076401,155.654204807343,0.0076574890187544,568.340474137656,0.0013748975083491,1,VALID_CENTRAL_DIFFERENCE
B75_V080,75,80,BODY_RATE,r,1,0.01,rad/s,Cn_r,-56834.047413766,N*m/(rad/s),-1.28875390960921,1/(normalized_rate),8281.91251623982,14.90573800299,-58254.1281076401,-155.654204807343,0.0076574890187544,-568.340474137664,8281.91251623982,-14.9057380029916,-58254.1281076401,155.654204807343,0.0076574890187544,568.340474137656,1.42604518918539e-07,1,VALID_CENTRAL_DIFFERENCE
B75_V080,75,80,BODY_RATE,r,2,0.001,rad/s,CX_r,-2.72848410531878e-09,N/(rad/s),-6.18703878757094e-13,1/(normalized_rate),8281.91580478959,1.49057382244759,-58254.13032352,-15.5654232250663,5.61736867439322e-05,-56.8340555185555,8281.91580478959,-1.4905738224459,-58254.13032352,15.5654232250827,5.61736849249428e-05,56.8340555185628,0.00618703878757094,1,VALID_CENTRAL_DIFFERENCE
B75_V080,75,80,BODY_RATE,r,2,0.001,rad/s,CY_r,1490.57382244674,N/(rad/s),0.337998599194273,1/(normalized_rate),8281.91580478959,1.49057382244759,-58254.13032352,-15.5654232250663,5.61736867439322e-05,-56.8340555185555,8281.91580478959,-1.4905738224459,-58254.13032352,15.5654232250827,5.61736849249428e-05,56.8340555185628,1.48584842570745e-08,1,VALID_CENTRAL_DIFFERENCE
B75_V080,75,80,BODY_RATE,r,2,0.001,rad/s,CZ_r,0,N/(rad/s),0,1/(normalized_rate),8281.91580478959,1.49057382244759,-58254.13032352,-15.5654232250663,5.61736867439322e-05,-56.8340555185555,8281.91580478959,-1.4905738224459,-58254.13032352,15.5654232250827,5.61736849249428e-05,56.8340555185628,0,1,VALID_CENTRAL_DIFFERENCE
B75_V080,75,80,BODY_RATE,r,2,0.001,rad/s,Cl_r,-15565.4232250745,N*m/(rad/s),-0.352957442745454,1/(normalized_rate),8281.91580478959,1.49057382244759,-58254.13032352,-15.5654232250663,5.61736867439322e-05,-56.8340555185555,8281.91580478959,-1.4905738224459,-58254.13032352,15.5654232250827,5.61736849249428e-05,56.8340555185628,1.76310032030775e-07,1,VALID_CENTRAL_DIFFERENCE
B75_V080,75,80,BODY_RATE,r,2,0.001,rad/s,Cm_r,9.09494701772928e-10,N*m/(rad/s),1.3748975083491e-13,1/(normalized_rate),8281.91580478959,1.49057382244759,-58254.13032352,-15.5654232250663,5.61736867439322e-05,-56.8340555185555,8281.91580478959,-1.4905738224459,-58254.13032352,15.5654232250827,5.61736849249428e-05,56.8340555185628,0.0013748975083491,1,VALID_CENTRAL_DIFFERENCE
B75_V080,75,80,BODY_RATE,r,2,0.001,rad/s,Cn_r,-56834.0555185592,N*m/(rad/s),-1.28875409339136,1/(normalized_rate),8281.91580478959,1.49057382244759,-58254.13032352,-15.5654232250663,5.61736867439322e-05,-56.8340555185555,8281.91580478959,-1.4905738224459,-58254.13032352,15.5654232250827,5.61736849249428e-05,56.8340555185628,1.42604518918539e-07,1,VALID_CENTRAL_DIFFERENCE
B75_V080,75,80,BODY_RATE,r,3,0.0001,rad/s,CX_r,0,N/(rad/s),0,1/(normalized_rate),8281.91583767511,0.149057382267256,-58254.1303456788,-1.55654232526046,-1.9839474418859e-05,-5.68340555998405,8281.91583767511,-0.149057382266251,-58254.1303456788,1.55654232525318,-1.9839474418859e-05,5.68340555996586,0.00618703878757094,1,VALID_CENTRAL_DIFFERENCE
B75_V080,75,80,BODY_RATE,r,3,0.0001,rad/s,CY_r,1490.57382266754,N/(rad/s),0.337998599244339,1/(normalized_rate),8281.91583767511,0.149057382267256,-58254.1303456788,-1.55654232526046,-1.9839474418859e-05,-5.68340555998405,8281.91583767511,-0.149057382266251,-58254.1303456788,1.55654232525318,-1.9839474418859e-05,5.68340555996586,1.48584842570745e-08,1,VALID_CENTRAL_DIFFERENCE
B75_V080,75,80,BODY_RATE,r,3,0.0001,rad/s,CZ_r,0,N/(rad/s),0,1/(normalized_rate),8281.91583767511,0.149057382267256,-58254.1303456788,-1.55654232526046,-1.9839474418859e-05,-5.68340555998405,8281.91583767511,-0.149057382266251,-58254.1303456788,1.55654232525318,-1.9839474418859e-05,5.68340555996586,0,1,VALID_CENTRAL_DIFFERENCE
B75_V080,75,80,BODY_RATE,r,3,0.0001,rad/s,Cl_r,-15565.4232525682,N*m/(rad/s),-0.352957443368893,1/(normalized_rate),8281.91583767511,0.149057382267256,-58254.1303456788,-1.55654232526046,-1.9839474418859e-05,-5.68340555998405,8281.91583767511,-0.149057382266251,-58254.1303456788,1.55654232525318,-1.9839474418859e-05,5.68340555996586,1.76310032030775e-07,1,VALID_CENTRAL_DIFFERENCE
B75_V080,75,80,BODY_RATE,r,3,0.0001,rad/s,Cm_r,0,N*m/(rad/s),0,1/(normalized_rate),8281.91583767511,0.149057382267256,-58254.1303456788,-1.55654232526046,-1.9839474418859e-05,-5.68340555998405,8281.91583767511,-0.149057382266251,-58254.1303456788,1.55654232525318,-1.9839474418859e-05,5.68340555996586,0.0013748975083491,1,VALID_CENTRAL_DIFFERENCE
B75_V080,75,80,BODY_RATE,r,3,0.0001,rad/s,Cn_r,-56834.0555997495,N*m/(rad/s),-1.28875409523242,1/(normalized_rate),8281.91583767511,0.149057382267256,-58254.1303456788,-1.55654232526046,-1.9839474418859e-05,-5.68340555998405,8281.91583767511,-0.149057382266251,-58254.1303456788,1.55654232525318,-1.9839474418859e-05,5.68340555996586,1.42604518918539e-07,1,VALID_CENTRAL_DIFFERENCE
