pointId,modelKind,modeIndex,realPartPerSecond,imagPartRadPerSecond,naturalFrequencyRadPerSecond,dampingRatio,oscillationPeriodSeconds,halfAmplitudeTimeSeconds,doublingTimeSeconds,realRootTimeConstantSeconds,stability,finiteRealMatrix
B15_V020,NINE_STATE_PHYSICAL_CONTROL,1,0,0,0,NaN,NaN,NaN,NaN,NaN,CRITICAL_OR_KINEMATIC,1
B15_V020,NINE_STATE_PHYSICAL_CONTROL,2,-2.34364826582606,0,2.34364826582606,1,NaN,0.295755634779792,NaN,0.426685187611773,STABLE,1
B15_V020,NINE_STATE_PHYSICAL_CONTROL,3,-0.062216247607313,0.505486045138905,0.509300503923278,0.122160192515116,12.4299876675191,11.1409351610988,NaN,NaN,STABLE,1
B15_V020,NINE_STATE_PHYSICAL_CONTROL,4,-0.062216247607313,-0.505486045138905,0.509300503923278,0.122160192515116,12.4299876675191,11.1409351610988,NaN,NaN,STABLE,1
B15_V020,NINE_STATE_PHYSICAL_CONTROL,5,-0.401553807125398,0.698392670051167,0.805603985589756,0.498450621283153,8.99663695886049,1.72616264186853,NaN,NaN,STABLE,1
B15_V020,NINE_STATE_PHYSICAL_CONTROL,6,-0.401553807125398,-0.698392670051167,0.805603985589756,0.498450621283153,8.99663695886049,1.72616264186853,NaN,NaN,STABLE,1
B15_V020,NINE_STATE_PHYSICAL_CONTROL,7,0.0782091472400241,0,0.0782091472400241,-1,NaN,NaN,8.86273799192152,NaN,UNSTABLE,1
B15_V020,NINE_STATE_PHYSICAL_CONTROL,8,-0.000311118344309497,0,0.000311118344309497,1,NaN,2227.92128216782,NaN,3214.2109852745,STABLE,1
B15_V020,NINE_STATE_PHYSICAL_CONTROL,9,0.0963053426987649,0,0.0963053426987649,-1,NaN,NaN,7.19739072761573,NaN,UNSTABLE,1
B15_V020,THIRTEEN_STATE_TORQUE,1,0,0,0,NaN,NaN,NaN,NaN,NaN,CRITICAL_OR_KINEMATIC,1
B15_V020,THIRTEEN_STATE_TORQUE,2,-2.34657414497128,0,2.34657414497128,1,NaN,0.295386865164846,NaN,0.426153165517061,STABLE,1
B15_V020,THIRTEEN_STATE_TORQUE,3,-0.0645326441584507,0.50595753718651,0.510056361197388,0.12652061432379,12.4184044023114,10.741031761507,NaN,NaN,STABLE,1
B15_V020,THIRTEEN_STATE_TORQUE,4,-0.0645326441584507,-0.50595753718651,0.510056361197388,0.12652061432379,12.4184044023114,10.741031761507,NaN,NaN,STABLE,1
B15_V020,THIRTEEN_STATE_TORQUE,5,-0.401553807125411,0.69839267005115,0.805603985589747,0.498450621283175,8.99663695886071,1.72616264186848,NaN,NaN,STABLE,1
B15_V020,THIRTEEN_STATE_TORQUE,6,-0.401553807125411,-0.69839267005115,0.805603985589747,0.498450621283175,8.99663695886071,1.72616264186848,NaN,NaN,STABLE,1
B15_V020,THIRTEEN_STATE_TORQUE,7,0.080192855558373,0,0.080192855558373,-1,NaN,NaN,8.64350291224382,NaN,UNSTABLE,1
B15_V020,THIRTEEN_STATE_TORQUE,8,-0.000311118344311874,0,0.000311118344311874,1,NaN,2227.9212821508,NaN,3214.21098524994,STABLE,1
B15_V020,THIRTEEN_STATE_TORQUE,9,0.0963053426987928,0,0.0963053426987928,-1,NaN,NaN,7.19739072761364,NaN,UNSTABLE,1
B15_V020,THIRTEEN_STATE_TORQUE,10,0,0,0,NaN,NaN,NaN,NaN,NaN,CRITICAL_OR_KINEMATIC,1
B15_V020,THIRTEEN_STATE_TORQUE,11,0,0,0,NaN,NaN,NaN,NaN,NaN,CRITICAL_OR_KINEMATIC,1
B15_V020,THIRTEEN_STATE_TORQUE,12,-3.6,0,3.6,1,NaN,0.192540883488874,NaN,0.277777777777778,STABLE,1
B15_V020,THIRTEEN_STATE_TORQUE,13,-3.6,0,3.6,1,NaN,0.192540883488874,NaN,0.277777777777778,STABLE,1
B15_V020,THIRTEEN_STATE_ANGLE_COMMAND,1,0,0,0,NaN,NaN,NaN,NaN,NaN,CRITICAL_OR_KINEMATIC,1
B15_V020,THIRTEEN_STATE_ANGLE_COMMAND,2,-2.34657414497127,0,2.34657414497127,1,NaN,0.295386865164847,NaN,0.426153165517061,STABLE,1
B15_V020,THIRTEEN_STATE_ANGLE_COMMAND,3,-0.0645326441584511,0.50595753718651,0.510056361197388,0.126520614323791,12.4184044023114,10.7410317615069,NaN,NaN,STABLE,1
B15_V020,THIRTEEN_STATE_ANGLE_COMMAND,4,-0.0645326441584511,-0.50595753718651,0.510056361197388,0.126520614323791,12.4184044023114,10.7410317615069,NaN,NaN,STABLE,1
B15_V020,THIRTEEN_STATE_ANGLE_COMMAND,5,-0.401553807125412,0.69839267005115,0.805603985589748,0.498450621283175,8.99663695886071,1.72616264186848,NaN,NaN,STABLE,1
B15_V020,THIRTEEN_STATE_ANGLE_COMMAND,6,-0.401553807125412,-0.69839267005115,0.805603985589748,0.498450621283175,8.99663695886071,1.72616264186848,NaN,NaN,STABLE,1
B15_V020,THIRTEEN_STATE_ANGLE_COMMAND,7,0.080192855558373,0,0.080192855558373,-1,NaN,NaN,8.64350291224383,NaN,UNSTABLE,1
B15_V020,THIRTEEN_STATE_ANGLE_COMMAND,8,-0.000311118344312149,0,0.000311118344312149,1,NaN,2227.92128214884,NaN,3214.21098524711,STABLE,1
B15_V020,THIRTEEN_STATE_ANGLE_COMMAND,9,0.0963053426987931,0,0.0963053426987931,-1,NaN,NaN,7.19739072761362,NaN,UNSTABLE,1
B15_V020,THIRTEEN_STATE_ANGLE_COMMAND,10,-3.2,2.39999999999963,3.99999999999978,0.800000000000044,2.61799387799189,0.216608493924983,NaN,NaN,STABLE,1
B15_V020,THIRTEEN_STATE_ANGLE_COMMAND,11,-3.2,-2.39999999999963,3.99999999999978,0.800000000000044,2.61799387799189,0.216608493924983,NaN,NaN,STABLE,1
B15_V020,THIRTEEN_STATE_ANGLE_COMMAND,12,-3.2,2.39999999999963,3.99999999999978,0.800000000000044,2.61799387799189,0.216608493924983,NaN,NaN,STABLE,1
B15_V020,THIRTEEN_STATE_ANGLE_COMMAND,13,-3.2,-2.39999999999963,3.99999999999978,0.800000000000044,2.61799387799189,0.216608493924983,NaN,NaN,STABLE,1
B45_V035,NINE_STATE_PHYSICAL_CONTROL,1,0,0,0,NaN,NaN,NaN,NaN,NaN,CRITICAL_OR_KINEMATIC,1
B45_V035,NINE_STATE_PHYSICAL_CONTROL,2,-2.02379041437368,0,2.02379041437368,1,NaN,0.342499487909898,NaN,0.49412231271462,STABLE,1
B45_V035,NINE_STATE_PHYSICAL_CONTROL,3,-0.084826644419235,0.771899848751982,0.776546802264203,0.109235714025096,8.13989705703185,8.17133797176078,NaN,NaN,STABLE,1
B45_V035,NINE_STATE_PHYSICAL_CONTROL,4,-0.084826644419235,-0.771899848751982,0.776546802264203,0.109235714025096,8.13989705703185,8.17133797176078,NaN,NaN,STABLE,1
B45_V035,NINE_STATE_PHYSICAL_CONTROL,5,-0.466884312172196,1.09948933963846,1.19451151896125,0.390857940472771,5.71463958827074,1.48462298365746,NaN,NaN,STABLE,1
B45_V035,NINE_STATE_PHYSICAL_CONTROL,6,-0.466884312172196,-1.09948933963846,1.19451151896125,0.390857940472771,5.71463958827074,1.48462298365746,NaN,NaN,STABLE,1
B45_V035,NINE_STATE_PHYSICAL_CONTROL,7,-0.0719542230297081,0,0.0719542230297081,1,NaN,9.63316885895303,NaN,13.8977249408575,STABLE,1
B45_V035,NINE_STATE_PHYSICAL_CONTROL,8,0.0399324342595329,0,0.0399324342595329,-1,NaN,NaN,17.357999666511,NaN,UNSTABLE,1
B45_V035,NINE_STATE_PHYSICAL_CONTROL,9,-0.0736063817633557,0,0.0736063817633557,1,NaN,9.41694407406699,NaN,13.5857785159852,STABLE,1
B45_V035,THIRTEEN_STATE_TORQUE,1,0,0,0,NaN,NaN,NaN,NaN,NaN,CRITICAL_OR_KINEMATIC,1
B45_V035,THIRTEEN_STATE_TORQUE,2,-2.02076256047343,0,2.02076256047343,1,NaN,0.343012679529035,NaN,0.494862691718573,STABLE,1
B45_V035,THIRTEEN_STATE_TORQUE,3,-0.0835719264873785,0.771942446478787,0.776453094251331,0.107632936369402,8.13944787702803,8.29401941170553,NaN,NaN,STABLE,1
B45_V035,THIRTEEN_STATE_TORQUE,4,-0.0835719264873785,-0.771942446478787,0.776453094251331,0.107632936369402,8.13944787702803,8.29401941170553,NaN,NaN,STABLE,1
B45_V035,THIRTEEN_STATE_TORQUE,5,-0.466884312172122,1.09948933963842,1.19451151896119,0.390857940472729,5.71463958827094,1.48462298365769,NaN,NaN,STABLE,1
B45_V035,THIRTEEN_STATE_TORQUE,6,-0.466884312172122,-1.09948933963842,1.19451151896119,0.390857940472729,5.71463958827094,1.48462298365769,NaN,NaN,STABLE,1
B45_V035,THIRTEEN_STATE_TORQUE,7,-0.0727992230424362,0,0.0727992230424362,1,NaN,9.52135409681358,NaN,13.7364103380208,STABLE,1
B45_V035,THIRTEEN_STATE_TORQUE,8,0.0399324342593311,0,0.0399324342593311,-1,NaN,NaN,17.3579996665988,NaN,UNSTABLE,1
B45_V035,THIRTEEN_STATE_TORQUE,9,-0.073606381763301,0,0.073606381763301,1,NaN,9.416944074074,NaN,13.5857785159953,STABLE,1
B45_V035,THIRTEEN_STATE_TORQUE,10,0,0,0,NaN,NaN,NaN,NaN,NaN,CRITICAL_OR_KINEMATIC,1
B45_V035,THIRTEEN_STATE_TORQUE,11,0,0,0,NaN,NaN,NaN,NaN,NaN,CRITICAL_OR_KINEMATIC,1
B45_V035,THIRTEEN_STATE_TORQUE,12,-3.6,0,3.6,1,NaN,0.192540883488874,NaN,0.277777777777778,STABLE,1
B45_V035,THIRTEEN_STATE_TORQUE,13,-3.6,0,3.6,1,NaN,0.192540883488874,NaN,0.277777777777778,STABLE,1
B45_V035,THIRTEEN_STATE_ANGLE_COMMAND,1,0,0,0,NaN,NaN,NaN,NaN,NaN,CRITICAL_OR_KINEMATIC,1
B45_V035,THIRTEEN_STATE_ANGLE_COMMAND,2,-2.02076256047343,0,2.02076256047343,1,NaN,0.343012679529034,NaN,0.494862691718573,STABLE,1
B45_V035,THIRTEEN_STATE_ANGLE_COMMAND,3,-0.0835719264873784,0.771942446478788,0.776453094251332,0.107632936369401,8.13944787702802,8.29401941170554,NaN,NaN,STABLE,1
B45_V035,THIRTEEN_STATE_ANGLE_COMMAND,4,-0.0835719264873784,-0.771942446478788,0.776453094251332,0.107632936369401,8.13944787702802,8.29401941170554,NaN,NaN,STABLE,1
B45_V035,THIRTEEN_STATE_ANGLE_COMMAND,5,-0.466884312172122,1.09948933963842,1.19451151896119,0.39085794047273,5.71463958827094,1.48462298365769,NaN,NaN,STABLE,1
B45_V035,THIRTEEN_STATE_ANGLE_COMMAND,6,-0.466884312172122,-1.09948933963842,1.19451151896119,0.39085794047273,5.71463958827094,1.48462298365769,NaN,NaN,STABLE,1
B45_V035,THIRTEEN_STATE_ANGLE_COMMAND,7,-0.072799223042436,0,0.072799223042436,1,NaN,9.5213540968136,NaN,13.7364103380208,STABLE,1
B45_V035,THIRTEEN_STATE_ANGLE_COMMAND,8,0.039932434259331,0,0.039932434259331,-1,NaN,NaN,17.3579996665988,NaN,UNSTABLE,1
B45_V035,THIRTEEN_STATE_ANGLE_COMMAND,9,-0.073606381763301,0,0.073606381763301,1,NaN,9.416944074074,NaN,13.5857785159953,STABLE,1
B45_V035,THIRTEEN_STATE_ANGLE_COMMAND,10,-3.2,2.39999999999963,3.99999999999978,0.800000000000044,2.61799387799189,0.216608493924983,NaN,NaN,STABLE,1
B45_V035,THIRTEEN_STATE_ANGLE_COMMAND,11,-3.2,-2.39999999999963,3.99999999999978,0.800000000000044,2.61799387799189,0.216608493924983,NaN,NaN,STABLE,1
B45_V035,THIRTEEN_STATE_ANGLE_COMMAND,12,-3.2,2.39999999999963,3.99999999999978,0.800000000000044,2.61799387799189,0.216608493924983,NaN,NaN,STABLE,1
B45_V035,THIRTEEN_STATE_ANGLE_COMMAND,13,-3.2,-2.39999999999963,3.99999999999978,0.800000000000044,2.61799387799189,0.216608493924983,NaN,NaN,STABLE,1
B75_V080,NINE_STATE_PHYSICAL_CONTROL,1,0,0,0,NaN,NaN,NaN,NaN,NaN,CRITICAL_OR_KINEMATIC,1
B75_V080,NINE_STATE_PHYSICAL_CONTROL,2,-0.559487505539383,1.61901017558244,1.71295657198137,0.326620951570434,3.88088067755301,1.23889662181411,NaN,NaN,STABLE,1
B75_V080,NINE_STATE_PHYSICAL_CONTROL,3,-0.559487505539383,-1.61901017558244,1.71295657198137,0.326620951570434,3.88088067755301,1.23889662181411,NaN,NaN,STABLE,1
B75_V080,NINE_STATE_PHYSICAL_CONTROL,4,-1.85826921904874,0,1.85826921904874,1,NaN,0.373006867602732,NaN,0.538135158107988,STABLE,1
B75_V080,NINE_STATE_PHYSICAL_CONTROL,5,-1.00563442109615,3.05576637333408,3.21698752209155,0.312601281226706,2.05617332594839,0.689263579307888,NaN,NaN,STABLE,1
B75_V080,NINE_STATE_PHYSICAL_CONTROL,6,-1.00563442109615,-3.05576637333408,3.21698752209155,0.312601281226706,2.05617332594839,0.689263579307888,NaN,NaN,STABLE,1
B75_V080,NINE_STATE_PHYSICAL_CONTROL,7,-0.0679341936349126,0,0.0679341936349126,1,NaN,10.2032149565948,NaN,14.7201276190034,STABLE,1
B75_V080,NINE_STATE_PHYSICAL_CONTROL,8,-0.272694649421002,0,0.272694649421002,1,NaN,2.54184371432174,NaN,3.66710532136676,STABLE,1
B75_V080,NINE_STATE_PHYSICAL_CONTROL,9,-0.0779334442457874,0,0.0779334442457874,1,NaN,8.89409145544613,NaN,12.831461635985,STABLE,1
B75_V080,THIRTEEN_STATE_TORQUE,1,0,0,0,NaN,NaN,NaN,NaN,NaN,CRITICAL_OR_KINEMATIC,1
B75_V080,THIRTEEN_STATE_TORQUE,2,-0.545327250073881,1.60140329689518,1.69170751874545,0.322353151494113,3.92354962635678,1.2710664659909,NaN,NaN,STABLE,1
B75_V080,THIRTEEN_STATE_TORQUE,3,-0.545327250073881,-1.60140329689518,1.69170751874545,0.322353151494113,3.92354962635678,1.2710664659909,NaN,NaN,STABLE,1
B75_V080,THIRTEEN_STATE_TORQUE,4,-1.67586321484035,0,1.67586321484035,1,NaN,0.413606059505266,NaN,0.596707410929873,STABLE,1
B75_V080,THIRTEEN_STATE_TORQUE,5,-0.0833895826988077,0,0.0833895826988077,1,NaN,8.31215552503126,NaN,11.9919055550604,STABLE,1
B75_V080,THIRTEEN_STATE_TORQUE,6,-1.00563442109611,3.05576637333406,3.21698752209151,0.312601281226699,2.0561733259484,0.689263579307911,NaN,NaN,STABLE,1
B75_V080,THIRTEEN_STATE_TORQUE,7,-1.00563442109611,-3.05576637333406,3.21698752209151,0.312601281226699,2.0561733259484,0.689263579307911,NaN,NaN,STABLE,1
B75_V080,THIRTEEN_STATE_TORQUE,8,-0.272694649420986,0,0.272694649420986,1,NaN,2.54184371432189,NaN,3.66710532136698,STABLE,1
B75_V080,THIRTEEN_STATE_TORQUE,9,-0.0779334442458727,0,0.0779334442458727,1,NaN,8.8940914554364,NaN,12.831461635971,STABLE,1
B75_V080,THIRTEEN_STATE_TORQUE,10,0,0,0,NaN,NaN,NaN,NaN,NaN,CRITICAL_OR_KINEMATIC,1
B75_V080,THIRTEEN_STATE_TORQUE,11,0,0,0,NaN,NaN,NaN,NaN,NaN,CRITICAL_OR_KINEMATIC,1
B75_V080,THIRTEEN_STATE_TORQUE,12,-3.6,0,3.6,1,NaN,0.192540883488874,NaN,0.277777777777778,STABLE,1
B75_V080,THIRTEEN_STATE_TORQUE,13,-3.6,0,3.6,1,NaN,0.192540883488874,NaN,0.277777777777778,STABLE,1
B75_V080,THIRTEEN_STATE_ANGLE_COMMAND,1,0,0,0,NaN,NaN,NaN,NaN,NaN,CRITICAL_OR_KINEMATIC,1
B75_V080,THIRTEEN_STATE_ANGLE_COMMAND,2,-0.545327250073881,1.60140329689517,1.69170751874545,0.322353151494113,3.92354962635679,1.2710664659909,NaN,NaN,STABLE,1
B75_V080,THIRTEEN_STATE_ANGLE_COMMAND,3,-0.545327250073881,-1.60140329689517,1.69170751874545,0.322353151494113,3.92354962635679,1.2710664659909,NaN,NaN,STABLE,1
B75_V080,THIRTEEN_STATE_ANGLE_COMMAND,4,-1.67586321484035,0,1.67586321484035,1,NaN,0.413606059505266,NaN,0.596707410929873,STABLE,1
B75_V080,THIRTEEN_STATE_ANGLE_COMMAND,5,-0.0833895826988076,0,0.0833895826988076,1,NaN,8.31215552503127,NaN,11.9919055550604,STABLE,1
B75_V080,THIRTEEN_STATE_ANGLE_COMMAND,6,-1.00563442109611,3.05576637333406,3.21698752209151,0.312601281226699,2.0561733259484,0.689263579307912,NaN,NaN,STABLE,1
B75_V080,THIRTEEN_STATE_ANGLE_COMMAND,7,-1.00563442109611,-3.05576637333406,3.21698752209151,0.312601281226699,2.0561733259484,0.689263579307912,NaN,NaN,STABLE,1
B75_V080,THIRTEEN_STATE_ANGLE_COMMAND,8,-0.272694649420986,0,0.272694649420986,1,NaN,2.5418437143219,NaN,3.66710532136698,STABLE,1
B75_V080,THIRTEEN_STATE_ANGLE_COMMAND,9,-0.077933444245873,0,0.077933444245873,1,NaN,8.89409145543636,NaN,12.8314616359709,STABLE,1
B75_V080,THIRTEEN_STATE_ANGLE_COMMAND,10,-3.2,2.39999999999963,3.99999999999978,0.800000000000044,2.61799387799189,0.216608493924983,NaN,NaN,STABLE,1
B75_V080,THIRTEEN_STATE_ANGLE_COMMAND,11,-3.2,-2.39999999999963,3.99999999999978,0.800000000000044,2.61799387799189,0.216608493924983,NaN,NaN,STABLE,1
B75_V080,THIRTEEN_STATE_ANGLE_COMMAND,12,-3.2,2.39999999999963,3.99999999999978,0.800000000000044,2.61799387799189,0.216608493924983,NaN,NaN,STABLE,1
B75_V080,THIRTEEN_STATE_ANGLE_COMMAND,13,-3.2,-2.39999999999963,3.99999999999978,0.800000000000044,2.61799387799189,0.216608493924983,NaN,NaN,STABLE,1
