pointId,betaMDeg,speedMps,derivativeName,value,outputName,inputName,units,differenceStep,limitActive,maximumMatrixStepVariation,parameterSource
B15_V010,15,10,du_dbetaSymCommand,0,u,betaSymCommand,(m/s^2)/(rad),0.0001,0,0.00117177549961749,NUMERICAL_THREE_STEP_INTERNAL
B15_V010,15,10,du_dbetaDiffCommand,0,u,betaDiffCommand,(m/s^2)/(rad),0.0001,0,0.00117177549961749,NUMERICAL_THREE_STEP_INTERNAL
B15_V010,15,10,du_dlateralCyclic,-3.03164900652739e-12,u,lateralCyclic,(m/s^2)/(rad),0.0001,0,0.00117177549961749,NUMERICAL_THREE_STEP_INTERNAL
B15_V010,15,10,du_daileron,0,u,aileron,(m/s^2)/(rad),0.0001,0,0.00117177549961749,NUMERICAL_THREE_STEP_INTERNAL
B15_V010,15,10,du_drudder,0,u,rudder,(m/s^2)/(rad),0.0001,0,0.00117177549961749,NUMERICAL_THREE_STEP_INTERNAL
B15_V010,15,10,dv_dbetaSymCommand,0,v,betaSymCommand,(m/s^2)/(rad),0.0001,0,0.00117177549961749,NUMERICAL_THREE_STEP_INTERNAL
B15_V010,15,10,dv_dbetaDiffCommand,0,v,betaDiffCommand,(m/s^2)/(rad),0.0001,0,0.00117177549961749,NUMERICAL_THREE_STEP_INTERNAL
B15_V010,15,10,dv_dlateralCyclic,4.78926973432806,v,lateralCyclic,(m/s^2)/(rad),0.0001,0,0.00117177549961749,NUMERICAL_THREE_STEP_INTERNAL
B15_V010,15,10,dv_daileron,0,v,aileron,(m/s^2)/(rad),0.0001,0,0.00117177549961749,NUMERICAL_THREE_STEP_INTERNAL
B15_V010,15,10,dv_drudder,0.0228666666666667,v,rudder,(m/s^2)/(rad),0.0001,0,0.00117177549961749,NUMERICAL_THREE_STEP_INTERNAL
B15_V010,15,10,dw_dbetaSymCommand,0,w,betaSymCommand,(m/s^2)/(rad),0.0001,0,0.00117177549961749,NUMERICAL_THREE_STEP_INTERNAL
B15_V010,15,10,dw_dbetaDiffCommand,0,w,betaDiffCommand,(m/s^2)/(rad),0.0001,0,0.00117177549961749,NUMERICAL_THREE_STEP_INTERNAL
B15_V010,15,10,dw_dlateralCyclic,0,w,lateralCyclic,(m/s^2)/(rad),0.0001,0,0.00117177549961749,NUMERICAL_THREE_STEP_INTERNAL
B15_V010,15,10,dw_daileron,0,w,aileron,(m/s^2)/(rad),0.0001,0,0.00117177549961749,NUMERICAL_THREE_STEP_INTERNAL
B15_V010,15,10,dw_drudder,0,w,rudder,(m/s^2)/(rad),0.0001,0,0.00117177549961749,NUMERICAL_THREE_STEP_INTERNAL
B15_V010,15,10,dp_dbetaSymCommand,0,p,betaSymCommand,(rad/s^2)/(rad),0.0001,0,0.00117177549961749,NUMERICAL_THREE_STEP_INTERNAL
B15_V010,15,10,dp_dbetaDiffCommand,0,p,betaDiffCommand,(rad/s^2)/(rad),0.0001,0,0.00117177549961749,NUMERICAL_THREE_STEP_INTERNAL
B15_V010,15,10,dp_dlateralCyclic,0.202749793957179,p,lateralCyclic,(rad/s^2)/(rad),0.0001,0,0.00117177549961749,NUMERICAL_THREE_STEP_INTERNAL
B15_V010,15,10,dp_daileron,0.0214446744371658,p,aileron,(rad/s^2)/(rad),0.0001,0,0.00117177549961749,NUMERICAL_THREE_STEP_INTERNAL
B15_V010,15,10,dp_drudder,0.00098432936428428,p,rudder,(rad/s^2)/(rad),0.0001,0,0.00117177549961749,NUMERICAL_THREE_STEP_INTERNAL
B15_V010,15,10,dq_dbetaSymCommand,0.267835318707782,q,betaSymCommand,(rad/s^2)/(rad),0.0001,0,0.00117177549961749,NUMERICAL_THREE_STEP_INTERNAL
B15_V010,15,10,dq_dbetaDiffCommand,0,q,betaDiffCommand,(rad/s^2)/(rad),0.0001,0,0.00117177549961749,NUMERICAL_THREE_STEP_INTERNAL
B15_V010,15,10,dq_dlateralCyclic,4.56740256342622e-13,q,lateralCyclic,(rad/s^2)/(rad),0.0001,0,0.00117177549961749,NUMERICAL_THREE_STEP_INTERNAL
B15_V010,15,10,dq_daileron,0,q,aileron,(rad/s^2)/(rad),0.0001,0,0.00117177549961749,NUMERICAL_THREE_STEP_INTERNAL
B15_V010,15,10,dq_drudder,0,q,rudder,(rad/s^2)/(rad),0.0001,0,0.00117177549961749,NUMERICAL_THREE_STEP_INTERNAL
B15_V010,15,10,dr_dbetaSymCommand,0,r,betaSymCommand,(rad/s^2)/(rad),0.0001,0,0.00117177549961749,NUMERICAL_THREE_STEP_INTERNAL
B15_V010,15,10,dr_dbetaDiffCommand,0,r,betaDiffCommand,(rad/s^2)/(rad),0.0001,0,0.00117177549961749,NUMERICAL_THREE_STEP_INTERNAL
B15_V010,15,10,dr_dlateralCyclic,0.026187365522741,r,lateralCyclic,(rad/s^2)/(rad),0.0001,0,0.00117177549961749,NUMERICAL_THREE_STEP_INTERNAL
B15_V010,15,10,dr_daileron,0.000909735777126628,r,aileron,(rad/s^2)/(rad),0.0001,0,0.00117177549961749,NUMERICAL_THREE_STEP_INTERNAL
B15_V010,15,10,dr_drudder,-0.0129066442019996,r,rudder,(rad/s^2)/(rad),0.0001,0,0.00117177549961749,NUMERICAL_THREE_STEP_INTERNAL
B15_V020,15,20,du_dbetaSymCommand,0,u,betaSymCommand,(m/s^2)/(rad),0.0001,0,3.63916910848541e-06,NUMERICAL_THREE_STEP_INTERNAL
B15_V020,15,20,du_dbetaDiffCommand,0,u,betaDiffCommand,(m/s^2)/(rad),0.0001,0,3.63916910848541e-06,NUMERICAL_THREE_STEP_INTERNAL
B15_V020,15,20,du_dlateralCyclic,0,u,lateralCyclic,(m/s^2)/(rad),0.0001,0,3.63916910848541e-06,NUMERICAL_THREE_STEP_INTERNAL
B15_V020,15,20,du_daileron,0,u,aileron,(m/s^2)/(rad),0.0001,0,3.63916910848541e-06,NUMERICAL_THREE_STEP_INTERNAL
B15_V020,15,20,du_drudder,0,u,rudder,(m/s^2)/(rad),0.0001,0,3.63916910848541e-06,NUMERICAL_THREE_STEP_INTERNAL
B15_V020,15,20,dv_dbetaSymCommand,0,v,betaSymCommand,(m/s^2)/(rad),0.0001,0,3.63916910848541e-06,NUMERICAL_THREE_STEP_INTERNAL
B15_V020,15,20,dv_dbetaDiffCommand,0,v,betaDiffCommand,(m/s^2)/(rad),0.0001,0,3.63916910848541e-06,NUMERICAL_THREE_STEP_INTERNAL
B15_V020,15,20,dv_dlateralCyclic,4.55003717745493,v,lateralCyclic,(m/s^2)/(rad),0.0001,0,3.63916910848541e-06,NUMERICAL_THREE_STEP_INTERNAL
B15_V020,15,20,dv_daileron,0,v,aileron,(m/s^2)/(rad),0.0001,0,3.63916910848541e-06,NUMERICAL_THREE_STEP_INTERNAL
B15_V020,15,20,dv_drudder,0.0914666666666667,v,rudder,(m/s^2)/(rad),0.0001,0,3.63916910848541e-06,NUMERICAL_THREE_STEP_INTERNAL
B15_V020,15,20,dw_dbetaSymCommand,0,w,betaSymCommand,(m/s^2)/(rad),0.0001,0,3.63916910848541e-06,NUMERICAL_THREE_STEP_INTERNAL
B15_V020,15,20,dw_dbetaDiffCommand,0,w,betaDiffCommand,(m/s^2)/(rad),0.0001,0,3.63916910848541e-06,NUMERICAL_THREE_STEP_INTERNAL
B15_V020,15,20,dw_dlateralCyclic,0,w,lateralCyclic,(m/s^2)/(rad),0.0001,0,3.63916910848541e-06,NUMERICAL_THREE_STEP_INTERNAL
B15_V020,15,20,dw_daileron,0,w,aileron,(m/s^2)/(rad),0.0001,0,3.63916910848541e-06,NUMERICAL_THREE_STEP_INTERNAL
B15_V020,15,20,dw_drudder,0,w,rudder,(m/s^2)/(rad),0.0001,0,3.63916910848541e-06,NUMERICAL_THREE_STEP_INTERNAL
B15_V020,15,20,dp_dbetaSymCommand,0,p,betaSymCommand,(rad/s^2)/(rad),0.0001,0,3.63916910848541e-06,NUMERICAL_THREE_STEP_INTERNAL
B15_V020,15,20,dp_dbetaDiffCommand,0,p,betaDiffCommand,(rad/s^2)/(rad),0.0001,0,3.63916910848541e-06,NUMERICAL_THREE_STEP_INTERNAL
B15_V020,15,20,dp_dlateralCyclic,0.442286601915013,p,lateralCyclic,(rad/s^2)/(rad),0.0001,0,3.63916910848541e-06,NUMERICAL_THREE_STEP_INTERNAL
B15_V020,15,20,dp_daileron,0.135456948991412,p,aileron,(rad/s^2)/(rad),0.0001,0,3.63916910848541e-06,NUMERICAL_THREE_STEP_INTERNAL
B15_V020,15,20,dp_drudder,0.00393731745713712,p,rudder,(rad/s^2)/(rad),0.0001,0,3.63916910848541e-06,NUMERICAL_THREE_STEP_INTERNAL
B15_V020,15,20,dq_dbetaSymCommand,0.267835318707782,q,betaSymCommand,(rad/s^2)/(rad),0.0001,0,3.63916910848541e-06,NUMERICAL_THREE_STEP_INTERNAL
B15_V020,15,20,dq_dbetaDiffCommand,0,q,betaDiffCommand,(rad/s^2)/(rad),0.0001,0,3.63916910848541e-06,NUMERICAL_THREE_STEP_INTERNAL
B15_V020,15,20,dq_dlateralCyclic,1.52246754526817e-13,q,lateralCyclic,(rad/s^2)/(rad),0.0001,0,3.63916910848541e-06,NUMERICAL_THREE_STEP_INTERNAL
B15_V020,15,20,dq_daileron,0,q,aileron,(rad/s^2)/(rad),0.0001,0,3.63916910848541e-06,NUMERICAL_THREE_STEP_INTERNAL
B15_V020,15,20,dq_drudder,0,q,rudder,(rad/s^2)/(rad),0.0001,0,3.63916910848541e-06,NUMERICAL_THREE_STEP_INTERNAL
B15_V020,15,20,dr_dbetaSymCommand,0,r,betaSymCommand,(rad/s^2)/(rad),0.0001,0,3.63916910848541e-06,NUMERICAL_THREE_STEP_INTERNAL
B15_V020,15,20,dr_dbetaDiffCommand,0,r,betaDiffCommand,(rad/s^2)/(rad),0.0001,0,3.63916910848541e-06,NUMERICAL_THREE_STEP_INTERNAL
B15_V020,15,20,dr_dlateralCyclic,0.0525988414304399,r,lateralCyclic,(rad/s^2)/(rad),0.0001,0,3.63916910848541e-06,NUMERICAL_THREE_STEP_INTERNAL
B15_V020,15,20,dr_daileron,0.00297531921728347,r,aileron,(rad/s^2)/(rad),0.0001,0,3.63916910848541e-06,NUMERICAL_THREE_STEP_INTERNAL
B15_V020,15,20,dr_drudder,-0.0516265768079983,r,rudder,(rad/s^2)/(rad),0.0001,0,3.63916910848541e-06,NUMERICAL_THREE_STEP_INTERNAL
B15_V030,15,30,du_dbetaSymCommand,0,u,betaSymCommand,(m/s^2)/(rad),0.0001,0,2.99785377047491e-06,NUMERICAL_THREE_STEP_INTERNAL
B15_V030,15,30,du_dbetaDiffCommand,0,u,betaDiffCommand,(m/s^2)/(rad),0.0001,0,2.99785377047491e-06,NUMERICAL_THREE_STEP_INTERNAL
B15_V030,15,30,du_dlateralCyclic,0,u,lateralCyclic,(m/s^2)/(rad),0.0001,0,2.99785377047491e-06,NUMERICAL_THREE_STEP_INTERNAL
B15_V030,15,30,du_daileron,0,u,aileron,(m/s^2)/(rad),0.0001,0,2.99785377047491e-06,NUMERICAL_THREE_STEP_INTERNAL
B15_V030,15,30,du_drudder,0,u,rudder,(m/s^2)/(rad),0.0001,0,2.99785377047491e-06,NUMERICAL_THREE_STEP_INTERNAL
B15_V030,15,30,dv_dbetaSymCommand,0,v,betaSymCommand,(m/s^2)/(rad),0.0001,0,2.99785377047491e-06,NUMERICAL_THREE_STEP_INTERNAL
B15_V030,15,30,dv_dbetaDiffCommand,0,v,betaDiffCommand,(m/s^2)/(rad),0.0001,0,2.99785377047491e-06,NUMERICAL_THREE_STEP_INTERNAL
B15_V030,15,30,dv_dlateralCyclic,4.21735679512248,v,lateralCyclic,(m/s^2)/(rad),0.0001,0,2.99785377047491e-06,NUMERICAL_THREE_STEP_INTERNAL
B15_V030,15,30,dv_daileron,0,v,aileron,(m/s^2)/(rad),0.0001,0,2.99785377047491e-06,NUMERICAL_THREE_STEP_INTERNAL
B15_V030,15,30,dv_drudder,0.2058,v,rudder,(m/s^2)/(rad),0.0001,0,2.99785377047491e-06,NUMERICAL_THREE_STEP_INTERNAL
B15_V030,15,30,dw_dbetaSymCommand,0,w,betaSymCommand,(m/s^2)/(rad),0.0001,0,2.99785377047491e-06,NUMERICAL_THREE_STEP_INTERNAL
B15_V030,15,30,dw_dbetaDiffCommand,0,w,betaDiffCommand,(m/s^2)/(rad),0.0001,0,2.99785377047491e-06,NUMERICAL_THREE_STEP_INTERNAL
B15_V030,15,30,dw_dlateralCyclic,0,w,lateralCyclic,(m/s^2)/(rad),0.0001,0,2.99785377047491e-06,NUMERICAL_THREE_STEP_INTERNAL
B15_V030,15,30,dw_daileron,0,w,aileron,(m/s^2)/(rad),0.0001,0,2.99785377047491e-06,NUMERICAL_THREE_STEP_INTERNAL
B15_V030,15,30,dw_drudder,0,w,rudder,(m/s^2)/(rad),0.0001,0,2.99785377047491e-06,NUMERICAL_THREE_STEP_INTERNAL
B15_V030,15,30,dp_dbetaSymCommand,0,p,betaSymCommand,(rad/s^2)/(rad),0.0001,0,2.99785377047491e-06,NUMERICAL_THREE_STEP_INTERNAL
B15_V030,15,30,dp_dbetaDiffCommand,0,p,betaDiffCommand,(rad/s^2)/(rad),0.0001,0,2.99785377047491e-06,NUMERICAL_THREE_STEP_INTERNAL
B15_V030,15,30,dp_dlateralCyclic,0.603899641584441,p,lateralCyclic,(rad/s^2)/(rad),0.0001,0,2.99785377047491e-06,NUMERICAL_THREE_STEP_INTERNAL
B15_V030,15,30,dp_daileron,0.391746226921846,p,aileron,(rad/s^2)/(rad),0.0001,0,2.99785377047491e-06,NUMERICAL_THREE_STEP_INTERNAL
B15_V030,15,30,dp_drudder,0.00885896427855839,p,rudder,(rad/s^2)/(rad),0.0001,0,2.99785377047491e-06,NUMERICAL_THREE_STEP_INTERNAL
B15_V030,15,30,dq_dbetaSymCommand,0.267835318707782,q,betaSymCommand,(rad/s^2)/(rad),0.0001,0,2.99785377047491e-06,NUMERICAL_THREE_STEP_INTERNAL
B15_V030,15,30,dq_dbetaDiffCommand,0,q,betaDiffCommand,(rad/s^2)/(rad),0.0001,0,2.99785377047491e-06,NUMERICAL_THREE_STEP_INTERNAL
B15_V030,15,30,dq_dlateralCyclic,-1.52246756594769e-13,q,lateralCyclic,(rad/s^2)/(rad),0.0001,0,2.99785377047491e-06,NUMERICAL_THREE_STEP_INTERNAL
B15_V030,15,30,dq_daileron,0,q,aileron,(rad/s^2)/(rad),0.0001,0,2.99785377047491e-06,NUMERICAL_THREE_STEP_INTERNAL
B15_V030,15,30,dq_drudder,0,q,rudder,(rad/s^2)/(rad),0.0001,0,2.99785377047491e-06,NUMERICAL_THREE_STEP_INTERNAL
B15_V030,15,30,dr_dbetaSymCommand,0,r,betaSymCommand,(rad/s^2)/(rad),0.0001,0,2.99785377047491e-06,NUMERICAL_THREE_STEP_INTERNAL
B15_V030,15,30,dr_dbetaDiffCommand,0,r,betaDiffCommand,(rad/s^2)/(rad),0.0001,0,2.99785377047491e-06,NUMERICAL_THREE_STEP_INTERNAL
B15_V030,15,30,dr_dlateralCyclic,0.0672181312074884,r,lateralCyclic,(rad/s^2)/(rad),0.0001,0,2.99785377047491e-06,NUMERICAL_THREE_STEP_INTERNAL
B15_V030,15,30,dr_daileron,0.0094731496984296,r,aileron,(rad/s^2)/(rad),0.0001,0,2.99785377047491e-06,NUMERICAL_THREE_STEP_INTERNAL
B15_V030,15,30,dr_drudder,-0.116159797817996,r,rudder,(rad/s^2)/(rad),0.0001,0,2.99785377047491e-06,NUMERICAL_THREE_STEP_INTERNAL
B45_V025,45,25,du_dbetaSymCommand,0,u,betaSymCommand,(m/s^2)/(rad),0.0001,0,3.14751265503007e-06,NUMERICAL_THREE_STEP_INTERNAL
B45_V025,45,25,du_dbetaDiffCommand,0,u,betaDiffCommand,(m/s^2)/(rad),0.0001,0,3.14751265503007e-06,NUMERICAL_THREE_STEP_INTERNAL
B45_V025,45,25,du_dlateralCyclic,0,u,lateralCyclic,(m/s^2)/(rad),0.0001,0,3.14751265503007e-06,NUMERICAL_THREE_STEP_INTERNAL
B45_V025,45,25,du_daileron,0,u,aileron,(m/s^2)/(rad),0.0001,0,3.14751265503007e-06,NUMERICAL_THREE_STEP_INTERNAL
B45_V025,45,25,du_drudder,0,u,rudder,(m/s^2)/(rad),0.0001,0,3.14751265503007e-06,NUMERICAL_THREE_STEP_INTERNAL
B45_V025,45,25,dv_dbetaSymCommand,0,v,betaSymCommand,(m/s^2)/(rad),0.0001,0,3.14751265503007e-06,NUMERICAL_THREE_STEP_INTERNAL
B45_V025,45,25,dv_dbetaDiffCommand,0,v,betaDiffCommand,(m/s^2)/(rad),0.0001,0,3.14751265503007e-06,NUMERICAL_THREE_STEP_INTERNAL
B45_V025,45,25,dv_dlateralCyclic,3.30664124900854,v,lateralCyclic,(m/s^2)/(rad),0.0001,0,3.14751265503007e-06,NUMERICAL_THREE_STEP_INTERNAL
B45_V025,45,25,dv_daileron,0,v,aileron,(m/s^2)/(rad),0.0001,0,3.14751265503007e-06,NUMERICAL_THREE_STEP_INTERNAL
B45_V025,45,25,dv_drudder,0.142916666666667,v,rudder,(m/s^2)/(rad),0.0001,0,3.14751265503007e-06,NUMERICAL_THREE_STEP_INTERNAL
B45_V025,45,25,dw_dbetaSymCommand,0,w,betaSymCommand,(m/s^2)/(rad),0.0001,0,3.14751265503007e-06,NUMERICAL_THREE_STEP_INTERNAL
B45_V025,45,25,dw_dbetaDiffCommand,0,w,betaDiffCommand,(m/s^2)/(rad),0.0001,0,3.14751265503007e-06,NUMERICAL_THREE_STEP_INTERNAL
B45_V025,45,25,dw_dlateralCyclic,1.21265960261096e-11,w,lateralCyclic,(m/s^2)/(rad),0.0001,0,3.14751265503007e-06,NUMERICAL_THREE_STEP_INTERNAL
B45_V025,45,25,dw_daileron,0,w,aileron,(m/s^2)/(rad),0.0001,0,3.14751265503007e-06,NUMERICAL_THREE_STEP_INTERNAL
B45_V025,45,25,dw_drudder,0,w,rudder,(m/s^2)/(rad),0.0001,0,3.14751265503007e-06,NUMERICAL_THREE_STEP_INTERNAL
B45_V025,45,25,dp_dbetaSymCommand,0,p,betaSymCommand,(rad/s^2)/(rad),0.0001,0,3.14751265503007e-06,NUMERICAL_THREE_STEP_INTERNAL
B45_V025,45,25,dp_dbetaDiffCommand,0,p,betaDiffCommand,(rad/s^2)/(rad),0.0001,0,3.14751265503007e-06,NUMERICAL_THREE_STEP_INTERNAL
B45_V025,45,25,dp_dlateralCyclic,0.307152874757405,p,lateralCyclic,(rad/s^2)/(rad),0.0001,0,3.14751265503007e-06,NUMERICAL_THREE_STEP_INTERNAL
B45_V025,45,25,dp_daileron,0.0439911276662309,p,aileron,(rad/s^2)/(rad),0.0001,0,3.14751265503007e-06,NUMERICAL_THREE_STEP_INTERNAL
B45_V025,45,25,dp_drudder,0.00755248386641135,p,rudder,(rad/s^2)/(rad),0.0001,0,3.14751265503007e-06,NUMERICAL_THREE_STEP_INTERNAL
B45_V025,45,25,dq_dbetaSymCommand,0.270203623831649,q,betaSymCommand,(rad/s^2)/(rad),0.0001,0,3.14751265503007e-06,NUMERICAL_THREE_STEP_INTERNAL
B45_V025,45,25,dq_dbetaDiffCommand,0,q,betaDiffCommand,(rad/s^2)/(rad),0.0001,0,3.14751265503007e-06,NUMERICAL_THREE_STEP_INTERNAL
B45_V025,45,25,dq_dlateralCyclic,-7.67964886626337e-13,q,lateralCyclic,(rad/s^2)/(rad),0.0001,0,3.14751265503007e-06,NUMERICAL_THREE_STEP_INTERNAL
B45_V025,45,25,dq_daileron,0,q,aileron,(rad/s^2)/(rad),0.0001,0,3.14751265503007e-06,NUMERICAL_THREE_STEP_INTERNAL
B45_V025,45,25,dq_drudder,0,q,rudder,(rad/s^2)/(rad),0.0001,0,3.14751265503007e-06,NUMERICAL_THREE_STEP_INTERNAL
B45_V025,45,25,dr_dbetaSymCommand,0,r,betaSymCommand,(rad/s^2)/(rad),0.0001,0,3.14751265503007e-06,NUMERICAL_THREE_STEP_INTERNAL
B45_V025,45,25,dr_dbetaDiffCommand,0,r,betaDiffCommand,(rad/s^2)/(rad),0.0001,0,3.14751265503007e-06,NUMERICAL_THREE_STEP_INTERNAL
B45_V025,45,25,dr_dlateralCyclic,0.13711854171981,r,lateralCyclic,(rad/s^2)/(rad),0.0001,0,3.14751265503007e-06,NUMERICAL_THREE_STEP_INTERNAL
B45_V025,45,25,dr_daileron,0.00509419382308549,r,aileron,(rad/s^2)/(rad),0.0001,0,3.14751265503007e-06,NUMERICAL_THREE_STEP_INTERNAL
B45_V025,45,25,dr_drudder,-0.0819873064929116,r,rudder,(rad/s^2)/(rad),0.0001,0,3.14751265503007e-06,NUMERICAL_THREE_STEP_INTERNAL
B45_V035,45,35,du_dbetaSymCommand,0,u,betaSymCommand,(m/s^2)/(rad),0.0001,0,2.84991842833238e-06,NUMERICAL_THREE_STEP_INTERNAL
B45_V035,45,35,du_dbetaDiffCommand,0,u,betaDiffCommand,(m/s^2)/(rad),0.0001,0,2.84991842833238e-06,NUMERICAL_THREE_STEP_INTERNAL
B45_V035,45,35,du_dlateralCyclic,-6.06329801305478e-12,u,lateralCyclic,(m/s^2)/(rad),0.0001,0,2.84991842833238e-06,NUMERICAL_THREE_STEP_INTERNAL
B45_V035,45,35,du_daileron,0,u,aileron,(m/s^2)/(rad),0.0001,0,2.84991842833238e-06,NUMERICAL_THREE_STEP_INTERNAL
B45_V035,45,35,du_drudder,0,u,rudder,(m/s^2)/(rad),0.0001,0,2.84991842833238e-06,NUMERICAL_THREE_STEP_INTERNAL
B45_V035,45,35,dv_dbetaSymCommand,0,v,betaSymCommand,(m/s^2)/(rad),0.0001,0,2.84991842833238e-06,NUMERICAL_THREE_STEP_INTERNAL
B45_V035,45,35,dv_dbetaDiffCommand,0,v,betaDiffCommand,(m/s^2)/(rad),0.0001,0,2.84991842833238e-06,NUMERICAL_THREE_STEP_INTERNAL
B45_V035,45,35,dv_dlateralCyclic,2.52334919412457,v,lateralCyclic,(m/s^2)/(rad),0.0001,0,2.84991842833238e-06,NUMERICAL_THREE_STEP_INTERNAL
B45_V035,45,35,dv_daileron,0,v,aileron,(m/s^2)/(rad),0.0001,0,2.84991842833238e-06,NUMERICAL_THREE_STEP_INTERNAL
B45_V035,45,35,dv_drudder,0.280116666666667,v,rudder,(m/s^2)/(rad),0.0001,0,2.84991842833238e-06,NUMERICAL_THREE_STEP_INTERNAL
B45_V035,45,35,dw_dbetaSymCommand,0,w,betaSymCommand,(m/s^2)/(rad),0.0001,0,2.84991842833238e-06,NUMERICAL_THREE_STEP_INTERNAL
B45_V035,45,35,dw_dbetaDiffCommand,0,w,betaDiffCommand,(m/s^2)/(rad),0.0001,0,2.84991842833238e-06,NUMERICAL_THREE_STEP_INTERNAL
B45_V035,45,35,dw_dlateralCyclic,6.06329801305478e-12,w,lateralCyclic,(m/s^2)/(rad),0.0001,0,2.84991842833238e-06,NUMERICAL_THREE_STEP_INTERNAL
B45_V035,45,35,dw_daileron,0,w,aileron,(m/s^2)/(rad),0.0001,0,2.84991842833238e-06,NUMERICAL_THREE_STEP_INTERNAL
B45_V035,45,35,dw_drudder,0,w,rudder,(m/s^2)/(rad),0.0001,0,2.84991842833238e-06,NUMERICAL_THREE_STEP_INTERNAL
B45_V035,45,35,dp_dbetaSymCommand,0,p,betaSymCommand,(rad/s^2)/(rad),0.0001,0,2.84991842833238e-06,NUMERICAL_THREE_STEP_INTERNAL
B45_V035,45,35,dp_dbetaDiffCommand,0,p,betaDiffCommand,(rad/s^2)/(rad),0.0001,0,2.84991842833238e-06,NUMERICAL_THREE_STEP_INTERNAL
B45_V035,45,35,dp_dlateralCyclic,0.342124741798114,p,lateralCyclic,(rad/s^2)/(rad),0.0001,0,2.84991842833238e-06,NUMERICAL_THREE_STEP_INTERNAL
B45_V035,45,35,dp_daileron,0.127402966521259,p,aileron,(rad/s^2)/(rad),0.0001,0,2.84991842833238e-06,NUMERICAL_THREE_STEP_INTERNAL
B45_V035,45,35,dp_drudder,0.0148028683781662,p,rudder,(rad/s^2)/(rad),0.0001,0,2.84991842833238e-06,NUMERICAL_THREE_STEP_INTERNAL
B45_V035,45,35,dq_dbetaSymCommand,0.270203623831649,q,betaSymCommand,(rad/s^2)/(rad),0.0001,0,2.84991842833238e-06,NUMERICAL_THREE_STEP_INTERNAL
B45_V035,45,35,dq_dbetaDiffCommand,0,q,betaDiffCommand,(rad/s^2)/(rad),0.0001,0,2.84991842833238e-06,NUMERICAL_THREE_STEP_INTERNAL
B45_V035,45,35,dq_dlateralCyclic,-3.07185952996173e-13,q,lateralCyclic,(rad/s^2)/(rad),0.0001,0,2.84991842833238e-06,NUMERICAL_THREE_STEP_INTERNAL
B45_V035,45,35,dq_daileron,0,q,aileron,(rad/s^2)/(rad),0.0001,0,2.84991842833238e-06,NUMERICAL_THREE_STEP_INTERNAL
B45_V035,45,35,dq_drudder,0,q,rudder,(rad/s^2)/(rad),0.0001,0,2.84991842833238e-06,NUMERICAL_THREE_STEP_INTERNAL
B45_V035,45,35,dr_dbetaSymCommand,0,r,betaSymCommand,(rad/s^2)/(rad),0.0001,0,2.84991842833238e-06,NUMERICAL_THREE_STEP_INTERNAL
B45_V035,45,35,dr_dbetaDiffCommand,0,r,betaDiffCommand,(rad/s^2)/(rad),0.0001,0,2.84991842833238e-06,NUMERICAL_THREE_STEP_INTERNAL
B45_V035,45,35,dr_dlateralCyclic,0.124308295451023,r,lateralCyclic,(rad/s^2)/(rad),0.0001,0,2.84991842833238e-06,NUMERICAL_THREE_STEP_INTERNAL
B45_V035,45,35,dr_daileron,0.0135933860349491,r,aileron,(rad/s^2)/(rad),0.0001,0,2.84991842833238e-06,NUMERICAL_THREE_STEP_INTERNAL
B45_V035,45,35,dr_drudder,-0.160695120726108,r,rudder,(rad/s^2)/(rad),0.0001,0,2.84991842833238e-06,NUMERICAL_THREE_STEP_INTERNAL
B45_V045,45,45,du_dbetaSymCommand,0,u,betaSymCommand,(m/s^2)/(rad),0.0001,0,2.98107559406732e-06,NUMERICAL_THREE_STEP_INTERNAL
B45_V045,45,45,du_dbetaDiffCommand,0,u,betaDiffCommand,(m/s^2)/(rad),0.0001,0,2.98107559406732e-06,NUMERICAL_THREE_STEP_INTERNAL
B45_V045,45,45,du_dlateralCyclic,0,u,lateralCyclic,(m/s^2)/(rad),0.0001,0,2.98107559406732e-06,NUMERICAL_THREE_STEP_INTERNAL
B45_V045,45,45,du_daileron,0,u,aileron,(m/s^2)/(rad),0.0001,0,2.98107559406732e-06,NUMERICAL_THREE_STEP_INTERNAL
B45_V045,45,45,du_drudder,0,u,rudder,(m/s^2)/(rad),0.0001,0,2.98107559406732e-06,NUMERICAL_THREE_STEP_INTERNAL
B45_V045,45,45,dv_dbetaSymCommand,0,v,betaSymCommand,(m/s^2)/(rad),0.0001,0,2.98107559406732e-06,NUMERICAL_THREE_STEP_INTERNAL
B45_V045,45,45,dv_dbetaDiffCommand,0,v,betaDiffCommand,(m/s^2)/(rad),0.0001,0,2.98107559406732e-06,NUMERICAL_THREE_STEP_INTERNAL
B45_V045,45,45,dv_dlateralCyclic,1.93914225714681,v,lateralCyclic,(m/s^2)/(rad),0.0001,0,2.98107559406732e-06,NUMERICAL_THREE_STEP_INTERNAL
B45_V045,45,45,dv_daileron,0,v,aileron,(m/s^2)/(rad),0.0001,0,2.98107559406732e-06,NUMERICAL_THREE_STEP_INTERNAL
B45_V045,45,45,dv_drudder,0.46305,v,rudder,(m/s^2)/(rad),0.0001,0,2.98107559406732e-06,NUMERICAL_THREE_STEP_INTERNAL
B45_V045,45,45,dw_dbetaSymCommand,0,w,betaSymCommand,(m/s^2)/(rad),0.0001,0,2.98107559406732e-06,NUMERICAL_THREE_STEP_INTERNAL
B45_V045,45,45,dw_dbetaDiffCommand,0,w,betaDiffCommand,(m/s^2)/(rad),0.0001,0,2.98107559406732e-06,NUMERICAL_THREE_STEP_INTERNAL
B45_V045,45,45,dw_dlateralCyclic,0,w,lateralCyclic,(m/s^2)/(rad),0.0001,0,2.98107559406732e-06,NUMERICAL_THREE_STEP_INTERNAL
B45_V045,45,45,dw_daileron,0,w,aileron,(m/s^2)/(rad),0.0001,0,2.98107559406732e-06,NUMERICAL_THREE_STEP_INTERNAL
B45_V045,45,45,dw_drudder,0,w,rudder,(m/s^2)/(rad),0.0001,0,2.98107559406732e-06,NUMERICAL_THREE_STEP_INTERNAL
B45_V045,45,45,dp_dbetaSymCommand,0,p,betaSymCommand,(rad/s^2)/(rad),0.0001,0,2.98107559406732e-06,NUMERICAL_THREE_STEP_INTERNAL
B45_V045,45,45,dp_dbetaDiffCommand,0,p,betaDiffCommand,(rad/s^2)/(rad),0.0001,0,2.98107559406732e-06,NUMERICAL_THREE_STEP_INTERNAL
B45_V045,45,45,dp_dlateralCyclic,0.32674102420563,p,lateralCyclic,(rad/s^2)/(rad),0.0001,0,2.98107559406732e-06,NUMERICAL_THREE_STEP_INTERNAL
B45_V045,45,45,dp_daileron,0.337597365693196,p,aileron,(rad/s^2)/(rad),0.0001,0,2.98107559406732e-06,NUMERICAL_THREE_STEP_INTERNAL
B45_V045,45,45,dp_drudder,0.024470047727174,p,rudder,(rad/s^2)/(rad),0.0001,0,2.98107559406732e-06,NUMERICAL_THREE_STEP_INTERNAL
B45_V045,45,45,dq_dbetaSymCommand,0.270203623831649,q,betaSymCommand,(rad/s^2)/(rad),0.0001,0,2.98107559406732e-06,NUMERICAL_THREE_STEP_INTERNAL
B45_V045,45,45,dq_dbetaDiffCommand,0,q,betaDiffCommand,(rad/s^2)/(rad),0.0001,0,2.98107559406732e-06,NUMERICAL_THREE_STEP_INTERNAL
B45_V045,45,45,dq_dlateralCyclic,-1.53592976498087e-13,q,lateralCyclic,(rad/s^2)/(rad),0.0001,0,2.98107559406732e-06,NUMERICAL_THREE_STEP_INTERNAL
B45_V045,45,45,dq_daileron,0,q,aileron,(rad/s^2)/(rad),0.0001,0,2.98107559406732e-06,NUMERICAL_THREE_STEP_INTERNAL
B45_V045,45,45,dq_drudder,0,q,rudder,(rad/s^2)/(rad),0.0001,0,2.98107559406732e-06,NUMERICAL_THREE_STEP_INTERNAL
B45_V045,45,45,dr_dbetaSymCommand,0,r,betaSymCommand,(rad/s^2)/(rad),0.0001,0,2.98107559406732e-06,NUMERICAL_THREE_STEP_INTERNAL
B45_V045,45,45,dr_dbetaDiffCommand,0,r,betaDiffCommand,(rad/s^2)/(rad),0.0001,0,2.98107559406732e-06,NUMERICAL_THREE_STEP_INTERNAL
B45_V045,45,45,dr_dlateralCyclic,0.104939013866091,r,lateralCyclic,(rad/s^2)/(rad),0.0001,0,2.98107559406732e-06,NUMERICAL_THREE_STEP_INTERNAL
B45_V045,45,45,dr_daileron,0.0274875396534817,r,aileron,(rad/s^2)/(rad),0.0001,0,2.98107559406732e-06,NUMERICAL_THREE_STEP_INTERNAL
B45_V045,45,45,dr_drudder,-0.265638873037033,r,rudder,(rad/s^2)/(rad),0.0001,0,2.98107559406732e-06,NUMERICAL_THREE_STEP_INTERNAL
B75_V080,75,80,du_dbetaSymCommand,0,u,betaSymCommand,(m/s^2)/(rad),0.0001,0,2.84431573476017e-06,NUMERICAL_THREE_STEP_INTERNAL
B75_V080,75,80,du_dbetaDiffCommand,0,u,betaDiffCommand,(m/s^2)/(rad),0.0001,0,2.84431573476017e-06,NUMERICAL_THREE_STEP_INTERNAL
B75_V080,75,80,du_dlateralCyclic,0,u,lateralCyclic,(m/s^2)/(rad),0.0001,0,2.84431573476017e-06,NUMERICAL_THREE_STEP_INTERNAL
B75_V080,75,80,du_daileron,0,u,aileron,(m/s^2)/(rad),0.0001,0,2.84431573476017e-06,NUMERICAL_THREE_STEP_INTERNAL
B75_V080,75,80,du_drudder,0,u,rudder,(m/s^2)/(rad),0.0001,0,2.84431573476017e-06,NUMERICAL_THREE_STEP_INTERNAL
B75_V080,75,80,dv_dbetaSymCommand,0,v,betaSymCommand,(m/s^2)/(rad),0.0001,0,2.84431573476017e-06,NUMERICAL_THREE_STEP_INTERNAL
B75_V080,75,80,dv_dbetaDiffCommand,0,v,betaDiffCommand,(m/s^2)/(rad),0.0001,0,2.84431573476017e-06,NUMERICAL_THREE_STEP_INTERNAL
B75_V080,75,80,dv_dlateralCyclic,0.466785204858627,v,lateralCyclic,(m/s^2)/(rad),0.0001,0,2.84431573476017e-06,NUMERICAL_THREE_STEP_INTERNAL
B75_V080,75,80,dv_daileron,0,v,aileron,(m/s^2)/(rad),0.0001,0,2.84431573476017e-06,NUMERICAL_THREE_STEP_INTERNAL
B75_V080,75,80,dv_drudder,1.46346666666667,v,rudder,(m/s^2)/(rad),0.0001,0,2.84431573476017e-06,NUMERICAL_THREE_STEP_INTERNAL
B75_V080,75,80,dw_dbetaSymCommand,0,w,betaSymCommand,(m/s^2)/(rad),0.0001,0,2.84431573476017e-06,NUMERICAL_THREE_STEP_INTERNAL
B75_V080,75,80,dw_dbetaDiffCommand,0,w,betaDiffCommand,(m/s^2)/(rad),0.0001,0,2.84431573476017e-06,NUMERICAL_THREE_STEP_INTERNAL
B75_V080,75,80,dw_dlateralCyclic,0,w,lateralCyclic,(m/s^2)/(rad),0.0001,0,2.84431573476017e-06,NUMERICAL_THREE_STEP_INTERNAL
B75_V080,75,80,dw_daileron,0,w,aileron,(m/s^2)/(rad),0.0001,0,2.84431573476017e-06,NUMERICAL_THREE_STEP_INTERNAL
B75_V080,75,80,dw_drudder,0,w,rudder,(m/s^2)/(rad),0.0001,0,2.84431573476017e-06,NUMERICAL_THREE_STEP_INTERNAL
B75_V080,75,80,dp_dbetaSymCommand,0,p,betaSymCommand,(rad/s^2)/(rad),0.0001,0,2.84431573476017e-06,NUMERICAL_THREE_STEP_INTERNAL
B75_V080,75,80,dp_dbetaDiffCommand,0,p,betaDiffCommand,(rad/s^2)/(rad),0.0001,0,2.84431573476017e-06,NUMERICAL_THREE_STEP_INTERNAL
B75_V080,75,80,dp_dlateralCyclic,0.0457578503474342,p,lateralCyclic,(rad/s^2)/(rad),0.0001,0,2.84431573476017e-06,NUMERICAL_THREE_STEP_INTERNAL
B75_V080,75,80,dp_daileron,3.03623253197328,p,aileron,(rad/s^2)/(rad),0.0001,0,2.84431573476017e-06,NUMERICAL_THREE_STEP_INTERNAL
B75_V080,75,80,dp_drudder,0.102758079822761,p,rudder,(rad/s^2)/(rad),0.0001,0,2.84431573476017e-06,NUMERICAL_THREE_STEP_INTERNAL
B75_V080,75,80,dq_dbetaSymCommand,0.272614185574024,q,betaSymCommand,(rad/s^2)/(rad),0.0001,0,2.84431573476017e-06,NUMERICAL_THREE_STEP_INTERNAL
B75_V080,75,80,dq_dbetaDiffCommand,0,q,betaDiffCommand,(rad/s^2)/(rad),0.0001,0,2.84431573476017e-06,NUMERICAL_THREE_STEP_INTERNAL
B75_V080,75,80,dq_dlateralCyclic,0,q,lateralCyclic,(rad/s^2)/(rad),0.0001,0,2.84431573476017e-06,NUMERICAL_THREE_STEP_INTERNAL
B75_V080,75,80,dq_daileron,0,q,aileron,(rad/s^2)/(rad),0.0001,0,2.84431573476017e-06,NUMERICAL_THREE_STEP_INTERNAL
B75_V080,75,80,dq_drudder,0,q,rudder,(rad/s^2)/(rad),0.0001,0,2.84431573476017e-06,NUMERICAL_THREE_STEP_INTERNAL
B75_V080,75,80,dr_dbetaSymCommand,0,r,betaSymCommand,(rad/s^2)/(rad),0.0001,0,2.84431573476017e-06,NUMERICAL_THREE_STEP_INTERNAL
B75_V080,75,80,dr_dbetaDiffCommand,0,r,betaDiffCommand,(rad/s^2)/(rad),0.0001,0,2.84431573476017e-06,NUMERICAL_THREE_STEP_INTERNAL
B75_V080,75,80,dr_dlateralCyclic,0.038458420592835,r,lateralCyclic,(rad/s^2)/(rad),0.0001,0,2.84431573476017e-06,NUMERICAL_THREE_STEP_INTERNAL
B75_V080,75,80,dr_daileron,0.119448660210918,r,aileron,(rad/s^2)/(rad),0.0001,0,2.84431573476017e-06,NUMERICAL_THREE_STEP_INTERNAL
B75_V080,75,80,dr_drudder,-0.848794701574714,r,rudder,(rad/s^2)/(rad),0.0001,0,2.84431573476017e-06,NUMERICAL_THREE_STEP_INTERNAL
