pointId,pathId,sequenceInPath,modeId,localModeIndex,realPartPerSecond,imagPartRadPerSecond,dampingRatio,frequencyHz,modeName,headingIntegrator,matchingConfidence,matchingStatus
B15_V010,B15_SPEED_PATH,1,101,1,0,0,NaN,0,heading kinematic integrator,1,1,PATH_START_UNMATCHED
B15_V010,B15_SPEED_PATH,1,102,2,-1.78705459837073,0,1,0,roll-like,0,1,PATH_START_UNMATCHED
B15_V010,B15_SPEED_PATH,1,103,3,-0.034903558956468,0.392653319012613,0.0885424121517671,0.0624927166422962,dutch-roll-like,0,1,PATH_START_UNMATCHED
B15_V010,B15_SPEED_PATH,1,104,4,-0.034903558956468,-0.392653319012613,0.0885424121517671,0.0624927166422962,dutch-roll-like,0,1,PATH_START_UNMATCHED
B15_V010,B15_SPEED_PATH,1,105,5,0.105512755965404,0,-1,0,spiral-like,0,1,PATH_START_UNMATCHED
B15_V010,B15_SPEED_PATH,1,106,6,-0.286909674078778,0.417074889466288,0.566757757422589,0.0663795302980656,short-period-like,0,1,PATH_START_UNMATCHED
B15_V010,B15_SPEED_PATH,1,107,7,-0.286909674078778,-0.417074889466288,0.566757757422589,0.0663795302980656,short-period-like,0,1,PATH_START_UNMATCHED
B15_V010,B15_SPEED_PATH,1,108,8,0.228446180367758,0,-1,0,longitudinal aperiodic,0,1,PATH_START_UNMATCHED
B15_V010,B15_SPEED_PATH,1,109,9,-0.0490464033801027,0,1,0,longitudinal aperiodic,0,1,PATH_START_UNMATCHED
B15_V010,B15_SPEED_PATH,1,110,10,-3.2,2.39999999999963,0.800000000000044,0.38197186342049,symmetric nacelle actuator,0,1,PATH_START_UNMATCHED
B15_V010,B15_SPEED_PATH,1,111,11,-3.2,-2.39999999999963,0.800000000000044,0.38197186342049,symmetric nacelle actuator,0,1,PATH_START_UNMATCHED
B15_V010,B15_SPEED_PATH,1,112,12,-3.2,2.39999999999963,0.800000000000044,0.38197186342049,differential nacelle actuator,0,1,PATH_START_UNMATCHED
B15_V010,B15_SPEED_PATH,1,113,13,-3.2,-2.39999999999963,0.800000000000044,0.38197186342049,differential nacelle actuator,0,1,PATH_START_UNMATCHED
B15_V020,B15_SPEED_PATH,2,101,1,0,0,NaN,0,heading kinematic integrator,1,1,RESERVED_HEADING_INTEGRATOR
B15_V020,B15_SPEED_PATH,2,102,2,-2.34657414497127,0,1,0,roll-like,0,0.854386287727814,MATCHED
B15_V020,B15_SPEED_PATH,2,103,3,-0.0645326441584511,0.50595753718651,0.126520614323791,0.0805256430378346,dutch-roll-like,0,0.921229002196447,MATCHED
B15_V020,B15_SPEED_PATH,2,104,4,-0.0645326441584511,-0.50595753718651,0.126520614323791,0.0805256430378346,dutch-roll-like,0,0.921229002196447,MATCHED
B15_V020,B15_SPEED_PATH,2,106,5,-0.401553807125412,0.69839267005115,0.498450621283175,0.111152645657788,short-period-like,0,0.772097190207976,MATCHED
B15_V020,B15_SPEED_PATH,2,107,6,-0.401553807125412,-0.69839267005115,0.498450621283175,0.111152645657788,short-period-like,0,0.772097190207976,MATCHED
B15_V020,B15_SPEED_PATH,2,105,7,0.080192855558373,0,-1,0,spiral-like,0,0.865283161299401,MATCHED
B15_V020,B15_SPEED_PATH,2,109,8,-0.000311118344312149,0,1,0,longitudinal aperiodic,0,0.968635367899034,MATCHED
B15_V020,B15_SPEED_PATH,2,108,9,0.0963053426987931,0,-1,0,longitudinal aperiodic,0,0.90952844976332,MATCHED
B15_V020,B15_SPEED_PATH,2,110,10,-3.2,2.39999999999963,0.800000000000044,0.38197186342049,symmetric nacelle actuator,0,0.99213790794146,MATCHED
B15_V020,B15_SPEED_PATH,2,111,11,-3.2,-2.39999999999963,0.800000000000044,0.38197186342049,symmetric nacelle actuator,0,0.99213790794146,MATCHED
B15_V020,B15_SPEED_PATH,2,112,12,-3.2,2.39999999999963,0.800000000000044,0.38197186342049,differential nacelle actuator,0,0.950207260834099,MATCHED
B15_V020,B15_SPEED_PATH,2,113,13,-3.2,-2.39999999999963,0.800000000000044,0.38197186342049,differential nacelle actuator,0,0.950207260834099,MATCHED
B15_V030,B15_SPEED_PATH,3,101,1,0,0,NaN,0,heading kinematic integrator,1,1,RESERVED_HEADING_INTEGRATOR
B15_V030,B15_SPEED_PATH,3,102,2,-2.79489906157509,0,1,0,roll-like,0,0.926905369096481,MATCHED
B15_V030,B15_SPEED_PATH,3,103,3,-0.0599790931636123,0.676750725289596,0.0882819979029242,0.107708223170865,dutch-roll-like,0,0.922937812527096,MATCHED
B15_V030,B15_SPEED_PATH,3,104,4,-0.0599790931636123,-0.676750725289596,0.0882819979029242,0.107708223170865,dutch-roll-like,0,0.922937812527096,MATCHED
B15_V030,B15_SPEED_PATH,3,105,5,0.0147103948646529,0,-1,0,spiral-like,0,0.797628200479595,MATCHED
B15_V030,B15_SPEED_PATH,3,106,6,-0.531493316486964,1.04141900123305,0.45457694529423,0.165746981876064,short-period-like,0,0.8484634242668,MATCHED
B15_V030,B15_SPEED_PATH,3,107,7,-0.531493316486964,-1.04141900123305,0.45457694529423,0.165746981876064,short-period-like,0,0.8484634242668,MATCHED
B15_V030,B15_SPEED_PATH,3,109,8,-0.0402328631444709,0,1,0,longitudinal aperiodic,0,0.93668506026444,MATCHED
B15_V030,B15_SPEED_PATH,3,108,9,0.0697465239266834,0,-1,0,longitudinal aperiodic,0,0.961862161298585,MATCHED
B15_V030,B15_SPEED_PATH,3,110,10,-3.2,2.39999999999963,0.800000000000044,0.38197186342049,symmetric nacelle actuator,0,0.983553350987364,MATCHED
B15_V030,B15_SPEED_PATH,3,111,11,-3.2,-2.39999999999963,0.800000000000044,0.38197186342049,symmetric nacelle actuator,0,0.983553350987364,MATCHED
B15_V030,B15_SPEED_PATH,3,112,12,-3.2,2.39999999999963,0.800000000000044,0.38197186342049,differential nacelle actuator,0,0.98607634966426,MATCHED
B15_V030,B15_SPEED_PATH,3,113,13,-3.2,-2.39999999999963,0.800000000000044,0.38197186342049,differential nacelle actuator,0,0.98607634966426,MATCHED
B45_V025,B45_SPEED_PATH,1,201,1,0,0,NaN,0,heading kinematic integrator,1,1,PATH_START_UNMATCHED
B45_V025,B45_SPEED_PATH,1,202,2,-1.8846316671546,0,1,0,roll-like,0,1,PATH_START_UNMATCHED
B45_V025,B45_SPEED_PATH,1,203,3,-0.0805374531093125,0.584320883987493,0.13654001813869,0.0929975570384354,dutch-roll-like,0,1,PATH_START_UNMATCHED
B45_V025,B45_SPEED_PATH,1,204,4,-0.0805374531093125,-0.584320883987493,0.13654001813869,0.0929975570384354,dutch-roll-like,0,1,PATH_START_UNMATCHED
B45_V025,B45_SPEED_PATH,1,205,5,-0.0259420781257023,0,1,0,spiral-like,0,1,PATH_START_UNMATCHED
B45_V025,B45_SPEED_PATH,1,206,6,-0.380398421040878,0.698341124943156,0.47835301355199,0.111144441999058,short-period-like,0,1,PATH_START_UNMATCHED
B45_V025,B45_SPEED_PATH,1,207,7,-0.380398421040878,-0.698341124943156,0.47835301355199,0.111144441999058,short-period-like,0,1,PATH_START_UNMATCHED
B45_V025,B45_SPEED_PATH,1,208,8,-0.137260723689657,0,1,0,longitudinal aperiodic,0,1,PATH_START_UNMATCHED
B45_V025,B45_SPEED_PATH,1,209,9,0.207617820520625,0,-1,0,longitudinal aperiodic,0,1,PATH_START_UNMATCHED
B45_V025,B45_SPEED_PATH,1,210,10,-3.2,2.39999999999963,0.800000000000044,0.38197186342049,symmetric nacelle actuator,0,1,PATH_START_UNMATCHED
B45_V025,B45_SPEED_PATH,1,211,11,-3.2,-2.39999999999963,0.800000000000044,0.38197186342049,symmetric nacelle actuator,0,1,PATH_START_UNMATCHED
B45_V025,B45_SPEED_PATH,1,212,12,-3.2,2.39999999999963,0.800000000000044,0.38197186342049,differential nacelle actuator,0,1,PATH_START_UNMATCHED
B45_V025,B45_SPEED_PATH,1,213,13,-3.2,-2.39999999999963,0.800000000000044,0.38197186342049,differential nacelle actuator,0,1,PATH_START_UNMATCHED
B45_V035,B45_SPEED_PATH,2,201,1,0,0,NaN,0,heading kinematic integrator,1,1,RESERVED_HEADING_INTEGRATOR
B45_V035,B45_SPEED_PATH,2,202,2,-2.02076256047343,0,1,0,roll-like,0,0.92414749190596,MATCHED
B45_V035,B45_SPEED_PATH,2,203,3,-0.0835719264873784,0.771942446478788,0.107632936369401,0.12285845613955,dutch-roll-like,0,0.931703156192184,MATCHED
B45_V035,B45_SPEED_PATH,2,204,4,-0.0835719264873784,-0.771942446478788,0.107632936369401,0.12285845613955,dutch-roll-like,0,0.931703156192184,MATCHED
B45_V035,B45_SPEED_PATH,2,206,5,-0.466884312172122,1.09948933963842,0.39085794047273,0.174989163280298,short-period-like,0,0.844962773780412,MATCHED
B45_V035,B45_SPEED_PATH,2,207,6,-0.466884312172122,-1.09948933963842,0.39085794047273,0.174989163280298,short-period-like,0,0.844962773780412,MATCHED
B45_V035,B45_SPEED_PATH,2,205,7,-0.072799223042436,0,1,0,spiral-like,0,0.943510777936446,MATCHED
B45_V035,B45_SPEED_PATH,2,209,8,0.039932434259331,0,-1,0,longitudinal aperiodic,0,0.908089078468418,MATCHED
B45_V035,B45_SPEED_PATH,2,208,9,-0.073606381763301,0,1,0,longitudinal aperiodic,0,0.943230403622659,MATCHED
B45_V035,B45_SPEED_PATH,2,210,10,-3.2,2.39999999999963,0.800000000000044,0.38197186342049,symmetric nacelle actuator,0,0.987299626566344,MATCHED
B45_V035,B45_SPEED_PATH,2,211,11,-3.2,-2.39999999999963,0.800000000000044,0.38197186342049,symmetric nacelle actuator,0,0.987299626566344,MATCHED
B45_V035,B45_SPEED_PATH,2,212,12,-3.2,2.39999999999963,0.800000000000044,0.38197186342049,differential nacelle actuator,0,0.99804679767514,MATCHED
B45_V035,B45_SPEED_PATH,2,213,13,-3.2,-2.39999999999963,0.800000000000044,0.38197186342049,differential nacelle actuator,0,0.99804679767514,MATCHED
B45_V045,B45_SPEED_PATH,3,201,1,0,0,NaN,0,heading kinematic integrator,1,1,RESERVED_HEADING_INTEGRATOR
B45_V045,B45_SPEED_PATH,3,202,2,-2.23360157285639,0,1,0,roll-like,0,0.899852809468067,MATCHED
B45_V045,B45_SPEED_PATH,3,203,3,-0.0951384892176105,0.964168848805807,0.0981972013619779,0.153452238262666,dutch-roll-like,0,0.930606169437239,MATCHED
B45_V045,B45_SPEED_PATH,3,204,4,-0.0951384892176105,-0.964168848805807,0.0981972013619779,0.153452238262666,dutch-roll-like,0,0.930606169437239,MATCHED
B45_V045,B45_SPEED_PATH,3,205,5,-0.0845647571160807,0,1,0,spiral-like,0,0.980432321734238,MATCHED
B45_V045,B45_SPEED_PATH,3,206,6,-0.590191996323078,1.5238800721962,0.361155314915163,0.24253304616926,short-period-like,0,0.872968604186693,MATCHED
B45_V045,B45_SPEED_PATH,3,207,7,-0.590191996323078,-1.5238800721962,0.361155314915163,0.24253304616926,short-period-like,0,0.872968604186693,MATCHED
B45_V045,B45_SPEED_PATH,3,209,8,-0.0424118788244221,0.0459001313249838,0.678647437354997,0.00730523278893832,long-period-like,0,0.917553999863385,MATCHED
B45_V045,B45_SPEED_PATH,3,208,9,-0.0424118788244221,-0.0459001313249838,0.678647437354997,0.00730523278893832,long-period-like,0,0.925902812952527,MATCHED
B45_V045,B45_SPEED_PATH,3,210,10,-3.2,2.39999999999963,0.800000000000044,0.38197186342049,symmetric nacelle actuator,0,0.987028490368967,MATCHED
B45_V045,B45_SPEED_PATH,3,211,11,-3.2,-2.39999999999963,0.800000000000044,0.38197186342049,symmetric nacelle actuator,0,0.987028490368967,MATCHED
B45_V045,B45_SPEED_PATH,3,212,12,-3.2,2.39999999999963,0.800000000000044,0.38197186342049,differential nacelle actuator,0,0.977929440748564,MATCHED
B45_V045,B45_SPEED_PATH,3,213,13,-3.2,-2.39999999999963,0.800000000000044,0.38197186342049,differential nacelle actuator,0,0.977929440748564,MATCHED
B75_V080,B75_SPEED_PATH,1,301,1,0,0,NaN,0,heading kinematic integrator,1,1,PATH_START_UNMATCHED
B75_V080,B75_SPEED_PATH,1,302,2,-0.545327250073881,1.60140329689517,0.322353151494113,0.254871250584525,dutch-roll-like,0,1,PATH_START_UNMATCHED
B75_V080,B75_SPEED_PATH,1,303,3,-0.545327250073881,-1.60140329689517,0.322353151494113,0.254871250584525,dutch-roll-like,0,1,PATH_START_UNMATCHED
B75_V080,B75_SPEED_PATH,1,304,4,-1.67586321484035,0,1,0,roll-like,0,1,PATH_START_UNMATCHED
B75_V080,B75_SPEED_PATH,1,305,5,-0.0833895826988076,0,1,0,spiral-like,0,1,PATH_START_UNMATCHED
B75_V080,B75_SPEED_PATH,1,306,6,-1.00563442109611,3.05576637333406,0.312601281226699,0.486340323250109,short-period-like,0,1,PATH_START_UNMATCHED
B75_V080,B75_SPEED_PATH,1,307,7,-1.00563442109611,-3.05576637333406,0.312601281226699,0.486340323250109,short-period-like,0,1,PATH_START_UNMATCHED
B75_V080,B75_SPEED_PATH,1,308,8,-0.272694649420986,0,1,0,longitudinal aperiodic,0,1,PATH_START_UNMATCHED
B75_V080,B75_SPEED_PATH,1,309,9,-0.077933444245873,0,1,0,longitudinal aperiodic,0,1,PATH_START_UNMATCHED
B75_V080,B75_SPEED_PATH,1,310,10,-3.2,2.39999999999963,0.800000000000044,0.38197186342049,symmetric nacelle actuator,0,1,PATH_START_UNMATCHED
B75_V080,B75_SPEED_PATH,1,311,11,-3.2,-2.39999999999963,0.800000000000044,0.38197186342049,symmetric nacelle actuator,0,1,PATH_START_UNMATCHED
B75_V080,B75_SPEED_PATH,1,312,12,-3.2,2.39999999999963,0.800000000000044,0.38197186342049,differential nacelle actuator,0,1,PATH_START_UNMATCHED
B75_V080,B75_SPEED_PATH,1,313,13,-3.2,-2.39999999999963,0.800000000000044,0.38197186342049,differential nacelle actuator,0,1,PATH_START_UNMATCHED
