time,u,v,w,p,q,r,phi,theta,psi,betaML,betaMR,betaMLdot,betaMRdot,betaSym,betaDiff,lateralForceN,rollMomentNm,yawMomentNm,limitActive
0,32.5081027705783,0,12.9700907574897,0,0,0,0,0.37962696762878,0,0.785398163397448,0.785398163397448,0,0,0.785398163397448,0,-2.27373675443232e-13,0,0,0
0.1,32.5081027706178,-9.32999895422059e-19,12.9700907574957,-1.23340115696652e-16,2.16026496867919e-11,-1.03496105737255e-17,0,0.379626967629885,0,0.785398163397448,0.785398163397448,0,0,0.785398163397448,0,5.08123686332786e-13,1.45814244955317e-11,-6.35212469326791e-12,0
0.2,32.508102770629,-6.01195973096944e-17,12.9700907575672,-8.25528390876189e-17,4.20021696531237e-11,-1.67495966985254e-17,-8.92601114406575e-18,0.379626967633095,-1.80097819560791e-18,0.785398163397448,0.785398163397448,0,0,0.785398163397448,0,7.81022511720988e-13,-5.81859238870632e-11,-7.2789219196312e-12,0
0.3,32.5081027706134,-2.91613448883592e-16,12.9700907576973,-2.46916785559228e-16,6.10347793631027e-11,-3.59797466170288e-17,-3.4718913255152e-17,0.379626967638281,-4.79785115729522e-18,0.785398163397448,0.785398163397448,0,0,0.785398163397448,0,-1.83927850118596e-12,2.91751054708731e-11,7.14991762839353e-12,0
0.4,32.5081027705727,-4.5456380093104e-16,12.9700907578787,-2.4732399656202e-16,7.85700327327726e-11,-5.27781543307478e-17,-5.22135908351379e-17,0.379626967645298,-7.65117778697536e-18,0.785398163397448,0.785398163397448,0,0,0.785398163397448,0,-3.13014897382231e-12,1.64502270366345e-11,-1.87643648709851e-13,0
0.5,32.5081027705086,-6.13126468640353e-16,12.9700907581043,-3.2487816299276e-16,9.45096389440262e-11,-7.9162593781606e-17,-7.4394114125324e-17,0.379626967653992,-1.32668679403204e-17,0.785398163397448,0.785398163397448,0,0,0.785398163397448,0,-3.66041957118566e-12,1.00824628057233e-13,6.80153153407595e-13,0
0.6,32.508102770423,-8.65559286512059e-16,12.9700907583666,-3.65506138866425e-16,1.0878592999467e-10,-8.56696625152439e-17,-1.0997793897672e-16,0.379626967664198,-2.17073942649586e-17,0.785398163397448,0.785398163397448,0,0,0.785398163397448,0,-6.1755259426501e-12,2.92325504337632e-11,8.69780598684084e-12,0
0.7,32.5081027703178,-1.09637923175993e-15,12.9700907586587,-2.00089452707773e-16,1.21359964593114e-10,-6.55667956305309e-17,-1.41220820295084e-16,0.379626967675748,-2.9723673359265e-17,0.785398163397448,0.785398163397448,0,0,0.785398163397448,0,-7.42738383996419e-12,1.10154085117932e-13,6.67615435809565e-12,0
0.8,32.5081027701948,-1.29438867497071e-15,12.9700907589736,-7.57015567946079e-17,1.32219584871221e-10,-4.65552255272554e-17,-1.63482549639163e-16,0.379626967688469,-3.59774340198687e-17,0.785398163397448,0.785398163397448,0,0,0.785398163397448,0,-7.91888603266229e-12,1.4648221406036e-11,2.10432952947151e-11,0
0.9,32.5081027700559,-1.40864731019324e-15,12.9700907593047,-3.31658408898517e-17,1.41377137592492e-10,-2.33484274177038e-17,-1.67708136332381e-16,0.379626967702192,-3.83731730832423e-17,0.785398163397448,0.785398163397448,0,0,0.785398163397448,0,-9.04973036309614e-12,-1.44531978691564e-11,-2.27622000878205e-11,0
1,32.5081027699029,-1.49646602854856e-15,12.9700907596459,-7.43788920019617e-17,0.000442119794493608,-4.23838076982084e-17,-1.77188445740116e-16,0.379626967716745,-4.37098268178934e-17,0.785398163397448,0.785398163397448,0.0261799387799149,0.0261799387799149,0.785398163397448,0,-8.91416124525776e-12,2.92138079516841e-11,-9.39731459795409e-13,1
1.1,32.5070884907612,-1.52019399673556e-15,12.974262092794,6.57447917255626e-18,0.00123455867050723,-7.56737766974798e-17,-1.78082519199923e-16,0.379714269132868,-4.82450655620586e-17,0.790634151153431,0.790634151153431,0.0785398163397448,0.0785398163397448,0.790634151153431,0,-8.29372581363863e-12,1.46387509466579e-11,-8.12534724606481e-12,1
1.2,32.5058597083688,-1.34854258625801e-15,12.9886300198954,2.15465819315754e-17,0.00148834100743494,-9.34319376727265e-17,-1.76707137820118e-16,0.379869079806355,-5.73231929308841e-17,0.801106126665397,0.801106126665397,0.130899693899575,0.106465084371654,0.801106126665397,0,-9.84298696601175e-12,-1.44856799325671e-11,-1.52234887229693e-11,1
1.3,32.5057568567399,-1.84239688489391e-05,13.0151804794986,-0.00101023194926394,0.00093563830286948,1.79680358938739e-05,-1.83161974944011e-16,0.380014842982182,-6.93264190232797e-17,0.816814089933346,0.812792851336751,0.170867733770245,0.109598299444834,0.814803470635049,-0.00201061929829749,-3.33347001187262,-561.320190343728,69.9954610670248,0
1.4,32.5080785761216,-0.00374655449562797,13.0528996031235,-0.00641393328555621,-0.000544761019053112,0.000195665448509956,-0.000256132233088777,0.380059322931944,7.33487005273755e-06,0.835293286987612,0.823720098078495,0.180034063375379,0.100465503618564,0.829506692533053,-0.00578659445455837,-20.0559991727355,-1503.85409423677,226.673488565648,1
1.5,32.5139935535204,-0.0194926852937011,13.0983642359774,-0.0174036347570187,-0.00284223075581011,0.000694192178976286,-0.00130526122205835,0.379910230946309,4.77263558987678e-05,0.853045787305157,0.833261728514628,0.16151647957747,0.0867731601609784,0.843153757909893,-0.00989202939526446,-71.2369546942122,-2372.79479466431,438.39025121573,0
1.6,32.5244316949949,-0.0564060001157692,13.1470788459152,-0.0326710419843202,-0.00574765933906071,0.00162943879682037,-0.00366934234575202,0.379496097147757,0.000163545083616931,0.86785964572587,0.841273257282246,0.126655412803917,0.0723744901651227,0.854566451504058,-0.0132931942218122,-178.170710452492,-2915.12995450293,670.561019724982,1
1.7,32.5401383112489,-0.121650799277793,13.1944894472912,-0.0499178167138945,-0.00905476613189146,0.00305633071032534,-0.00766428240284971,0.378767349325814,0.000408238793931624,0.878629787997495,0.847837538228686,0.0854384360358259,0.0590450485671077,0.863233663113091,-0.0153961248844044,-353.278218052872,-3035.72800284108,892.707599228242,0
1.8,32.5616556974666,-0.219233422162092,13.2364718310955,-0.066675592314781,-0.0125779444003939,0.00496037389670286,-0.0133478962043279,0.37769549394206,0.000839887667960518,0.885158526792406,0.853130227969923,0.0455556422907507,0.0474691153884252,0.869144377381164,-0.0160141494112419,-597.68113360734,-2756.0844206785,1074.96184595119,0
1.9,32.5892819235633,-0.349708554771547,13.2696551329234,-0.0808515945225469,-0.0161607038136487,0.00725195659555287,-0.0205389355458851,0.376270828757424,0.00151305896589965,0.887894577396629,0.857351250273854,0.012071167459904,0.0377816267263442,0.872622913835241,-0.0152716635613874,-902.096447803689,-2168.79950240714,1189.49175867741,0
2,32.6230479846931,-0.510493306534709,13.2916430915882,-0.091018550284233,-0.019677369374375,0.00977325558972246,-0.0288780963736224,0.374499238647046,0.00246987589740304,0.887666017016384,0.860692091428394,-0.0124396308071485,0.0298610955855809,0.874179054222389,-0.0134869627939949,-1249.67219674985,-1398.22499852407,1215.55513766745,0
2.1,32.6627352510602,-0.696562254971484,13.3011405733993,-0.0964999975684169,-0.0230312678437277,0.0123201838762704,-0.0379063368890861,0.372398435734884,0.00373231564768932,0.88544585600866,0.863322115546688,-0.0274541063455215,0.0234840510077789,0.874383985777674,-0.0110618702309859,-1619.58319075943,-570.402700689433,1144.2932688635,0
2.2,32.7079329003859,-0.901331299901698,13.2979648608581,-0.0973086709428682,-0.0261517817302022,0.0146739282848839,-0.0471419484508697,0.369993993900098,0.00529761563968627,0.882172120887407,0.865384623239162,-0.0339222994197634,0.0184032759541503,0.873778372063285,-0.00839374882412286,-1990.51415540903,207.460414504515,980.471632544094,1
2.3,32.7581194213923,-1.11756394418674,13.2829290037354,-0.0939932700258363,-0.0289913823469754,0.0166330819492099,-0.0561440886529466,0.367315591995023,0.00713767957552733,0.878629892743767,0.866997606913234,-0.0336684859734667,0.0143847619587836,0.872813749828501,-0.0058161429152665,-2343.47303003169,858.601373415222,740.58139691779,0
2.4,32.8127468289904,-1.33816556389254,13.2576140835963,-0.087443318558549,-0.0315227383128684,0.0180384950228372,-0.0645563139113924,0.364393876597971,0.00920219544441172,0.875391855554215,0.868256515109641,-0.0288625000077647,0.0112228194079939,0.871824185331928,-0.0035676702222871,-2663.6593287922,1340.47316754451,448.443430613694,0
2.5,32.8713096487048,-1.55677644962165,13.2240766029032,-0.0786933915018542,-0.0337355678769344,0.0187867529733254,-0.0721286300502756,0.361258227468488,0.0114243251062012,0.872806952189014,0.86923764186749,-0.0216114151837012,0.0087440558063165,0.871022297028252,-0.00178465516076198,-2941.34308977155,1642.28664583513,130.10690405524,0
2.6,32.933388947101,-1.76812732135055,13.1845503737744,-0.068756715520605,-0.0356330180063672,0.0188322504942239,-0.0787203436092667,0.357935501806019,0.0137275092728755,0.871023430048603,0.870001467723018,-0.0136895441704831,0.0068060384206467,0.87051244888581,-0.000510981162792412,-3171.87694704029,1778.37872761828,-190.45377534979,0
2.7,32.9986702810966,-1.96816953487426,13.1411953599715,-0.0585053503470037,-0.0372277133601276,0.0181805767062241,-0.0842883254456895,0.354449634050709,0.0160320848489971,0.870032183102508,0.870595658536506,-0.00639997811320456,0.00529372942693575,0.870313920819507,0.000281737716998909,-3355.06227202765,1779.592402502,-494.074877574341,0
2.8,33.0669404871757,-2.15402601569713,13.0959251842361,-0.0486020019625411,-0.0385379105595653,0.0168769334830889,-0.0888662215545331,0.350821842509656,0.0182608244794979,0.869717980328798,0.871057624781267,-0.000544941247340816,0.00411527605593717,0.870387802555033,0.000669822226234573,-3494.12519151288,1684.5938681297,-767.51106148814,0
2.9,33.1380708727344,-2.32382423524221,13.050320658941,-0.0394789387855775,-0.039584257596898,0.0149929768968927,-0.0925399221633629,0.347071160957662,0.0203429696421255,0.869909026799985,0.871416640337671,0.00352551982555871,0.00319791902054064,0.870662833568828,0.000753806768843013,-3594.54336794948,1532.51170290388,-1003.28340341152,0
3,33.211994255836,-2.47647170629991,13.0056171526334,-0.031353488000873,-0.0403875103564393,0.0126144937968334,-0.0954236146013367,0.343215052235646,0.022216703979075,0.870418567361456,0.871695562655581,0.0058180909337084,0.00248434615648097,0.871057065008518,0.000638497647062808,-3662.91760336244,1357.64548373533,-1198.76658859366,0
3.1,33.2886816423297,-2.61142328947839,12.9627428397646,-0.0242671722912146,-0.0409673097879839,0.0098312713719754,-0.0976393973775766,0.339269936188587,0.0238302550776394,0.871075335508876,0.871912211107671,0.00658197214543159,0.00192959343210765,0.871493773308273,0.000418437799397153,-3706.0209112798,1186.4181175533,-1354.95034938604,0
3.2,33.3681222055532,-2.72847412390589,12.9223827136737,-0.0181359828622988,-0.0413418902795034,0.00672968412724217,-0.0993020535332536,0.33525154446776,0.0251419314311803,0.871742200463865,0.872080461531028,0.00619756531709998,0.0014984860551831,0.871911330997447,0.000169130533581696,-3730.09554166046,1036.33095995528,-1475.17445413449,0
3.3,33.4503083029274,-2.82759674449724,12.8850471110505,-0.0128015429906331,-0.0415284414005936,0.00338797645876397,-0.100509395790771,0.331175080545935,0.0261194311913265,0.872324194862531,0.872211109907409,0.00508246110981356,0.00116356460443258,0.87226765238497,-5.6542477560817e-05,-3740.41489955683,916.447787078024,-1564.00859502283,0
3.4,33.5352258048488,-2.90882845229571,12.8511302733356,-0.00807599828816294,-0.0415437973415693,-0.000126092019707849,-0.101337721067626,0.327055207630428,0.0267387349506412,0.872768191164306,0.872312550812438,0.00362216735005091,0.000903425215434334,0.872540370988372,-0.000227820175934201,-3741.08739401901,828.85894131269,-1626.35800039566,0
3.5,33.6228490699426,-2.97220616080591,12.820951609178,-0.00377659957694106,-0.0414051614449844,-0.00375572441350805,-0.101841375343515,0.322905910877147,0.0269828415314988,0.873056923673639,0.87239130863928,0.00212725266102184,0.000701402617548696,0.87272411615646,-0.000332807517179401,-3735.05442680112,770.61421900761,-1666.82026303595,0
3.6,33.7131394160215,-3.01774063143432,12.7947782564659,0.000251371551216277,-0.0411306537444347,-0.00745422719047144,-0.102055198592689,0.318740287958554,0.0268405400361923,0.873199974577725,0.872452452574494,0.000814412911071877,0.000544531550881094,0.87282621357611,-0.000373761001615569,-3724.22381313976,735.713906756802,-1689.28590480707,1
3.7,33.8060458107582,-3.04541962917428,12.7728316091211,0.00412268416309981,-0.0407395653816894,-0.0111833394928503,-0.101998627084082,0.314570318892361,0.0263053439022575,0.873223928549988,0.872499920215157,-0.000193532150857512,0.000422731265249405,0.872861924382573,-0.000362004167415608,-3709.68016079417,716.872470162431,-1696.75401914985,0
3.8,33.9015066344552,-3.05522931811594,12.7552826376943,0.00790932918563301,-0.0402522918688275,-0.0149112149401785,-0.101680398982343,0.310406656650459,0.0253746508715279,0.873163314709392,0.872536769628572,-0.000854723837160143,0.000328167177193517,0.872850042168982,-0.000313272540410192,-3691.92167243946,706.891868376167,-1691.32022144329,0
3.9,33.9994516455603,-3.04718443901202,12.742241408563,0.0116442592073646,-0.0396899841931527,-0.018610423820176,-0.101103064664281,0.306258467879237,0.0240491419009289,0.873053332257767,0.872565375499982,-0.00118831104389979,0.000254752324356503,0.872809353878874,-0.000243978378892395,-3671.08504776026,699.585607614009,-1674.28646853574,0
4,34.0998036137043,-3.02135982776321,12.7337456521711,0.0153291003282548,-0.039073998000865,-0.0222562303222366,-0.100266783731808,0.302133340498483,0.0223323952097476,0.872924794251319,0.872587581669921,-0.00125243935413838,0.000197758638440905,0.87275618796062,-0.000168606290699091,-3647.13369382774,690.273090048854,-1646.34153851092,0
4.1,34.2024793972951,-2.97791812980095,12.7297520207018,0.0189435388406707,-0.0384252377239049,-0.0258252848291104,-0.0991721510056176,0.298037263632874,0.0202306696135235,0.872801280763947,0.872604819699853,-0.00112386485791571,0.000153514207552791,0.8727030502319,-9.82305320471055e-05,-3619.99714462759,675.916269631016,-1607.76562768266,0
4.2,34.3073904961997,-2.91713075593418,12.7301322119894,0.022454575781442,-0.0377634893529383,-0.0292947786190497,-0.0978220045738984,0.293974676289473,0.0177528028912167,0.872698191464255,0.872618200999261,-0.00088148181724405,0.000119167711858073,0.872658196231758,-3.99952324973141e-05,-3589.65950382874,654.987899105762,-1558.6289429067,0
4.3,34.4144432549356,-2.83939098381231,12.7346747519427,0.0258244604022107,-0.0371068185142136,-0.0326420254228155,-0.0962223229646099,0.28994857472322,0.0149101716018253,0.872623224717874,0.872628588390957,-0.000594787732236864,9.25052446278016e-05,0.872625906554416,2.68183654150711e-06,-3556.20312361196,627.186954696966,-1498.95101038293,0
4.4,34.5235389492198,-2.74521947451583,12.7430921371865,0.0290166667806266,-0.0364710867705869,-0.035844391394338,-0.0943824004726118,0.285960664990646,0.0117166690967858,0.872577764226174,0.872636651693153,-0.00031730489667215,7.18079356671417e-05,0.872607207959663,2.94437334895092e-05,-3519.81654333213,593.077380842872,-1428.82046542914,0
4.5,34.6345739972532,-2.63526335970067,12.7550322773455,0.0319997432076965,-0.0358696137252747,-0.0388794759623481,-0.0923145277892215,0.282011545835522,0.00818866910587796,0.872558694166326,0.872642910881871,-8.42894559006667e-05,5.57413265116376e-05,0.872600802524099,4.21083577725745e-05,-3480.77852798685,553.731235058316,-1348.46705811234,0
4.6,34.7474404709996,-2.51029048516793,12.7700928320429,0.0347492181184281,-0.0353129900340659,-0.0417254423099863,-0.0900333948139144,0.278100907749035,0.00434495541812765,0.872560256977409,0.872647769605379,8.63185100136744e-05,4.3269437988859e-05,0.872604013291394,4.37563139850106e-05,-3439.42888392295,510.42049893605,-1258.29440636425,1
4.7,34.8620270025251,-2.3711804690023,12.7878369964633,0.0372479433615188,-0.0348090294414412,-0.0443614129393454,-0.0875553983223713,0.274227735890355,0.000206608932410378,0.872575684616811,0.872651541205249,0.000190863958975751,3.3588030948618e-05,0.87261361291103,3.7928294219336e-05,-3396.13515730964,464.383371270628,-1158.88272248434,0
4.8,34.9782201098794,-2.21891405919714,12.8078094597386,0.0394853562917744,-0.0343628375033765,-0.0467678622450048,-0.0848979894193706,0.27039050701256,-0.0042031483982579,0.872598450771875,0.872654468918336,0.0002359428925925,2.60727803773529e-05,0.872626459845105,2.80090732303062e-05,-3351.26213918532,416.676374979178,-1050.96864446502,0
4.9,35.095906681922,-2.05456178007363,12.8295507902239,0.0414546142226517,-0.0339769751038963,-0.0489274209901633,-0.0820791427049184,0.266587373175725,-0.00885914697232847,0.872623092107091,0.872656741560343,0.000234239014871783,2.02390344080325e-05,0.872639916833717,1.68247266261745e-05,-3305.12734521635,367.623951052987,-935.760611152231,0
5,35.2149745415763,-1.87927404476786,12.8526121378655,0.0431546421957205,-0.033651652640372,-0.0508240575486571,-0.0791172961002001,0.262816319516727,-0.0137345814761453,0.872645622417516,0.872658505701216,0.000200845000268867,1.57105708911793e-05,0.872652064059366,6.4416418497637e-06,-3258.0851432946,318.799731327562,-813.460668257432,0
